OrderID,CustomerID,CustomerName,City,State,Product,Category,Quantity,Price,Discount,Sales,Profit,OrderDate
ORD00001,CUST0488,Aarav Jogi,Ahmedabad,Gujarat,Monitor,Electronics,1,681,10,681,106.92,2025-01-20
ORD00002,CUST0546,Priya Yadav,Bangalore,Karnataka,Headphones,Accessories,4,21952,20,87808,16441.54,2025-11-27
ORD00003,CUST0308,Rohan Sharma,Pune,Maharashtra,USB Cable,Accessories,5,9361,10,46805,8272.05,2025-02-22
ORD00004,CUST0661,Meera Patel,Chennai,Tamil Nadu,Printer,Office,3,26337,20,79011,11493.24,2025-12-12
ORD00005,CUST0973,Diya Kumar,Chennai,Tamil Nadu,Headphones,Accessories,2,10774,15,21548,2518.41,2025-05-24
ORD00006,CUST0335,Rahul Jogi,Ahmedabad,Gujarat,Keyboard,Accessories,1,12660,5,12660,1523.66,2025-11-18
ORD00007,CUST0748,Kiran Yadav,Kolkata,West Bengal,Keyboard,Accessories,4,38861,5,155444,33214.74,2025-11-20
ORD00008,CUST0465,Arjun Naidu,Delhi,Delhi,USB Cable,Accessories,3,35542,15,106626,29005.17,2025-03-27
ORD00009,CUST0899,Shivani Naidu,Chennai,Tamil Nadu,Speaker,Electronics,1,42337,20,42337,5245.97,2025-10-01
ORD00010,CUST0767,Rohan Patel,Chennai,Tamil Nadu,Speaker,Electronics,1,15191,15,15191,4031.12,2025-11-08
ORD00011,CUST0201,Ananya Reddy,Bangalore,Karnataka,Mouse,Accessories,2,33429,10,66858,10997.02,2025-10-14
ORD00012,CUST0449,Arjun Singh,Bangalore,Karnataka,Printer,Office,1,21036,20,21036,4535.99,2025-08-25
ORD00013,CUST0536,Shivani Sharma,Delhi,Delhi,Speaker,Electronics,3,39177,20,117531,27655.87,2025-05-31
ORD00014,CUST0414,Diya Reddy,Kolkata,West Bengal,Speaker,Electronics,2,14048,20,28096,3384.87,2025-04-21
ORD00015,CUST0334,Priya Yadav,Kolkata,West Bengal,Printer,Office,3,31080,5,93240,9036.49,2025-04-26
ORD00016,CUST0839,Kiran Naidu,Pune,Maharashtra,Headphones,Accessories,2,30408,0,60816,11668.08,2025-03-23
ORD00017,CUST0329,Ananya Yadav,Chennai,Tamil Nadu,Monitor,Electronics,2,33787,10,67574,19444.53,2025-11-29
ORD00018,CUST0613,Shivani Gupta,Chennai,Tamil Nadu,Keyboard,Accessories,3,39519,15,118557,9889.4,2025-03-15
ORD00019,CUST0421,Diya Singh,Pune,Maharashtra,Tablet,Electronics,1,34075,5,34075,6174.92,2025-04-12
ORD00020,CUST0556,Arjun Patel,Kolkata,West Bengal,Mouse,Accessories,2,15585,10,31170,4266.75,2025-10-18
ORD00021,CUST0014,Sneha Reddy,Mumbai,Maharashtra,Speaker,Electronics,2,37360,20,74720,18584.52,2025-12-17
ORD00022,CUST0423,Kiran Gupta,Pune,Maharashtra,Keyboard,Accessories,4,10886,10,43544,9887.99,2025-03-29
ORD00023,CUST0645,Sneha Patel,Mumbai,Maharashtra,USB Cable,Accessories,2,27369,15,54738,15706.73,2025-11-01
ORD00024,CUST0847,Arjun Patel,Pune,Maharashtra,Tablet,Electronics,2,13078,0,26156,3500.52,2025-09-22
ORD00025,CUST0753,Rahul Patel,Kolkata,West Bengal,Laptop,Electronics,4,37972,5,151888,31110.57,2025-02-27
ORD00026,CUST0132,Arjun Kumar,Delhi,Delhi,Speaker,Electronics,2,45352,15,90704,24543.3,2025-09-12
ORD00027,CUST0859,Vivaan Reddy,Delhi,Delhi,Speaker,Electronics,4,33257,5,133028,14342.18,2025-03-30
ORD00028,CUST0805,Ananya Gupta,Chennai,Tamil Nadu,Webcam,Accessories,2,32284,5,64568,9445.13,2025-10-30
ORD00029,CUST0200,Shivani Naidu,Mumbai,Maharashtra,Monitor,Electronics,4,39791,0,159164,43174.98,2025-08-22
ORD00030,CUST0664,Arjun Naidu,Pune,Maharashtra,Headphones,Accessories,4,32226,5,128904,28454.08,2025-06-09
ORD00031,CUST0735,Aditya Sharma,Delhi,Delhi,Monitor,Electronics,2,6431,20,12862,1579.21,2025-06-03
ORD00032,CUST0621,Rohan Yadav,Delhi,Delhi,Headphones,Accessories,4,42333,0,169332,37061.75,2025-10-31
ORD00033,CUST0572,Priya Verma,Mumbai,Maharashtra,Headphones,Accessories,2,45199,0,90398,23714.54,2025-12-23
ORD00034,CUST0493,Diya Jogi,Chennai,Tamil Nadu,Keyboard,Accessories,3,24560,5,73680,6829.72,2025-08-24
ORD00035,CUST0963,Aarav Naidu,Hyderabad,Telangana,Printer,Office,2,3675,15,7350,1059.67,2025-01-22
ORD00036,CUST0013,Vihaan Kumar,Delhi,Delhi,USB Cable,Accessories,5,45131,0,225655,62460.81,2025-05-12
ORD00037,CUST0821,Ananya Verma,Kolkata,West Bengal,Monitor,Electronics,4,49047,0,196188,42415.93,2025-09-07
ORD00038,CUST0119,Rahul Naidu,Chennai,Tamil Nadu,Mouse,Accessories,2,33896,0,67792,8645.17,2025-03-08
ORD00039,CUST0175,Rahul Kumar,Ahmedabad,Gujarat,Monitor,Electronics,3,31112,20,93336,8467.71,2025-05-19
ORD00040,CUST0335,Rahul Jogi,Ahmedabad,Gujarat,Monitor,Electronics,3,4919,10,14757,2101.23,2025-06-02
ORD00041,CUST0731,Ananya Patel,Ahmedabad,Gujarat,Headphones,Accessories,4,5570,20,22280,6651.08,2025-01-28
ORD00042,CUST0870,Aarav Patel,Chennai,Tamil Nadu,Keyboard,Accessories,1,26224,10,26224,2246.06,2025-07-29
ORD00043,CUST0388,Rohan Naidu,Mumbai,Maharashtra,Laptop,Electronics,4,5157,5,20628,3040.47,2025-09-23
ORD00044,CUST0306,Kiran Sharma,Pune,Maharashtra,Mouse,Accessories,2,43393,10,86786,16321.29,2025-06-26
ORD00045,CUST0199,Sai Yadav,Kolkata,West Bengal,Printer,Office,5,49367,5,246835,23519.03,2025-06-12
ORD00046,CUST0437,Meera Gupta,Delhi,Delhi,Laptop,Electronics,4,3576,20,14304,2452.66,2025-08-05
ORD00047,CUST0325,Meera Singh,Hyderabad,Telangana,USB Cable,Accessories,1,11678,20,11678,1612.33,2025-01-14
ORD00048,CUST0678,Sai Singh,Bangalore,Karnataka,Tablet,Electronics,3,13004,15,39012,7503.89,2025-05-07
ORD00049,CUST0814,Rohan Gupta,Kolkata,West Bengal,Tablet,Electronics,2,6272,10,12544,2399.41,2025-03-08
ORD00050,CUST0711,Sai Singh,Delhi,Delhi,Printer,Office,1,8202,15,8202,2320.59,2025-02-28
ORD00051,CUST0361,Arjun Kumar,Hyderabad,Telangana,Speaker,Electronics,4,45366,0,181464,33499.42,2025-12-05
ORD00052,CUST0118,Kiran Kumar,Pune,Maharashtra,Printer,Office,2,6091,10,12182,2978.82,2025-01-23
ORD00053,CUST0749,Sai Jogi,Ahmedabad,Gujarat,USB Cable,Accessories,4,47540,20,190160,16588.01,2025-02-22
ORD00054,CUST0348,Diya Yadav,Delhi,Delhi,Keyboard,Accessories,1,11086,0,11086,1969.59,2025-03-28
ORD00055,CUST0255,Aditya Reddy,Pune,Maharashtra,Monitor,Electronics,5,7494,15,37470,7585.56,2025-09-24
ORD00056,CUST0123,Rohan Reddy,Hyderabad,Telangana,Mouse,Accessories,3,13563,15,40689,5693.28,2025-05-22
ORD00057,CUST0295,Aditya Yadav,Delhi,Delhi,Tablet,Electronics,3,9762,15,29286,8452.76,2025-09-19
ORD00058,CUST0402,Sneha Yadav,Mumbai,Maharashtra,Headphones,Accessories,5,28495,10,142475,25730.86,2025-08-23
ORD00059,CUST0338,Aarav Kumar,Chennai,Tamil Nadu,Headphones,Accessories,4,48901,0,195604,17686.73,2025-01-22
ORD00060,CUST0975,Sai Reddy,Kolkata,West Bengal,Tablet,Electronics,5,8253,0,41265,5575.58,2025-02-13
ORD00061,CUST0763,Vihaan Patel,Delhi,Delhi,Keyboard,Accessories,2,39064,20,78128,12365.26,2025-09-16
ORD00062,CUST0854,Rohan Jogi,Ahmedabad,Gujarat,USB Cable,Accessories,1,47873,0,47873,11410.77,2025-09-27
ORD00063,CUST0604,Vihaan Patel,Chennai,Tamil Nadu,Laptop,Electronics,2,4941,0,9882,2266.18,2025-02-28
ORD00064,CUST0822,Rohan Singh,Kolkata,West Bengal,Keyboard,Accessories,5,41553,5,207765,38607.47,2025-04-26
ORD00065,CUST0727,Aarav Patel,Hyderabad,Telangana,Monitor,Electronics,1,28269,20,28269,3387.78,2025-06-20
ORD00066,CUST0886,Arjun Kumar,Mumbai,Maharashtra,Keyboard,Accessories,1,38256,15,38256,5062.31,2025-09-16
ORD00067,CUST0066,Sai Kumar,Pune,Maharashtra,USB Cable,Accessories,3,14439,15,43317,7657.57,2025-11-24
ORD00068,CUST0657,Vivaan Patel,Mumbai,Maharashtra,Speaker,Electronics,2,1489,10,2978,345.87,2025-12-31
ORD00069,CUST0747,Rahul Jogi,Bangalore,Karnataka,USB Cable,Accessories,3,5054,10,15162,3376.47,2025-05-13
ORD00070,CUST0695,Arjun Jogi,Kolkata,West Bengal,USB Cable,Accessories,2,18650,5,37300,5824.65,2025-11-25
ORD00071,CUST0341,Ananya Naidu,Kolkata,West Bengal,Tablet,Electronics,1,46457,5,46457,13560.57,2025-11-29
ORD00072,CUST0071,Arjun Verma,Kolkata,West Bengal,Webcam,Accessories,1,29926,20,29926,4068.54,2025-05-08
ORD00073,CUST0588,Sneha Verma,Chennai,Tamil Nadu,Speaker,Electronics,3,43026,0,129078,33020.53,2025-01-15
ORD00074,CUST0969,Arjun Naidu,Kolkata,West Bengal,Speaker,Electronics,2,37029,20,74058,9260.22,2025-10-02
ORD00075,CUST0920,Rohan Kumar,Hyderabad,Telangana,USB Cable,Accessories,4,735,0,2940,532.03,2025-05-02
ORD00076,CUST0824,Sneha Naidu,Delhi,Delhi,Keyboard,Accessories,2,41659,5,83318,8790.25,2025-07-28
ORD00077,CUST0786,Rohan Yadav,Bangalore,Karnataka,USB Cable,Accessories,1,41088,20,41088,4000.55,2025-01-10
ORD00078,CUST0351,Sai Gupta,Bangalore,Karnataka,Webcam,Accessories,1,38645,20,38645,10040.34,2025-12-31
ORD00079,CUST0466,Meera Sharma,Delhi,Delhi,Monitor,Electronics,1,39513,20,39513,4175.15,2025-04-30
ORD00080,CUST0697,Aarav Yadav,Chennai,Tamil Nadu,USB Cable,Accessories,5,45351,10,226755,22218.57,2025-11-06
ORD00081,CUST0807,Aditya Yadav,Bangalore,Karnataka,Monitor,Electronics,5,19500,10,97500,14359.65,2025-03-17
ORD00082,CUST0819,Meera Singh,Pune,Maharashtra,Printer,Office,3,5254,5,15762,3807.62,2025-08-27
ORD00083,CUST0032,Aditya Kumar,Kolkata,West Bengal,Webcam,Accessories,3,49846,0,149538,37635.9,2025-11-02
ORD00084,CUST0987,Rohan Naidu,Chennai,Tamil Nadu,Mouse,Accessories,1,30942,10,30942,6472.08,2025-05-31
ORD00085,CUST0428,Kiran Reddy,Chennai,Tamil Nadu,Speaker,Electronics,5,43528,15,217640,53033.7,2025-06-18
ORD00086,CUST0311,Arjun Yadav,Mumbai,Maharashtra,Headphones,Accessories,4,514,15,2056,241.97,2025-05-09
ORD00087,CUST0214,Vivaan Singh,Bangalore,Karnataka,USB Cable,Accessories,5,3768,20,18840,4045.5,2025-07-11
ORD00088,CUST0329,Ananya Yadav,Chennai,Tamil Nadu,Headphones,Accessories,4,30491,10,121964,33096.86,2025-03-24
ORD00089,CUST0938,Priya Patel,Chennai,Tamil Nadu,Keyboard,Accessories,3,36320,10,108960,31706.49,2025-06-01
ORD00090,CUST0367,Shivani Gupta,Chennai,Tamil Nadu,Printer,Office,5,34119,20,170595,29160.02,2025-01-27
ORD00091,CUST0214,Vivaan Singh,Bangalore,Karnataka,Laptop,Electronics,2,38508,5,77016,7050.2,2025-06-23
ORD00092,CUST0570,Shivani Verma,Chennai,Tamil Nadu,USB Cable,Accessories,1,20639,0,20639,2181.72,2025-10-11
ORD00093,CUST0898,Diya Naidu,Pune,Maharashtra,Headphones,Accessories,5,43870,0,219350,61186.7,2025-01-18
ORD00094,CUST0014,Sneha Reddy,Mumbai,Maharashtra,Tablet,Electronics,4,30635,15,122540,36138.64,2025-03-19
ORD00095,CUST0605,Priya Gupta,Chennai,Tamil Nadu,Printer,Office,3,46678,15,140034,16768.89,2025-01-26
ORD00096,CUST0109,Meera Reddy,Hyderabad,Telangana,Monitor,Electronics,1,7894,5,7894,972.84,2025-09-09
ORD00097,CUST0935,Vivaan Sharma,Ahmedabad,Gujarat,Printer,Office,5,25411,0,127055,27049.26,2025-05-03
ORD00098,CUST0472,Sai Reddy,Chennai,Tamil Nadu,USB Cable,Accessories,3,21902,5,65706,19240.24,2025-05-16
ORD00099,CUST0258,Priya Patel,Bangalore,Karnataka,Monitor,Electronics,1,9202,5,9202,1473.18,2025-05-17
ORD00100,CUST0114,Priya Patel,Ahmedabad,Gujarat,Tablet,Electronics,3,36233,15,108699,15549.39,2025-05-04
ORD00101,CUST0492,Rohan Patel,Mumbai,Maharashtra,Printer,Office,5,44265,20,221325,44586.01,2025-09-04
ORD00102,CUST0653,Vivaan Verma,Hyderabad,Telangana,USB Cable,Accessories,3,38113,0,114339,22580.79,2025-11-19
ORD00103,CUST0595,Sai Naidu,Chennai,Tamil Nadu,Tablet,Electronics,3,32824,0,98472,17551.89,2025-03-12
ORD00104,CUST0456,Rohan Reddy,Delhi,Delhi,Printer,Office,1,9421,20,9421,963.05,2025-04-27
ORD00105,CUST0198,Aditya Reddy,Delhi,Delhi,Tablet,Electronics,3,26953,10,80859,8231.96,2025-05-30
ORD00106,CUST0557,Aditya Jogi,Mumbai,Maharashtra,Headphones,Accessories,2,19288,15,38576,3963.75,2025-05-04
ORD00107,CUST0330,Sneha Naidu,Chennai,Tamil Nadu,Webcam,Accessories,3,49243,20,147729,16264.2,2025-06-24
ORD00108,CUST0435,Kiran Sharma,Ahmedabad,Gujarat,Tablet,Electronics,5,26031,15,130155,32992.72,2025-09-14
ORD00109,CUST0281,Aarav Naidu,Kolkata,West Bengal,USB Cable,Accessories,3,33771,15,101313,29318.87,2025-04-17
ORD00110,CUST0825,Arjun Sharma,Pune,Maharashtra,Monitor,Electronics,1,3553,5,3553,824.53,2025-10-13
ORD00111,CUST0464,Rohan Sharma,Ahmedabad,Gujarat,Headphones,Accessories,4,21528,0,86112,23915.87,2025-06-29
ORD00112,CUST0555,Vihaan Sharma,Mumbai,Maharashtra,Webcam,Accessories,2,27424,10,54848,12514.71,2025-10-06
ORD00113,CUST0978,Meera Reddy,Delhi,Delhi,Keyboard,Accessories,4,11594,5,46376,10969.19,2025-02-23
ORD00114,CUST0221,Diya Reddy,Hyderabad,Telangana,Laptop,Electronics,5,3740,0,18700,2005.41,2025-10-25
ORD00115,CUST0611,Vihaan Reddy,Hyderabad,Telangana,Printer,Office,3,10455,0,31365,9311.87,2025-09-03
ORD00116,CUST0043,Shivani Naidu,Ahmedabad,Gujarat,Webcam,Accessories,1,42975,0,42975,8774.53,2025-01-28
ORD00117,CUST0127,Aarav Sharma,Ahmedabad,Gujarat,Speaker,Electronics,1,16245,10,16245,2199.36,2025-07-06
ORD00118,CUST0770,Aarav Singh,Pune,Maharashtra,Speaker,Electronics,5,42570,0,212850,20222.71,2025-09-05
ORD00119,CUST0244,Arjun Singh,Hyderabad,Telangana,Webcam,Accessories,5,42418,0,212090,40639.08,2025-06-22
ORD00120,CUST0093,Rohan Verma,Mumbai,Maharashtra,Printer,Office,1,18008,20,18008,5092.64,2025-07-12
ORD00121,CUST0175,Rahul Kumar,Ahmedabad,Gujarat,Mouse,Accessories,2,17308,15,34616,6429.02,2025-01-25
ORD00122,CUST0165,Priya Verma,Delhi,Delhi,Headphones,Accessories,3,39510,0,118530,35458.68,2025-11-18
ORD00123,CUST0869,Arjun Verma,Kolkata,West Bengal,Speaker,Electronics,5,24488,10,122440,14892.25,2025-01-31
ORD00124,CUST0426,Aarav Reddy,Hyderabad,Telangana,Tablet,Electronics,4,16010,5,64040,18186.34,2025-07-30
ORD00125,CUST0887,Meera Jogi,Mumbai,Maharashtra,Headphones,Accessories,2,24293,10,48586,8195.24,2025-04-27
ORD00126,CUST0006,Rahul Jogi,Delhi,Delhi,Keyboard,Accessories,1,8915,5,8915,1857.99,2025-07-02
ORD00127,CUST0933,Sai Naidu,Delhi,Delhi,Monitor,Electronics,2,34853,0,69706,9104.21,2025-07-08
ORD00128,CUST0486,Aarav Reddy,Hyderabad,Telangana,Laptop,Electronics,2,14505,15,29010,5880.93,2025-12-03
ORD00129,CUST0321,Rahul Jogi,Pune,Maharashtra,Mouse,Accessories,2,3157,10,6314,1887.54,2025-05-21
ORD00130,CUST0338,Aarav Kumar,Chennai,Tamil Nadu,Printer,Office,2,6596,15,13192,1740.05,2025-10-31
ORD00131,CUST0173,Vihaan Jogi,Pune,Maharashtra,Tablet,Electronics,2,43849,0,87698,13931.84,2025-06-26
ORD00132,CUST0995,Aditya Gupta,Chennai,Tamil Nadu,USB Cable,Accessories,5,1597,0,7985,1766.98,2025-09-19
ORD00133,CUST0423,Kiran Gupta,Pune,Maharashtra,Monitor,Electronics,3,8864,0,26592,7738.39,2025-05-18
ORD00134,CUST0836,Diya Reddy,Chennai,Tamil Nadu,Laptop,Electronics,5,2078,20,10390,2481.02,2025-05-16
ORD00135,CUST0125,Aditya Jogi,Mumbai,Maharashtra,Laptop,Electronics,3,44844,20,134532,12628.18,2025-01-10
ORD00136,CUST0615,Vihaan Reddy,Mumbai,Maharashtra,Headphones,Accessories,4,1673,10,6692,1225.1,2025-11-19
ORD00137,CUST0746,Ananya Yadav,Hyderabad,Telangana,Speaker,Electronics,4,24415,0,97660,14196.24,2025-06-29
ORD00138,CUST0144,Vihaan Jogi,Chennai,Tamil Nadu,USB Cable,Accessories,1,22673,15,22673,3821.48,2025-11-28
ORD00139,CUST0949,Meera Gupta,Kolkata,West Bengal,Mouse,Accessories,5,24783,20,123915,16136.84,2025-06-26
ORD00140,CUST0583,Kiran Sharma,Pune,Maharashtra,Laptop,Electronics,2,48060,10,96120,10824.97,2025-02-08
ORD00141,CUST0618,Vihaan Gupta,Pune,Maharashtra,Monitor,Electronics,1,5809,10,5809,821.5,2025-09-01
ORD00142,CUST0839,Kiran Naidu,Pune,Maharashtra,Mouse,Accessories,4,40467,10,161868,46714.79,2025-09-17
ORD00143,CUST0595,Sai Naidu,Chennai,Tamil Nadu,Mouse,Accessories,5,21660,0,108300,11239.1,2025-05-22
ORD00144,CUST0735,Aditya Sharma,Delhi,Delhi,Tablet,Electronics,3,12014,20,36042,8943.77,2025-06-07
ORD00145,CUST0985,Aarav Sharma,Hyderabad,Telangana,USB Cable,Accessories,2,8212,15,16424,4898.51,2025-02-25
ORD00146,CUST0762,Sneha Naidu,Bangalore,Karnataka,Tablet,Electronics,5,49309,10,246545,36089.61,2025-10-04
ORD00147,CUST0598,Rahul Patel,Kolkata,West Bengal,Tablet,Electronics,2,17678,15,35356,3389.72,2025-04-17
ORD00148,CUST0260,Aarav Patel,Hyderabad,Telangana,Mouse,Accessories,5,30160,10,150800,24622.09,2025-11-15
ORD00149,CUST0943,Ananya Gupta,Kolkata,West Bengal,Headphones,Accessories,5,4854,20,24270,6593.51,2025-06-15
ORD00150,CUST0636,Diya Reddy,Bangalore,Karnataka,Tablet,Electronics,3,21057,20,63171,15815.42,2025-12-02
ORD00151,CUST0603,Vivaan Gupta,Chennai,Tamil Nadu,Mouse,Accessories,1,780,10,780,212.35,2025-08-19
ORD00152,CUST0142,Diya Gupta,Delhi,Delhi,Printer,Office,3,49772,20,149316,16825.77,2025-10-04
ORD00153,CUST0349,Aarav Reddy,Mumbai,Maharashtra,Tablet,Electronics,3,47619,5,142857,40263.19,2025-05-21
ORD00154,CUST0533,Rahul Naidu,Chennai,Tamil Nadu,Speaker,Electronics,1,33974,5,33974,7651.49,2025-08-06
ORD00155,CUST0741,Vihaan Sharma,Kolkata,West Bengal,Webcam,Accessories,2,35829,5,71658,16746.21,2025-01-27
ORD00156,CUST0762,Sneha Naidu,Bangalore,Karnataka,Webcam,Accessories,5,49061,0,245305,56712.02,2025-07-21
ORD00157,CUST0602,Shivani Sharma,Kolkata,West Bengal,Keyboard,Accessories,5,26185,0,130925,20517.35,2025-07-23
ORD00158,CUST0214,Vivaan Singh,Bangalore,Karnataka,Mouse,Accessories,3,36562,10,109686,29569.16,2025-10-31
ORD00159,CUST0652,Aditya Yadav,Pune,Maharashtra,Webcam,Accessories,4,47494,0,189976,48652.03,2025-12-01
ORD00160,CUST0295,Aditya Yadav,Delhi,Delhi,Monitor,Electronics,2,19464,10,38928,8978.81,2025-12-23
ORD00161,CUST0320,Rohan Singh,Pune,Maharashtra,Mouse,Accessories,3,30626,20,91878,24456.87,2025-05-24
ORD00162,CUST0919,Aarav Yadav,Delhi,Delhi,Tablet,Electronics,2,22443,0,44886,9219.35,2025-05-01
ORD00163,CUST0511,Sai Naidu,Pune,Maharashtra,Keyboard,Accessories,1,29914,15,29914,6844.35,2025-03-09
ORD00164,CUST0235,Sai Patel,Ahmedabad,Gujarat,Webcam,Accessories,3,29322,10,87966,25730.55,2025-02-06
ORD00165,CUST0258,Priya Patel,Bangalore,Karnataka,Tablet,Electronics,4,22717,20,90868,26792.92,2025-05-17
ORD00166,CUST0740,Arjun Naidu,Bangalore,Karnataka,Keyboard,Accessories,4,30176,20,120704,9777.44,2025-12-29
ORD00167,CUST0037,Aarav Naidu,Ahmedabad,Gujarat,Keyboard,Accessories,3,17246,10,51738,9025.98,2025-10-29
ORD00168,CUST0849,Sneha Yadav,Bangalore,Karnataka,Speaker,Electronics,5,12898,20,64490,11075.26,2025-10-28
ORD00169,CUST0364,Sneha Yadav,Ahmedabad,Gujarat,Monitor,Electronics,1,41405,20,41405,9379.65,2025-01-11
ORD00170,CUST0574,Priya Gupta,Hyderabad,Telangana,Laptop,Electronics,5,14351,15,71755,12162.37,2025-02-17
ORD00171,CUST0256,Ananya Verma,Pune,Maharashtra,Printer,Office,1,8068,0,8068,659.5,2025-02-24
ORD00172,CUST0267,Ananya Reddy,Chennai,Tamil Nadu,USB Cable,Accessories,1,49455,0,49455,10318.0,2025-09-02
ORD00173,CUST0448,Kiran Verma,Chennai,Tamil Nadu,Speaker,Electronics,5,32266,0,161330,47640.68,2025-08-20
ORD00174,CUST0469,Vivaan Gupta,Pune,Maharashtra,Printer,Office,3,26183,10,78549,14337.02,2025-01-23
ORD00175,CUST0276,Aditya Kumar,Pune,Maharashtra,Laptop,Electronics,1,12881,20,12881,3644.8,2025-04-13
ORD00176,CUST0300,Ananya Kumar,Ahmedabad,Gujarat,Webcam,Accessories,5,9265,10,46325,9294.84,2025-06-08
ORD00177,CUST0460,Rahul Gupta,Hyderabad,Telangana,Webcam,Accessories,1,10787,10,10787,3123.87,2025-12-25
ORD00178,CUST0118,Kiran Kumar,Pune,Maharashtra,Mouse,Accessories,4,2300,5,9200,1003.52,2025-02-10
ORD00179,CUST0678,Sai Singh,Bangalore,Karnataka,Printer,Office,1,16099,15,16099,1320.29,2025-11-23
ORD00180,CUST0501,Vivaan Sharma,Pune,Maharashtra,Printer,Office,1,14737,5,14737,1376.96,2025-02-27
ORD00181,CUST0223,Sai Reddy,Kolkata,West Bengal,Speaker,Electronics,2,43562,10,87124,21299.83,2025-03-06
ORD00182,CUST0475,Shivani Verma,Bangalore,Karnataka,Monitor,Electronics,4,7971,20,31884,6237.82,2025-03-14
ORD00183,CUST0376,Shivani Sharma,Kolkata,West Bengal,Tablet,Electronics,3,9285,20,27855,3183.9,2025-12-21
ORD00184,CUST0022,Ananya Jogi,Delhi,Delhi,Monitor,Electronics,5,6413,5,32065,3423.69,2025-07-20
ORD00185,CUST0584,Shivani Verma,Chennai,Tamil Nadu,Webcam,Accessories,3,46182,0,138546,39426.73,2025-08-20
ORD00186,CUST0922,Aarav Sharma,Ahmedabad,Gujarat,Speaker,Electronics,3,19159,20,57477,10290.93,2025-08-14
ORD00187,CUST0245,Sneha Reddy,Bangalore,Karnataka,Speaker,Electronics,1,15181,20,15181,3824.58,2025-04-17
ORD00188,CUST0667,Diya Yadav,Delhi,Delhi,Monitor,Electronics,1,25266,15,25266,6712.1,2025-10-05
ORD00189,CUST0753,Rahul Patel,Kolkata,West Bengal,Monitor,Electronics,4,7530,5,30120,7612.04,2025-02-27
ORD00190,CUST0617,Sneha Singh,Bangalore,Karnataka,Headphones,Accessories,3,19747,5,59241,5157.55,2025-04-29
ORD00191,CUST0179,Vihaan Singh,Hyderabad,Telangana,Headphones,Accessories,4,40727,20,162908,48319.05,2025-05-20
ORD00192,CUST0852,Rahul Singh,Hyderabad,Telangana,Keyboard,Accessories,3,28884,15,86652,21367.43,2025-10-09
ORD00193,CUST0579,Sai Reddy,Bangalore,Karnataka,Tablet,Electronics,2,3832,5,7664,1381.12,2025-02-24
ORD00194,CUST0953,Meera Jogi,Chennai,Tamil Nadu,Webcam,Accessories,4,29224,20,116896,27823.12,2025-08-09
ORD00195,CUST0136,Vivaan Verma,Chennai,Tamil Nadu,Headphones,Accessories,2,27937,5,55874,14552.77,2025-10-27
ORD00196,CUST0869,Arjun Verma,Kolkata,West Bengal,Laptop,Electronics,1,46494,5,46494,7261.08,2025-03-31
ORD00197,CUST0139,Vihaan Naidu,Delhi,Delhi,USB Cable,Accessories,1,25221,5,25221,2163.81,2025-11-03
ORD00198,CUST0696,Meera Sharma,Mumbai,Maharashtra,USB Cable,Accessories,1,48083,20,48083,12386.09,2025-06-18
ORD00199,CUST0481,Aarav Kumar,Bangalore,Karnataka,Laptop,Electronics,5,7761,5,38805,7228.65,2025-04-28
ORD00200,CUST0350,Rahul Reddy,Hyderabad,Telangana,Speaker,Electronics,5,37085,5,185425,25105.72,2025-07-04
ORD00201,CUST0789,Vivaan Jogi,Chennai,Tamil Nadu,USB Cable,Accessories,4,7904,10,31616,6768.33,2025-03-12
ORD00202,CUST0721,Shivani Kumar,Ahmedabad,Gujarat,Speaker,Electronics,5,17932,20,89660,18337.78,2025-03-08
ORD00203,CUST0675,Sneha Jogi,Ahmedabad,Gujarat,Speaker,Electronics,2,29552,0,59104,6108.83,2025-07-30
ORD00204,CUST0644,Rahul Gupta,Mumbai,Maharashtra,Headphones,Accessories,5,46128,10,230640,28289.36,2025-01-07
ORD00205,CUST0488,Aarav Jogi,Ahmedabad,Gujarat,Headphones,Accessories,1,33949,0,33949,7875.73,2025-09-15
ORD00206,CUST0468,Vivaan Singh,Delhi,Delhi,Keyboard,Accessories,1,34449,5,34449,3939.69,2025-07-07
ORD00207,CUST0974,Sneha Patel,Ahmedabad,Gujarat,Keyboard,Accessories,2,12980,20,25960,5565.03,2025-08-09
ORD00208,CUST0465,Arjun Naidu,Delhi,Delhi,Webcam,Accessories,2,18136,5,36272,8028.66,2025-03-26
ORD00209,CUST0018,Diya Naidu,Mumbai,Maharashtra,Headphones,Accessories,3,9852,15,29556,5238.86,2025-03-15
ORD00210,CUST0921,Rahul Kumar,Chennai,Tamil Nadu,Monitor,Electronics,4,17803,15,71212,19885.78,2025-02-21
ORD00211,CUST0180,Priya Yadav,Mumbai,Maharashtra,Monitor,Electronics,3,35803,15,107409,23185.15,2025-11-29
ORD00212,CUST0577,Priya Jogi,Mumbai,Maharashtra,Speaker,Electronics,3,20981,10,62943,12193.77,2025-11-04
ORD00213,CUST0170,Rohan Verma,Chennai,Tamil Nadu,Tablet,Electronics,4,16315,20,65260,18721.9,2025-07-22
ORD00214,CUST0104,Arjun Jogi,Pune,Maharashtra,Speaker,Electronics,1,20005,10,20005,3182.52,2025-07-10
ORD00215,CUST0140,Rahul Naidu,Delhi,Delhi,Mouse,Accessories,4,9918,5,39672,11002.9,2025-07-07
ORD00216,CUST0511,Sai Naidu,Pune,Maharashtra,Headphones,Accessories,5,46482,10,232410,41560.44,2025-10-01
ORD00217,CUST0177,Priya Verma,Kolkata,West Bengal,Mouse,Accessories,2,48319,20,96638,13475.87,2025-07-03
ORD00218,CUST0253,Aarav Gupta,Chennai,Tamil Nadu,Tablet,Electronics,3,43243,20,129729,32322.36,2025-01-15
ORD00219,CUST0934,Rahul Kumar,Hyderabad,Telangana,Printer,Office,3,4779,15,14337,2142.89,2025-02-11
ORD00220,CUST0793,Ananya Singh,Ahmedabad,Gujarat,USB Cable,Accessories,4,24220,0,96880,16911.15,2025-04-26
ORD00221,CUST0688,Vivaan Naidu,Delhi,Delhi,Tablet,Electronics,1,45127,15,45127,10733.26,2025-10-15
ORD00222,CUST0396,Rohan Gupta,Hyderabad,Telangana,USB Cable,Accessories,4,45270,10,181080,38921.32,2025-07-20
ORD00223,CUST0533,Rahul Naidu,Chennai,Tamil Nadu,Keyboard,Accessories,5,14760,5,73800,9969.06,2025-04-05
ORD00224,CUST0792,Aarav Naidu,Ahmedabad,Gujarat,Webcam,Accessories,5,31401,15,157005,37496.93,2025-02-05
ORD00225,CUST0474,Aarav Singh,Pune,Maharashtra,Laptop,Electronics,2,41963,5,83926,23102.69,2025-08-01
ORD00226,CUST0704,Shivani Reddy,Pune,Maharashtra,Mouse,Accessories,2,5923,15,11846,3059.9,2025-08-12
ORD00227,CUST0337,Diya Patel,Ahmedabad,Gujarat,Headphones,Accessories,1,34316,10,34316,9924.49,2025-09-14
ORD00228,CUST0382,Ananya Patel,Pune,Maharashtra,USB Cable,Accessories,5,41855,0,209275,41755.74,2025-11-09
ORD00229,CUST0320,Rohan Singh,Pune,Maharashtra,Printer,Office,1,23994,0,23994,2857.44,2025-07-26
ORD00230,CUST0308,Rohan Sharma,Pune,Maharashtra,Monitor,Electronics,5,46644,20,233220,55028.82,2025-02-17
ORD00231,CUST0003,Kiran Verma,Ahmedabad,Gujarat,Printer,Office,1,43598,10,43598,8664.02,2025-06-16
ORD00232,CUST0504,Priya Singh,Mumbai,Maharashtra,Printer,Office,3,25096,15,75288,21144.16,2025-11-20
ORD00233,CUST0334,Priya Yadav,Kolkata,West Bengal,Webcam,Accessories,1,25704,20,25704,3346.63,2025-09-24
ORD00234,CUST0304,Vivaan Patel,Bangalore,Karnataka,Laptop,Electronics,2,16289,0,32578,5134.22,2025-03-04
ORD00235,CUST0632,Sai Naidu,Ahmedabad,Gujarat,Monitor,Electronics,5,33504,20,167520,19182.94,2025-07-25
ORD00236,CUST0710,Meera Yadav,Hyderabad,Telangana,Monitor,Electronics,3,16978,15,50934,7017.05,2025-08-20
ORD00237,CUST0276,Aditya Kumar,Pune,Maharashtra,Monitor,Electronics,2,43341,5,86682,14198.02,2025-08-09
ORD00238,CUST0443,Sai Gupta,Bangalore,Karnataka,Mouse,Accessories,2,39279,0,78558,19316.21,2025-07-31
ORD00239,CUST0640,Vivaan Verma,Kolkata,West Bengal,Monitor,Electronics,2,32354,10,64708,19210.07,2025-04-30
ORD00240,CUST0763,Vihaan Patel,Delhi,Delhi,USB Cable,Accessories,1,33082,20,33082,9325.81,2025-12-17
ORD00241,CUST0297,Shivani Naidu,Pune,Maharashtra,Speaker,Electronics,1,15096,15,15096,4475.78,2025-12-04
ORD00242,CUST0240,Rahul Patel,Pune,Maharashtra,Printer,Office,5,6646,20,33230,3029.73,2025-04-04
ORD00243,CUST0912,Vihaan Patel,Kolkata,West Bengal,Monitor,Electronics,3,36789,15,110367,32093.97,2025-11-21
ORD00244,CUST0966,Meera Reddy,Ahmedabad,Gujarat,Tablet,Electronics,3,44755,20,134265,25051.32,2025-05-15
ORD00245,CUST0883,Priya Gupta,Kolkata,West Bengal,Printer,Office,3,6236,20,18708,5463.13,2025-03-29
ORD00246,CUST0479,Kiran Sharma,Delhi,Delhi,USB Cable,Accessories,1,5383,5,5383,454.33,2025-07-05
ORD00247,CUST0906,Rohan Patel,Ahmedabad,Gujarat,USB Cable,Accessories,5,43280,15,216400,44744.64,2025-07-01
ORD00248,CUST0623,Sneha Singh,Delhi,Delhi,Monitor,Electronics,2,7618,0,15236,3990.26,2025-04-08
ORD00249,CUST0719,Arjun Patel,Bangalore,Karnataka,Keyboard,Accessories,2,39572,0,79144,16298.57,2025-09-21
ORD00250,CUST0130,Sai Reddy,Hyderabad,Telangana,Tablet,Electronics,2,31597,15,63194,7324.41,2025-06-11
ORD00251,CUST0494,Meera Gupta,Mumbai,Maharashtra,Webcam,Accessories,5,18295,10,91475,20964.83,2025-10-13
ORD00252,CUST0931,Meera Verma,Chennai,Tamil Nadu,Mouse,Accessories,5,11260,10,56300,10479.67,2025-01-12
ORD00253,CUST0633,Aarav Sharma,Delhi,Delhi,Headphones,Accessories,3,16798,0,50394,9002.84,2025-04-19
ORD00254,CUST0897,Aditya Sharma,Bangalore,Karnataka,Laptop,Electronics,2,13600,0,27200,4838.51,2025-05-14
ORD00255,CUST0870,Aarav Patel,Chennai,Tamil Nadu,Tablet,Electronics,4,4124,10,16496,3654.17,2025-06-04
ORD00256,CUST0793,Ananya Singh,Ahmedabad,Gujarat,Speaker,Electronics,1,17449,0,17449,2726.89,2025-10-16
ORD00257,CUST0487,Rohan Gupta,Delhi,Delhi,Monitor,Electronics,1,17197,15,17197,3167.44,2025-05-13
ORD00258,CUST0067,Rohan Kumar,Kolkata,West Bengal,Webcam,Accessories,2,43934,0,87868,7536.82,2025-02-26
ORD00259,CUST0652,Aditya Yadav,Pune,Maharashtra,USB Cable,Accessories,2,18597,0,37194,7979.48,2025-05-18
ORD00260,CUST0005,Rohan Patel,Mumbai,Maharashtra,USB Cable,Accessories,2,10677,10,21354,5457.58,2025-10-01
ORD00261,CUST0004,Kiran Yadav,Kolkata,West Bengal,Monitor,Electronics,4,38677,20,154708,25561.95,2025-03-31
ORD00262,CUST0904,Vivaan Singh,Delhi,Delhi,Keyboard,Accessories,1,47532,5,47532,8886.79,2025-08-01
ORD00263,CUST0834,Vivaan Singh,Hyderabad,Telangana,Speaker,Electronics,1,39988,10,39988,9514.89,2025-12-16
ORD00264,CUST0869,Arjun Verma,Kolkata,West Bengal,Speaker,Electronics,1,31735,10,31735,6013.48,2025-05-25
ORD00265,CUST0695,Arjun Jogi,Kolkata,West Bengal,USB Cable,Accessories,2,13279,5,26558,3946.27,2025-11-14
ORD00266,CUST0872,Vivaan Yadav,Bangalore,Karnataka,Keyboard,Accessories,3,33241,0,99723,22372.41,2025-01-03
ORD00267,CUST0639,Arjun Kumar,Chennai,Tamil Nadu,Monitor,Electronics,5,8023,15,40115,7731.83,2025-07-12
ORD00268,CUST0192,Shivani Yadav,Chennai,Tamil Nadu,USB Cable,Accessories,5,3551,20,17755,4792.56,2025-08-31
ORD00269,CUST0779,Ananya Kumar,Delhi,Delhi,Tablet,Electronics,2,45417,20,90834,17747.94,2025-12-21
ORD00270,CUST0440,Aarav Reddy,Pune,Maharashtra,Webcam,Accessories,1,39045,15,39045,10534.71,2025-05-07
ORD00271,CUST0005,Rohan Patel,Mumbai,Maharashtra,Headphones,Accessories,1,38833,5,38833,9793.82,2025-05-13
ORD00272,CUST0099,Meera Sharma,Hyderabad,Telangana,Webcam,Accessories,5,4475,0,22375,3750.66,2025-04-14
ORD00273,CUST0304,Vivaan Patel,Bangalore,Karnataka,Printer,Office,1,35393,10,35393,3651.26,2025-09-22
ORD00274,CUST0040,Diya Yadav,Mumbai,Maharashtra,Tablet,Electronics,3,42843,15,128529,35059.55,2025-09-12
ORD00275,CUST0350,Rahul Reddy,Hyderabad,Telangana,USB Cable,Accessories,5,6658,5,33290,8830.39,2025-01-09
ORD00276,CUST0421,Diya Singh,Pune,Maharashtra,Tablet,Electronics,3,6637,5,19911,2020.64,2025-09-10
ORD00277,CUST0524,Priya Yadav,Hyderabad,Telangana,Webcam,Accessories,1,32055,20,32055,5248.06,2025-12-20
ORD00278,CUST0707,Vihaan Kumar,Chennai,Tamil Nadu,USB Cable,Accessories,3,33206,20,99618,9454.37,2025-01-11
ORD00279,CUST0410,Aditya Sharma,Hyderabad,Telangana,Webcam,Accessories,3,32359,20,97077,13091.97,2025-04-19
ORD00280,CUST0498,Priya Patel,Pune,Maharashtra,Speaker,Electronics,4,40329,5,161316,43354.32,2025-02-06
ORD00281,CUST0853,Arjun Singh,Pune,Maharashtra,Monitor,Electronics,5,13022,20,65110,13960.46,2025-01-09
ORD00282,CUST0280,Meera Patel,Ahmedabad,Gujarat,Laptop,Electronics,3,40072,20,120216,19348.45,2025-11-13
ORD00283,CUST0647,Sai Yadav,Hyderabad,Telangana,Printer,Office,3,23488,0,70464,11271.79,2025-09-23
ORD00284,CUST0347,Meera Gupta,Chennai,Tamil Nadu,Mouse,Accessories,4,36552,5,146208,13053.7,2025-03-29
ORD00285,CUST0540,Priya Verma,Bangalore,Karnataka,Monitor,Electronics,5,32988,20,164940,17610.42,2025-09-10
ORD00286,CUST0959,Rohan Jogi,Delhi,Delhi,Printer,Office,5,13349,10,66745,18633.06,2025-08-16
ORD00287,CUST0227,Vihaan Kumar,Kolkata,West Bengal,USB Cable,Accessories,3,37256,5,111768,10206.15,2025-03-28
ORD00288,CUST0421,Diya Singh,Pune,Maharashtra,Keyboard,Accessories,2,45666,10,91332,23442.32,2025-05-14
ORD00289,CUST0158,Aarav Jogi,Pune,Maharashtra,Mouse,Accessories,5,48976,0,244880,66715.04,2025-11-23
ORD00290,CUST0697,Aarav Yadav,Chennai,Tamil Nadu,Webcam,Accessories,3,43770,20,131310,25629.66,2025-01-19
ORD00291,CUST0047,Rahul Verma,Chennai,Tamil Nadu,Headphones,Accessories,5,32373,10,161865,47433.56,2025-05-03
ORD00292,CUST0402,Sneha Yadav,Mumbai,Maharashtra,Webcam,Accessories,2,10914,15,21828,6387.12,2025-01-16
ORD00293,CUST0250,Arjun Jogi,Hyderabad,Telangana,Laptop,Electronics,5,21143,20,105715,15886.21,2025-03-29
ORD00294,CUST0041,Ananya Reddy,Kolkata,West Bengal,Speaker,Electronics,1,7205,0,7205,1338.55,2025-05-06
ORD00295,CUST0551,Sneha Patel,Kolkata,West Bengal,Laptop,Electronics,3,47049,15,141147,30492.02,2025-10-13
ORD00296,CUST0816,Rohan Verma,Ahmedabad,Gujarat,USB Cable,Accessories,1,9978,0,9978,2260.41,2025-08-29
ORD00297,CUST0184,Priya Sharma,Mumbai,Maharashtra,Keyboard,Accessories,1,28929,5,28929,4354.99,2025-07-08
ORD00298,CUST0258,Priya Patel,Bangalore,Karnataka,Mouse,Accessories,3,1770,5,5310,764.81,2025-08-06
ORD00299,CUST0521,Shivani Sharma,Bangalore,Karnataka,Laptop,Electronics,3,29427,20,88281,19631.95,2025-03-11
ORD00300,CUST0063,Vivaan Gupta,Delhi,Delhi,Tablet,Electronics,4,26449,20,105796,23270.59,2025-09-20
ORD00301,CUST0642,Meera Singh,Bangalore,Karnataka,Webcam,Accessories,2,20344,20,40688,9884.74,2025-05-06
ORD00302,CUST0751,Sai Naidu,Kolkata,West Bengal,Laptop,Electronics,1,20638,15,20638,4412.58,2025-09-03
ORD00303,CUST0396,Rohan Gupta,Hyderabad,Telangana,Tablet,Electronics,3,39938,10,119814,22281.78,2025-06-14
ORD00304,CUST0488,Aarav Jogi,Ahmedabad,Gujarat,Printer,Office,1,652,20,652,117.69,2025-01-29
ORD00305,CUST0226,Arjun Reddy,Delhi,Delhi,USB Cable,Accessories,2,44046,10,88092,19305.0,2025-03-09
ORD00306,CUST0078,Sneha Singh,Ahmedabad,Gujarat,Tablet,Electronics,3,33485,5,100455,24997.6,2025-05-11
ORD00307,CUST0103,Ananya Jogi,Hyderabad,Telangana,Keyboard,Accessories,4,10922,15,43688,10872.37,2025-09-18
ORD00308,CUST0015,Rohan Jogi,Bangalore,Karnataka,Keyboard,Accessories,4,15782,10,63128,14556.1,2025-09-21
ORD00309,CUST0923,Vihaan Gupta,Chennai,Tamil Nadu,Tablet,Electronics,5,24263,20,121315,22797.25,2025-01-19
ORD00310,CUST0232,Ananya Reddy,Hyderabad,Telangana,Mouse,Accessories,1,31465,15,31465,9308.62,2025-12-31
ORD00311,CUST0780,Arjun Kumar,Delhi,Delhi,Tablet,Electronics,3,32533,15,97599,8041.76,2025-11-25
ORD00312,CUST0583,Kiran Sharma,Pune,Maharashtra,Monitor,Electronics,4,32802,10,131208,36790.43,2025-09-09
ORD00313,CUST0637,Kiran Verma,Pune,Maharashtra,Laptop,Electronics,2,29360,10,58720,10153.08,2025-07-14
ORD00314,CUST0804,Sai Gupta,Ahmedabad,Gujarat,USB Cable,Accessories,5,544,15,2720,564.73,2025-06-21
ORD00315,CUST0291,Aditya Jogi,Chennai,Tamil Nadu,Speaker,Electronics,1,39824,15,39824,9879.22,2025-06-09
ORD00316,CUST0337,Diya Patel,Ahmedabad,Gujarat,Laptop,Electronics,2,14532,10,29064,5180.52,2025-04-24
ORD00317,CUST0332,Meera Sharma,Delhi,Delhi,USB Cable,Accessories,2,7756,10,15512,4276.26,2025-05-16
ORD00318,CUST0348,Diya Yadav,Delhi,Delhi,Laptop,Electronics,3,18138,5,54414,13946.49,2025-10-27
ORD00319,CUST0688,Vivaan Naidu,Delhi,Delhi,Webcam,Accessories,4,46841,5,187364,40305.22,2025-08-25
ORD00320,CUST0680,Rohan Verma,Hyderabad,Telangana,Webcam,Accessories,4,26711,0,106844,21427.44,2025-12-04
ORD00321,CUST0955,Ananya Gupta,Kolkata,West Bengal,Headphones,Accessories,2,46571,10,93142,27792.09,2025-07-03
ORD00322,CUST0693,Vihaan Reddy,Mumbai,Maharashtra,Printer,Office,4,8239,20,32956,3626.81,2025-12-08
ORD00323,CUST0601,Shivani Yadav,Chennai,Tamil Nadu,Printer,Office,3,35706,5,107118,25682.91,2025-10-23
ORD00324,CUST0042,Shivani Sharma,Bangalore,Karnataka,Headphones,Accessories,4,28175,5,112700,22012.59,2025-07-18
ORD00325,CUST0593,Diya Gupta,Hyderabad,Telangana,Webcam,Accessories,3,24096,5,72288,21183.58,2025-05-15
ORD00326,CUST0633,Aarav Sharma,Delhi,Delhi,Mouse,Accessories,1,43857,0,43857,9881.74,2025-11-23
ORD00327,CUST0042,Shivani Sharma,Bangalore,Karnataka,Keyboard,Accessories,1,29667,15,29667,4222.95,2025-04-08
ORD00328,CUST0639,Arjun Kumar,Chennai,Tamil Nadu,Printer,Office,2,15737,15,31474,6322.85,2025-12-04
ORD00329,CUST0321,Rahul Jogi,Pune,Maharashtra,Speaker,Electronics,5,36749,10,183745,38359.59,2025-08-14
ORD00330,CUST0814,Rohan Gupta,Kolkata,West Bengal,Speaker,Electronics,4,7724,15,30896,6243.18,2025-02-21
ORD00331,CUST0746,Ananya Yadav,Hyderabad,Telangana,Webcam,Accessories,2,11334,10,22668,1959.48,2025-03-02
ORD00332,CUST0265,Priya Naidu,Chennai,Tamil Nadu,Keyboard,Accessories,5,15597,5,77985,11036.71,2025-08-16
ORD00333,CUST0813,Arjun Verma,Kolkata,West Bengal,Printer,Office,5,26944,5,134720,32139.91,2025-12-11
ORD00334,CUST0293,Sneha Yadav,Ahmedabad,Gujarat,Speaker,Electronics,4,1152,15,4608,403.55,2025-06-29
ORD00335,CUST0499,Sai Reddy,Chennai,Tamil Nadu,Webcam,Accessories,5,3009,20,15045,2950.28,2025-09-05
ORD00336,CUST0684,Ananya Kumar,Ahmedabad,Gujarat,Headphones,Accessories,5,38163,0,190815,47876.08,2025-06-29
ORD00337,CUST0139,Vihaan Naidu,Delhi,Delhi,USB Cable,Accessories,5,37793,0,188965,49950.12,2025-10-06
ORD00338,CUST0729,Ananya Jogi,Hyderabad,Telangana,Printer,Office,4,42494,0,169976,28847.57,2025-01-07
ORD00339,CUST0871,Rahul Sharma,Bangalore,Karnataka,Laptop,Electronics,1,30226,0,30226,4837.96,2025-03-23
ORD00340,CUST0542,Arjun Singh,Ahmedabad,Gujarat,Headphones,Accessories,3,42689,10,128067,12266.68,2025-05-12
ORD00341,CUST0710,Meera Yadav,Hyderabad,Telangana,Keyboard,Accessories,1,16263,5,16263,3785.85,2025-02-14
ORD00342,CUST0288,Ananya Verma,Delhi,Delhi,Mouse,Accessories,1,22495,5,22495,2667.38,2025-08-05
ORD00343,CUST0686,Priya Kumar,Bangalore,Karnataka,Speaker,Electronics,2,26842,15,53684,15530.11,2025-10-31
ORD00344,CUST0177,Priya Verma,Kolkata,West Bengal,Laptop,Electronics,1,29237,0,29237,7425.23,2025-04-11
ORD00345,CUST0237,Sai Sharma,Chennai,Tamil Nadu,USB Cable,Accessories,4,35222,5,140888,40484.61,2025-09-25
ORD00346,CUST0543,Priya Kumar,Ahmedabad,Gujarat,Webcam,Accessories,2,2539,0,5078,982.09,2025-04-19
ORD00347,CUST0522,Vihaan Verma,Pune,Maharashtra,USB Cable,Accessories,1,11286,5,11286,2990.05,2025-12-25
ORD00348,CUST0134,Rahul Yadav,Bangalore,Karnataka,Printer,Office,2,37286,10,74572,10311.43,2025-02-01
ORD00349,CUST0865,Meera Singh,Pune,Maharashtra,USB Cable,Accessories,3,3040,10,9120,2683.81,2025-09-16
ORD00350,CUST0472,Sai Reddy,Chennai,Tamil Nadu,Laptop,Electronics,5,37851,5,189255,20633.0,2025-05-07
ORD00351,CUST0804,Sai Gupta,Ahmedabad,Gujarat,Keyboard,Accessories,1,46532,10,46532,7538.86,2025-03-09
ORD00352,CUST0807,Aditya Yadav,Bangalore,Karnataka,Laptop,Electronics,5,28998,5,144990,26005.82,2025-07-31
ORD00353,CUST0901,Kiran Kumar,Hyderabad,Telangana,Keyboard,Accessories,3,7460,20,22380,5511.98,2025-12-31
ORD00354,CUST0794,Ananya Reddy,Chennai,Tamil Nadu,Monitor,Electronics,2,43982,5,87964,8127.77,2025-12-10
ORD00355,CUST0612,Diya Patel,Chennai,Tamil Nadu,Keyboard,Accessories,1,24483,10,24483,5670.05,2025-03-26
ORD00356,CUST0830,Rahul Singh,Mumbai,Maharashtra,Laptop,Electronics,2,16760,15,33520,8222.75,2025-03-04
ORD00357,CUST0603,Vivaan Gupta,Chennai,Tamil Nadu,USB Cable,Accessories,3,29409,5,88227,11020.27,2025-04-02
ORD00358,CUST0689,Rohan Naidu,Ahmedabad,Gujarat,Tablet,Electronics,1,44543,10,44543,9259.57,2025-11-04
ORD00359,CUST0714,Rahul Naidu,Mumbai,Maharashtra,Mouse,Accessories,5,42611,0,213055,31439.15,2025-08-25
ORD00360,CUST0511,Sai Naidu,Pune,Maharashtra,Tablet,Electronics,2,44241,0,88482,24402.2,2025-11-05
ORD00361,CUST0872,Vivaan Yadav,Bangalore,Karnataka,Speaker,Electronics,2,17453,0,34906,4075.23,2025-05-15
ORD00362,CUST0728,Aditya Yadav,Chennai,Tamil Nadu,Monitor,Electronics,4,6058,5,24232,2969.39,2025-09-11
ORD00363,CUST0695,Arjun Jogi,Kolkata,West Bengal,Headphones,Accessories,3,20877,15,62631,11834.31,2025-11-26
ORD00364,CUST0602,Shivani Sharma,Kolkata,West Bengal,Speaker,Electronics,1,8287,15,8287,1007.68,2025-10-21
ORD00365,CUST0602,Shivani Sharma,Kolkata,West Bengal,Webcam,Accessories,2,48528,5,97056,21394.47,2025-06-21
ORD00366,CUST0886,Arjun Kumar,Mumbai,Maharashtra,Headphones,Accessories,3,11295,0,33885,4321.92,2025-09-03
ORD00367,CUST0471,Sneha Kumar,Hyderabad,Telangana,Monitor,Electronics,4,20697,5,82788,21113.08,2025-05-08
ORD00368,CUST0268,Shivani Singh,Ahmedabad,Gujarat,USB Cable,Accessories,4,25108,20,100432,17043.42,2025-04-04
ORD00369,CUST0124,Vihaan Naidu,Kolkata,West Bengal,Printer,Office,1,18819,15,18819,4117.6,2025-06-17
ORD00370,CUST0217,Vihaan Kumar,Delhi,Delhi,Webcam,Accessories,3,45014,15,135042,24030.67,2025-10-22
ORD00371,CUST0265,Priya Naidu,Chennai,Tamil Nadu,Laptop,Electronics,4,45100,15,180400,37922.07,2025-09-06
ORD00372,CUST0613,Shivani Gupta,Chennai,Tamil Nadu,Speaker,Electronics,4,2634,0,10536,941.4,2025-07-07
ORD00373,CUST0108,Shivani Naidu,Kolkata,West Bengal,Speaker,Electronics,4,4880,15,19520,2072.04,2025-05-15
ORD00374,CUST0593,Diya Gupta,Hyderabad,Telangana,Monitor,Electronics,2,40373,5,80746,21689.92,2025-03-12
ORD00375,CUST0155,Arjun Kumar,Hyderabad,Telangana,Mouse,Accessories,5,5944,20,29720,3451.85,2025-07-15
ORD00376,CUST0414,Diya Reddy,Kolkata,West Bengal,Monitor,Electronics,4,47893,0,191572,51220.42,2025-03-25
ORD00377,CUST0431,Ananya Verma,Hyderabad,Telangana,Speaker,Electronics,3,38603,10,115809,30513.79,2025-03-29
ORD00378,CUST0941,Shivani Verma,Bangalore,Karnataka,Tablet,Electronics,4,25751,5,103004,20734.81,2025-11-10
ORD00379,CUST0597,Sneha Jogi,Bangalore,Karnataka,Keyboard,Accessories,2,36071,0,72142,14553.18,2025-11-08
ORD00380,CUST0512,Aditya Sharma,Hyderabad,Telangana,USB Cable,Accessories,2,8491,5,16982,2134.25,2025-10-30
ORD00381,CUST0053,Sai Verma,Pune,Maharashtra,Laptop,Electronics,4,16912,10,67648,11590.1,2025-08-23
ORD00382,CUST0620,Vihaan Gupta,Ahmedabad,Gujarat,Mouse,Accessories,2,9380,5,18760,4343.91,2025-07-11
ORD00383,CUST0192,Shivani Yadav,Chennai,Tamil Nadu,Headphones,Accessories,3,27422,0,82266,21304.65,2025-11-03
ORD00384,CUST0178,Meera Singh,Mumbai,Maharashtra,Speaker,Electronics,3,18392,0,55176,4606.94,2025-10-11
ORD00385,CUST0567,Rohan Kumar,Kolkata,West Bengal,Webcam,Accessories,1,34316,15,34316,9433.7,2025-05-22
ORD00386,CUST0258,Priya Patel,Bangalore,Karnataka,Printer,Office,2,22629,5,45258,9986.11,2025-07-04
ORD00387,CUST0867,Arjun Gupta,Pune,Maharashtra,USB Cable,Accessories,4,5772,5,23088,6910.51,2025-10-18
ORD00388,CUST0078,Sneha Singh,Ahmedabad,Gujarat,Webcam,Accessories,4,38490,10,153960,30459.88,2025-12-30
ORD00389,CUST0735,Aditya Sharma,Delhi,Delhi,Tablet,Electronics,5,5098,15,25490,2203.51,2025-02-08
ORD00390,CUST0965,Diya Patel,Delhi,Delhi,Speaker,Electronics,1,6830,20,6830,1233.17,2025-01-11
ORD00391,CUST0263,Vihaan Kumar,Hyderabad,Telangana,Laptop,Electronics,4,26761,15,107044,20557.73,2025-12-21
ORD00392,CUST0820,Rahul Sharma,Mumbai,Maharashtra,Keyboard,Accessories,4,28103,5,112412,23852.63,2025-05-19
ORD00393,CUST0821,Ananya Verma,Kolkata,West Bengal,Mouse,Accessories,5,38476,10,192380,54393.58,2025-07-27
ORD00394,CUST0560,Vivaan Gupta,Kolkata,West Bengal,Mouse,Accessories,2,14632,15,29264,8370.5,2025-12-18
ORD00395,CUST0764,Meera Kumar,Bangalore,Karnataka,Laptop,Electronics,2,1776,20,3552,641.95,2025-10-25
ORD00396,CUST0330,Sneha Naidu,Chennai,Tamil Nadu,USB Cable,Accessories,3,1393,0,4179,631.56,2025-04-29
ORD00397,CUST0426,Aarav Reddy,Hyderabad,Telangana,Monitor,Electronics,2,10147,5,20294,3918.7,2025-03-14
ORD00398,CUST0352,Sai Jogi,Ahmedabad,Gujarat,Tablet,Electronics,1,28434,15,28434,6224.0,2025-09-17
ORD00399,CUST0005,Rohan Patel,Mumbai,Maharashtra,Headphones,Accessories,5,16659,5,83295,17392.47,2025-03-09
ORD00400,CUST0209,Aditya Jogi,Mumbai,Maharashtra,Printer,Office,1,14064,15,14064,2904.23,2025-12-14
ORD00401,CUST0752,Sai Gupta,Pune,Maharashtra,Keyboard,Accessories,2,18662,20,37324,8136.6,2025-04-18
ORD00402,CUST0531,Arjun Yadav,Mumbai,Maharashtra,USB Cable,Accessories,5,39281,20,196405,40825.43,2025-02-14
ORD00403,CUST0571,Meera Patel,Hyderabad,Telangana,Webcam,Accessories,2,36212,10,72424,11195.85,2025-06-19
ORD00404,CUST0681,Priya Singh,Delhi,Delhi,Laptop,Electronics,2,20665,0,41330,8825.67,2025-10-28
ORD00405,CUST0007,Meera Yadav,Pune,Maharashtra,USB Cable,Accessories,2,25109,20,50218,13624.17,2025-05-22
ORD00406,CUST0150,Vivaan Verma,Hyderabad,Telangana,Laptop,Electronics,1,5918,5,5918,1584.01,2025-09-27
ORD00407,CUST0695,Arjun Jogi,Kolkata,West Bengal,Speaker,Electronics,4,5212,5,20848,5175.83,2025-11-10
ORD00408,CUST0235,Sai Patel,Ahmedabad,Gujarat,Monitor,Electronics,3,14490,5,43470,5275.08,2025-04-30
ORD00409,CUST0831,Rahul Reddy,Chennai,Tamil Nadu,Speaker,Electronics,2,25200,0,50400,13358.75,2025-07-03
ORD00410,CUST0121,Rahul Kumar,Delhi,Delhi,Webcam,Accessories,4,45223,15,180892,19695.59,2025-06-22
ORD00411,CUST0640,Vivaan Verma,Kolkata,West Bengal,Keyboard,Accessories,2,38883,10,77766,10277.73,2025-03-01
ORD00412,CUST0759,Aditya Naidu,Bangalore,Karnataka,Mouse,Accessories,1,29556,15,29556,6494.4,2025-07-30
ORD00413,CUST0025,Shivani Verma,Chennai,Tamil Nadu,Printer,Office,3,21239,5,63717,16352.89,2025-12-23
ORD00414,CUST0900,Vivaan Jogi,Delhi,Delhi,Speaker,Electronics,1,3034,15,3034,336.4,2025-05-11
ORD00415,CUST0060,Aarav Patel,Delhi,Delhi,Mouse,Accessories,5,12067,5,60335,16690.12,2025-06-10
ORD00416,CUST0552,Sai Singh,Ahmedabad,Gujarat,Speaker,Electronics,3,6328,10,18984,3983.15,2025-01-01
ORD00417,CUST0378,Diya Jogi,Bangalore,Karnataka,Printer,Office,1,8735,5,8735,1728.53,2025-08-07
ORD00418,CUST0736,Diya Reddy,Chennai,Tamil Nadu,Headphones,Accessories,4,47704,10,190816,27948.84,2025-09-01
ORD00419,CUST0323,Rahul Singh,Delhi,Delhi,Monitor,Electronics,1,36765,20,36765,9033.63,2025-07-17
ORD00420,CUST0084,Kiran Naidu,Bangalore,Karnataka,Mouse,Accessories,1,48995,5,48995,9756.1,2025-05-11
ORD00421,CUST0999,Aarav Patel,Chennai,Tamil Nadu,Speaker,Electronics,5,30205,5,151025,30156.01,2025-09-17
ORD00422,CUST0598,Rahul Patel,Kolkata,West Bengal,Laptop,Electronics,3,40522,10,121566,18548.39,2025-06-30
ORD00423,CUST0663,Ananya Verma,Kolkata,West Bengal,Laptop,Electronics,1,49237,15,49237,6987.25,2025-12-09
ORD00424,CUST0876,Meera Sharma,Ahmedabad,Gujarat,Printer,Office,5,5219,10,26095,2418.61,2025-05-15
ORD00425,CUST0163,Rohan Patel,Bangalore,Karnataka,Headphones,Accessories,4,3886,0,15544,3018.05,2025-02-01
ORD00426,CUST0692,Kiran Jogi,Mumbai,Maharashtra,Laptop,Electronics,2,36898,5,73796,18578.89,2025-08-09
ORD00427,CUST0802,Kiran Naidu,Hyderabad,Telangana,Speaker,Electronics,2,11357,10,22714,4769.99,2025-11-12
ORD00428,CUST0017,Priya Naidu,Delhi,Delhi,USB Cable,Accessories,2,41034,0,82068,14427.73,2025-01-01
ORD00429,CUST0208,Diya Yadav,Bangalore,Karnataka,Keyboard,Accessories,2,36900,5,73800,21167.99,2025-07-06
ORD00430,CUST0301,Shivani Kumar,Bangalore,Karnataka,USB Cable,Accessories,3,35578,10,106734,19780.73,2025-12-27
ORD00431,CUST0499,Sai Reddy,Chennai,Tamil Nadu,Webcam,Accessories,2,2400,15,4800,1310.52,2025-07-13
ORD00432,CUST0940,Aarav Sharma,Bangalore,Karnataka,Keyboard,Accessories,4,27548,5,110192,17484.61,2025-03-25
ORD00433,CUST0392,Ananya Sharma,Hyderabad,Telangana,Speaker,Electronics,4,18481,15,73924,17301.67,2025-03-30
ORD00434,CUST0579,Sai Reddy,Bangalore,Karnataka,Monitor,Electronics,1,8298,0,8298,1963.76,2025-01-22
ORD00435,CUST0850,Aarav Sharma,Kolkata,West Bengal,Keyboard,Accessories,5,7835,10,39175,3808.7,2025-01-12
ORD00436,CUST0280,Meera Patel,Ahmedabad,Gujarat,Printer,Office,1,30756,10,30756,5664.92,2025-06-25
ORD00437,CUST0818,Priya Naidu,Kolkata,West Bengal,USB Cable,Accessories,2,25210,10,50420,12971.88,2025-11-30
ORD00438,CUST0887,Meera Jogi,Mumbai,Maharashtra,Monitor,Electronics,5,46296,20,231480,34983.63,2025-08-28
ORD00439,CUST0781,Kiran Singh,Chennai,Tamil Nadu,Keyboard,Accessories,2,49122,10,98244,18544.91,2025-01-15
ORD00440,CUST0819,Meera Singh,Pune,Maharashtra,Headphones,Accessories,1,43118,10,43118,8856.85,2025-09-26
ORD00441,CUST0583,Kiran Sharma,Pune,Maharashtra,Printer,Office,2,30968,5,61936,18208.65,2025-03-02
ORD00442,CUST0199,Sai Yadav,Kolkata,West Bengal,Laptop,Electronics,3,31666,20,94998,23888.17,2025-10-10
ORD00443,CUST0235,Sai Patel,Ahmedabad,Gujarat,Keyboard,Accessories,2,41873,10,83746,8594.38,2025-12-08
ORD00444,CUST0428,Kiran Reddy,Chennai,Tamil Nadu,Printer,Office,3,32902,0,98706,12754.73,2025-04-27
ORD00445,CUST0589,Diya Kumar,Mumbai,Maharashtra,Tablet,Electronics,1,25948,5,25948,3072.8,2025-01-19
ORD00446,CUST0495,Priya Yadav,Mumbai,Maharashtra,Tablet,Electronics,2,1409,5,2818,741.07,2025-09-15
ORD00447,CUST0916,Diya Yadav,Mumbai,Maharashtra,Laptop,Electronics,1,37605,5,37605,6190.83,2025-05-16
ORD00448,CUST0401,Priya Yadav,Chennai,Tamil Nadu,Speaker,Electronics,3,46380,20,139140,28910.72,2025-07-02
ORD00449,CUST0163,Rohan Patel,Bangalore,Karnataka,Webcam,Accessories,5,45645,10,228225,59969.35,2025-08-25
ORD00450,CUST0933,Sai Naidu,Delhi,Delhi,Printer,Office,5,14966,0,74830,14606.86,2025-02-22
ORD00451,CUST0870,Aarav Patel,Chennai,Tamil Nadu,Laptop,Electronics,3,32553,10,97659,29272.24,2025-07-01
ORD00452,CUST0862,Aditya Jogi,Mumbai,Maharashtra,USB Cable,Accessories,1,5161,20,5161,1005.59,2025-04-09
ORD00453,CUST0162,Ananya Reddy,Hyderabad,Telangana,Speaker,Electronics,2,30749,10,61498,9842.23,2025-03-19
ORD00454,CUST0737,Diya Sharma,Pune,Maharashtra,Tablet,Electronics,4,13167,10,52668,5785.23,2025-03-08
ORD00455,CUST0769,Priya Reddy,Kolkata,West Bengal,Tablet,Electronics,4,24864,10,99456,26536.51,2025-08-02
ORD00456,CUST0773,Diya Reddy,Bangalore,Karnataka,Printer,Office,4,21055,0,84220,16276.9,2025-08-30
ORD00457,CUST0191,Rohan Verma,Ahmedabad,Gujarat,Keyboard,Accessories,5,18201,20,91005,8839.15,2025-04-09
ORD00458,CUST0307,Rohan Jogi,Mumbai,Maharashtra,Laptop,Electronics,5,48348,5,241740,55831.84,2025-12-18
ORD00459,CUST0548,Priya Gupta,Kolkata,West Bengal,Headphones,Accessories,4,3996,20,15984,4735.05,2025-08-17
ORD00460,CUST0063,Vivaan Gupta,Delhi,Delhi,Printer,Office,3,26306,15,78918,13545.44,2025-08-18
ORD00461,CUST0852,Rahul Singh,Hyderabad,Telangana,Mouse,Accessories,1,18265,15,18265,5286.48,2025-11-14
ORD00462,CUST0062,Sneha Sharma,Bangalore,Karnataka,Headphones,Accessories,4,29430,20,117720,13124.7,2025-10-21
ORD00463,CUST0977,Ananya Naidu,Mumbai,Maharashtra,Keyboard,Accessories,1,48771,5,48771,8592.67,2025-12-25
ORD00464,CUST0046,Rohan Verma,Chennai,Tamil Nadu,Headphones,Accessories,4,43790,20,175160,19161.39,2025-08-31
ORD00465,CUST0560,Vivaan Gupta,Kolkata,West Bengal,Webcam,Accessories,4,28807,15,115228,9979.66,2025-08-31
ORD00466,CUST0744,Arjun Patel,Ahmedabad,Gujarat,Speaker,Electronics,2,18141,15,36282,6818.81,2025-01-31
ORD00467,CUST0504,Priya Singh,Mumbai,Maharashtra,USB Cable,Accessories,2,12667,15,25334,3130.64,2025-03-16
ORD00468,CUST0636,Diya Reddy,Bangalore,Karnataka,Webcam,Accessories,5,26469,20,132345,15512.07,2025-04-23
ORD00469,CUST0628,Sai Kumar,Pune,Maharashtra,Tablet,Electronics,1,6098,0,6098,947.72,2025-06-16
ORD00470,CUST0718,Vihaan Kumar,Kolkata,West Bengal,Keyboard,Accessories,5,33773,15,168865,14801.99,2025-01-09
ORD00471,CUST0002,Shivani Kumar,Delhi,Delhi,Tablet,Electronics,2,17524,10,35048,7366.68,2025-07-11
ORD00472,CUST0351,Sai Gupta,Bangalore,Karnataka,Laptop,Electronics,2,15573,15,31146,3475.33,2025-01-05
ORD00473,CUST0589,Diya Kumar,Mumbai,Maharashtra,Headphones,Accessories,2,18403,5,36806,7034.93,2025-03-24
ORD00474,CUST0591,Priya Naidu,Pune,Maharashtra,Headphones,Accessories,3,3966,0,11898,1983.2,2025-09-13
ORD00475,CUST0951,Diya Naidu,Pune,Maharashtra,USB Cable,Accessories,4,26423,15,105692,9354.97,2025-10-19
ORD00476,CUST0756,Kiran Patel,Pune,Maharashtra,Keyboard,Accessories,5,46158,0,230790,38717.23,2025-02-11
ORD00477,CUST0943,Ananya Gupta,Kolkata,West Bengal,Headphones,Accessories,4,27369,0,109476,27735.17,2025-11-17
ORD00478,CUST0884,Vivaan Patel,Ahmedabad,Gujarat,Mouse,Accessories,1,28563,10,28563,2477.89,2025-09-18
ORD00479,CUST0545,Rahul Reddy,Chennai,Tamil Nadu,Printer,Office,5,7620,15,38100,7719.81,2025-09-13
ORD00480,CUST0684,Ananya Kumar,Ahmedabad,Gujarat,Headphones,Accessories,2,36023,20,72046,12958.76,2025-07-27
ORD00481,CUST0838,Rahul Verma,Ahmedabad,Gujarat,Laptop,Electronics,3,3664,10,10992,1034.62,2025-04-22
ORD00482,CUST0492,Rohan Patel,Mumbai,Maharashtra,Webcam,Accessories,4,11982,5,47928,10011.92,2025-02-05
ORD00483,CUST0196,Ananya Sharma,Pune,Maharashtra,Headphones,Accessories,2,25147,20,50294,9506.42,2025-05-28
ORD00484,CUST0619,Arjun Gupta,Hyderabad,Telangana,Webcam,Accessories,5,21354,20,106770,24818.61,2025-09-03
ORD00485,CUST0742,Sneha Reddy,Mumbai,Maharashtra,Headphones,Accessories,1,45344,15,45344,9353.24,2025-05-12
ORD00486,CUST0690,Sai Singh,Ahmedabad,Gujarat,USB Cable,Accessories,1,42251,20,42251,9899.32,2025-09-18
ORD00487,CUST0823,Meera Kumar,Chennai,Tamil Nadu,Mouse,Accessories,1,38254,20,38254,4401.15,2025-04-07
ORD00488,CUST0764,Meera Kumar,Bangalore,Karnataka,USB Cable,Accessories,1,5119,20,5119,495.45,2025-02-10
ORD00489,CUST0776,Shivani Gupta,Delhi,Delhi,Mouse,Accessories,1,33499,5,33499,8677.04,2025-12-27
ORD00490,CUST0245,Sneha Reddy,Bangalore,Karnataka,Speaker,Electronics,4,15834,0,63336,16750.9,2025-04-11
ORD00491,CUST0323,Rahul Singh,Delhi,Delhi,Speaker,Electronics,4,48554,15,194216,53184.04,2025-09-04
ORD00492,CUST0032,Aditya Kumar,Kolkata,West Bengal,Speaker,Electronics,3,20798,15,62394,13907.94,2025-07-19
ORD00493,CUST0143,Arjun Sharma,Delhi,Delhi,Tablet,Electronics,4,39644,10,158576,37853.2,2025-05-24
ORD00494,CUST0578,Rahul Verma,Bangalore,Karnataka,Speaker,Electronics,5,1264,15,6320,1176.33,2025-10-05
ORD00495,CUST0256,Ananya Verma,Pune,Maharashtra,Speaker,Electronics,2,8986,0,17972,2527.33,2025-01-20
ORD00496,CUST0826,Vivaan Singh,Ahmedabad,Gujarat,Tablet,Electronics,5,42768,0,213840,19144.51,2025-03-03
ORD00497,CUST0448,Kiran Verma,Chennai,Tamil Nadu,Laptop,Electronics,2,23533,15,47066,6637.42,2025-05-22
ORD00498,CUST0314,Meera Kumar,Chennai,Tamil Nadu,Tablet,Electronics,1,2113,10,2113,349.61,2025-07-06
ORD00499,CUST0891,Sneha Patel,Bangalore,Karnataka,Headphones,Accessories,3,11800,5,35400,7974.72,2025-11-17
ORD00500,CUST0185,Sai Reddy,Delhi,Delhi,Keyboard,Accessories,4,29795,5,119180,10559.02,2025-07-29
ORD00501,CUST0525,Aarav Yadav,Mumbai,Maharashtra,Keyboard,Accessories,4,7348,15,29392,7938.82,2025-05-17
ORD00502,CUST0630,Vihaan Verma,Chennai,Tamil Nadu,Mouse,Accessories,1,43272,10,43272,7871.09,2025-11-20
ORD00503,CUST0798,Vihaan Patel,Chennai,Tamil Nadu,Mouse,Accessories,5,41559,0,207795,41362.36,2025-03-17
ORD00504,CUST0124,Vihaan Naidu,Kolkata,West Bengal,Keyboard,Accessories,3,5874,20,17622,2069.59,2025-07-24
ORD00505,CUST0794,Ananya Reddy,Chennai,Tamil Nadu,USB Cable,Accessories,5,31294,0,156470,32015.98,2025-09-12
ORD00506,CUST0962,Kiran Gupta,Delhi,Delhi,Headphones,Accessories,4,34775,10,139100,16828.65,2025-05-28
ORD00507,CUST0730,Arjun Gupta,Kolkata,West Bengal,Laptop,Electronics,2,29754,15,59508,17825.86,2025-03-24
ORD00508,CUST0594,Arjun Reddy,Kolkata,West Bengal,Tablet,Electronics,2,12405,10,24810,2864.55,2025-07-24
ORD00509,CUST0365,Sneha Reddy,Delhi,Delhi,Keyboard,Accessories,5,19389,10,96945,27164.14,2025-10-02
ORD00510,CUST0035,Rohan Kumar,Pune,Maharashtra,Webcam,Accessories,3,48725,0,146175,18615.42,2025-04-29
ORD00511,CUST0564,Sneha Gupta,Delhi,Delhi,Keyboard,Accessories,5,46130,0,230650,40939.9,2025-08-12
ORD00512,CUST0560,Vivaan Gupta,Kolkata,West Bengal,Tablet,Electronics,5,5938,15,29690,8575.84,2025-03-22
ORD00513,CUST0738,Priya Sharma,Kolkata,West Bengal,Keyboard,Accessories,2,20389,5,40778,4463.69,2025-03-27
ORD00514,CUST0085,Kiran Reddy,Ahmedabad,Gujarat,Laptop,Electronics,4,48208,10,192832,42834.07,2025-10-20
ORD00515,CUST0129,Rohan Gupta,Delhi,Delhi,Headphones,Accessories,1,37221,10,37221,7603.78,2025-12-16
ORD00516,CUST0755,Arjun Sharma,Pune,Maharashtra,Laptop,Electronics,1,25953,5,25953,5303.63,2025-09-14
ORD00517,CUST0809,Aditya Yadav,Bangalore,Karnataka,Mouse,Accessories,1,15988,15,15988,4573.21,2025-04-20
ORD00518,CUST0244,Arjun Singh,Hyderabad,Telangana,USB Cable,Accessories,4,28147,5,112588,23561.87,2025-06-24
ORD00519,CUST0655,Shivani Singh,Pune,Maharashtra,Tablet,Electronics,3,36146,0,108438,11974.63,2025-12-22
ORD00520,CUST0761,Ananya Patel,Chennai,Tamil Nadu,Keyboard,Accessories,4,8132,5,32528,2952.83,2025-01-20
ORD00521,CUST0031,Shivani Reddy,Delhi,Delhi,USB Cable,Accessories,4,29478,15,117912,19785.02,2025-03-11
ORD00522,CUST0390,Arjun Kumar,Pune,Maharashtra,Tablet,Electronics,3,22703,15,68109,11653.68,2025-06-24
ORD00523,CUST0305,Diya Reddy,Bangalore,Karnataka,Printer,Office,5,17862,15,89310,23931.72,2025-01-03
ORD00524,CUST0690,Sai Singh,Ahmedabad,Gujarat,Keyboard,Accessories,5,28793,5,143965,37610.8,2025-05-05
ORD00525,CUST0604,Vihaan Patel,Chennai,Tamil Nadu,Tablet,Electronics,5,30193,5,150965,39350.32,2025-05-27
ORD00526,CUST0647,Sai Yadav,Hyderabad,Telangana,Tablet,Electronics,2,32691,15,65382,16756.1,2025-09-26
ORD00527,CUST0312,Vivaan Naidu,Ahmedabad,Gujarat,Webcam,Accessories,1,15682,20,15682,1412.67,2025-03-13
ORD00528,CUST0578,Rahul Verma,Bangalore,Karnataka,Mouse,Accessories,2,41771,15,83542,15017.9,2025-04-29
ORD00529,CUST0066,Sai Kumar,Pune,Maharashtra,Monitor,Electronics,2,18620,15,37240,3262.96,2025-10-05
ORD00530,CUST0538,Vihaan Patel,Bangalore,Karnataka,Speaker,Electronics,2,40014,15,80028,6981.94,2025-08-21
ORD00531,CUST0788,Sai Yadav,Kolkata,West Bengal,Headphones,Accessories,2,11776,5,23552,5599.76,2025-12-21
ORD00532,CUST0048,Sneha Sharma,Bangalore,Karnataka,Printer,Office,2,6445,0,12890,1375.9,2025-02-22
ORD00533,CUST0877,Arjun Kumar,Chennai,Tamil Nadu,Tablet,Electronics,2,17987,15,35974,9252.48,2025-06-01
ORD00534,CUST0306,Kiran Sharma,Pune,Maharashtra,Tablet,Electronics,1,32138,20,32138,6967.42,2025-01-03
ORD00535,CUST0629,Aarav Jogi,Mumbai,Maharashtra,Mouse,Accessories,2,14544,15,29088,6104.85,2025-07-28
ORD00536,CUST0840,Vihaan Verma,Delhi,Delhi,Keyboard,Accessories,5,7287,0,36435,9438.98,2025-11-06
ORD00537,CUST0879,Sai Singh,Kolkata,West Bengal,Speaker,Electronics,3,26723,0,80169,15788.95,2025-09-08
ORD00538,CUST0118,Kiran Kumar,Pune,Maharashtra,Printer,Office,4,16971,0,67884,5946.38,2025-12-24
ORD00539,CUST0724,Meera Patel,Kolkata,West Bengal,Mouse,Accessories,4,37629,15,150516,39444.28,2025-05-01
ORD00540,CUST0057,Arjun Patel,Delhi,Delhi,Keyboard,Accessories,1,15763,10,15763,2246.56,2025-09-09
ORD00541,CUST0896,Arjun Jogi,Kolkata,West Bengal,Keyboard,Accessories,5,29473,20,147365,22522.36,2025-02-22
ORD00542,CUST0792,Aarav Naidu,Ahmedabad,Gujarat,Headphones,Accessories,5,24037,15,120185,33687.57,2025-11-21
ORD00543,CUST0514,Arjun Sharma,Delhi,Delhi,Laptop,Electronics,3,27592,5,82776,19303.31,2025-11-18
ORD00544,CUST0438,Meera Jogi,Chennai,Tamil Nadu,Monitor,Electronics,1,40724,5,40724,5395.75,2025-11-15
ORD00545,CUST0366,Meera Jogi,Mumbai,Maharashtra,Laptop,Electronics,5,42455,15,212275,38068.06,2025-03-23
ORD00546,CUST0777,Arjun Reddy,Pune,Maharashtra,Tablet,Electronics,1,18283,20,18283,3660.36,2025-05-05
ORD00547,CUST0213,Sneha Verma,Chennai,Tamil Nadu,Webcam,Accessories,3,46971,0,140913,35462.62,2025-09-06
ORD00548,CUST0032,Aditya Kumar,Kolkata,West Bengal,Printer,Office,5,6342,5,31710,9431.59,2025-04-03
ORD00549,CUST0680,Rohan Verma,Hyderabad,Telangana,Mouse,Accessories,1,28664,5,28664,6337.84,2025-12-28
ORD00550,CUST0812,Aditya Sharma,Hyderabad,Telangana,Printer,Office,4,34342,20,137368,35487.9,2025-12-05
ORD00551,CUST0542,Arjun Singh,Ahmedabad,Gujarat,USB Cable,Accessories,5,18527,15,92635,20150.9,2025-06-30
ORD00552,CUST0997,Rohan Reddy,Delhi,Delhi,Keyboard,Accessories,1,30269,0,30269,5440.91,2025-10-13
ORD00553,CUST0894,Meera Singh,Bangalore,Karnataka,Monitor,Electronics,5,42067,5,210335,60337.08,2025-06-22
ORD00554,CUST0317,Diya Patel,Bangalore,Karnataka,Headphones,Accessories,4,45529,20,182116,39027.05,2025-11-23
ORD00555,CUST0419,Sneha Kumar,Delhi,Delhi,Headphones,Accessories,2,5088,20,10176,1717.06,2025-02-26
ORD00556,CUST0053,Sai Verma,Pune,Maharashtra,Keyboard,Accessories,4,26322,5,105288,10731.33,2025-02-02
ORD00557,CUST0033,Priya Naidu,Kolkata,West Bengal,Mouse,Accessories,2,39912,15,79824,15216.78,2025-08-15
ORD00558,CUST0300,Ananya Kumar,Ahmedabad,Gujarat,Printer,Office,2,9484,10,18968,4520.97,2025-03-31
ORD00559,CUST0602,Shivani Sharma,Kolkata,West Bengal,Laptop,Electronics,1,7371,5,7371,1257.16,2025-11-02
ORD00560,CUST0895,Shivani Reddy,Bangalore,Karnataka,Webcam,Accessories,5,40616,0,203080,17297.84,2025-01-08
ORD00561,CUST0154,Vivaan Jogi,Mumbai,Maharashtra,USB Cable,Accessories,1,48084,0,48084,10815.99,2025-03-24
ORD00562,CUST0685,Priya Reddy,Mumbai,Maharashtra,Tablet,Electronics,2,10521,5,21042,4412.91,2025-03-10
ORD00563,CUST0226,Arjun Reddy,Delhi,Delhi,Keyboard,Accessories,1,18163,20,18163,4848.45,2025-08-21
ORD00564,CUST0405,Meera Verma,Delhi,Delhi,Printer,Office,5,2342,20,11710,2754.79,2025-08-12
ORD00565,CUST0014,Sneha Reddy,Mumbai,Maharashtra,Monitor,Electronics,5,13799,15,68995,7407.45,2025-07-10
ORD00566,CUST0934,Rahul Kumar,Hyderabad,Telangana,Headphones,Accessories,4,32503,0,130012,15488.66,2025-01-29
ORD00567,CUST0712,Vivaan Verma,Mumbai,Maharashtra,Webcam,Accessories,5,18797,20,93985,26638.86,2025-06-16
ORD00568,CUST0803,Sneha Singh,Chennai,Tamil Nadu,Headphones,Accessories,1,1919,5,1919,458.3,2025-06-03
ORD00569,CUST0770,Aarav Singh,Pune,Maharashtra,Speaker,Electronics,1,4900,15,4900,765.3,2025-05-21
ORD00570,CUST0797,Shivani Verma,Chennai,Tamil Nadu,Headphones,Accessories,4,582,5,2328,628.76,2025-02-23
ORD00571,CUST0084,Kiran Naidu,Bangalore,Karnataka,Printer,Office,4,9712,20,38848,5772.59,2025-07-22
ORD00572,CUST0438,Meera Jogi,Chennai,Tamil Nadu,Headphones,Accessories,4,8585,5,34340,8111.92,2025-12-30
ORD00573,CUST0929,Sai Patel,Pune,Maharashtra,USB Cable,Accessories,5,14617,10,73085,8416.2,2025-07-01
ORD00574,CUST0028,Ananya Sharma,Ahmedabad,Gujarat,USB Cable,Accessories,1,48936,0,48936,9870.98,2025-06-17
ORD00575,CUST0499,Sai Reddy,Chennai,Tamil Nadu,Laptop,Electronics,5,36056,10,180280,52014.18,2025-10-24
ORD00576,CUST0187,Sneha Naidu,Kolkata,West Bengal,Monitor,Electronics,1,29906,5,29906,8392.79,2025-03-13
ORD00577,CUST0673,Rahul Patel,Kolkata,West Bengal,Laptop,Electronics,5,998,10,4990,432.65,2025-09-11
ORD00578,CUST0914,Ananya Gupta,Ahmedabad,Gujarat,USB Cable,Accessories,3,39007,20,117021,33003.93,2025-02-11
ORD00579,CUST0932,Kiran Verma,Pune,Maharashtra,Webcam,Accessories,3,36606,0,109818,20790.02,2025-10-23
ORD00580,CUST0663,Ananya Verma,Kolkata,West Bengal,Printer,Office,1,35338,10,35338,6463.83,2025-08-11
ORD00581,CUST0206,Diya Patel,Kolkata,West Bengal,Webcam,Accessories,2,20384,15,40768,11555.54,2025-06-11
ORD00582,CUST0113,Meera Kumar,Chennai,Tamil Nadu,Speaker,Electronics,1,6500,0,6500,1932.63,2025-01-16
ORD00583,CUST0255,Aditya Reddy,Pune,Maharashtra,Speaker,Electronics,1,18596,15,18596,1741.33,2025-04-23
ORD00584,CUST0275,Kiran Sharma,Kolkata,West Bengal,Keyboard,Accessories,3,38459,15,115377,15467.22,2025-01-05
ORD00585,CUST0492,Rohan Patel,Mumbai,Maharashtra,Mouse,Accessories,2,45294,0,90588,20188.97,2025-06-29
ORD00586,CUST0505,Vihaan Verma,Kolkata,West Bengal,Speaker,Electronics,1,40397,10,40397,7389.64,2025-08-15
ORD00587,CUST1000,Kiran Kumar,Hyderabad,Telangana,Speaker,Electronics,2,40164,0,80328,17547.81,2025-03-08
ORD00588,CUST0230,Rahul Gupta,Hyderabad,Telangana,Laptop,Electronics,1,9440,0,9440,1469.7,2025-02-19
ORD00589,CUST0077,Sai Reddy,Chennai,Tamil Nadu,Speaker,Electronics,2,17298,5,34596,7615.91,2025-02-25
ORD00590,CUST0168,Ananya Singh,Kolkata,West Bengal,Mouse,Accessories,3,21211,20,63633,12332.96,2025-06-05
ORD00591,CUST0907,Priya Reddy,Kolkata,West Bengal,Keyboard,Accessories,2,48975,10,97950,10644.57,2025-01-04
ORD00592,CUST0294,Rohan Naidu,Chennai,Tamil Nadu,Monitor,Electronics,3,37979,20,113937,30908.63,2025-02-27
ORD00593,CUST0032,Aditya Kumar,Kolkata,West Bengal,Keyboard,Accessories,1,27299,0,27299,6245.53,2025-10-14
ORD00594,CUST0637,Kiran Verma,Pune,Maharashtra,Speaker,Electronics,4,29704,20,118816,16830.83,2025-03-10
ORD00595,CUST0482,Ananya Patel,Bangalore,Karnataka,USB Cable,Accessories,2,7675,10,15350,3926.43,2025-02-14
ORD00596,CUST0680,Rohan Verma,Hyderabad,Telangana,Laptop,Electronics,5,42642,10,213210,49729.94,2025-02-13
ORD00597,CUST0877,Arjun Kumar,Chennai,Tamil Nadu,Monitor,Electronics,4,1665,5,6660,735.73,2025-05-08
ORD00598,CUST0332,Meera Sharma,Delhi,Delhi,Laptop,Electronics,1,9411,20,9411,1270.06,2025-05-18
ORD00599,CUST0602,Shivani Sharma,Kolkata,West Bengal,Tablet,Electronics,3,33955,15,101865,11328.23,2025-09-27
ORD00600,CUST0825,Arjun Sharma,Pune,Maharashtra,Keyboard,Accessories,4,49393,5,197572,49491.95,2025-10-14
ORD00601,CUST0926,Shivani Jogi,Delhi,Delhi,Headphones,Accessories,3,1352,15,4056,1099.65,2025-09-29
ORD00602,CUST0447,Ananya Verma,Pune,Maharashtra,Webcam,Accessories,3,11681,10,35043,8114.77,2025-03-28
ORD00603,CUST0850,Aarav Sharma,Kolkata,West Bengal,USB Cable,Accessories,4,28563,20,114252,29254.5,2025-01-20
ORD00604,CUST0174,Ananya Singh,Bangalore,Karnataka,Tablet,Electronics,5,10795,20,53975,12832.2,2025-08-08
ORD00605,CUST0857,Arjun Yadav,Ahmedabad,Gujarat,Tablet,Electronics,5,21113,15,105565,8971.14,2025-08-19
ORD00606,CUST1000,Kiran Kumar,Hyderabad,Telangana,Speaker,Electronics,5,9851,0,49255,10311.23,2025-07-20
ORD00607,CUST0932,Kiran Verma,Pune,Maharashtra,Monitor,Electronics,4,45337,15,181348,48199.27,2025-09-21
ORD00608,CUST0075,Diya Singh,Pune,Maharashtra,Headphones,Accessories,2,37759,10,75518,15282.41,2025-02-25
ORD00609,CUST0080,Aditya Sharma,Kolkata,West Bengal,USB Cable,Accessories,5,29484,0,147420,18705.8,2025-03-07
ORD00610,CUST0859,Vivaan Reddy,Delhi,Delhi,Mouse,Accessories,3,17728,20,53184,4783.95,2025-10-25
ORD00611,CUST0818,Priya Naidu,Kolkata,West Bengal,Webcam,Accessories,1,38850,5,38850,6139.4,2025-07-11
ORD00612,CUST0844,Kiran Patel,Mumbai,Maharashtra,Laptop,Electronics,4,4909,5,19636,2040.63,2025-11-10
ORD00613,CUST0032,Aditya Kumar,Kolkata,West Bengal,Webcam,Accessories,1,40881,0,40881,4994.05,2025-05-25
ORD00614,CUST0018,Diya Naidu,Mumbai,Maharashtra,Monitor,Electronics,1,37816,20,37816,9879.14,2025-05-14
ORD00615,CUST0613,Shivani Gupta,Chennai,Tamil Nadu,USB Cable,Accessories,3,42993,0,128979,21818.7,2025-03-12
ORD00616,CUST0078,Sneha Singh,Ahmedabad,Gujarat,USB Cable,Accessories,1,8960,10,8960,1701.88,2025-04-24
ORD00617,CUST0318,Sai Naidu,Hyderabad,Telangana,Keyboard,Accessories,3,22161,0,66483,9721.7,2025-07-27
ORD00618,CUST0786,Rohan Yadav,Bangalore,Karnataka,Printer,Office,4,10633,10,42532,8734.75,2025-01-05
ORD00619,CUST0164,Ananya Kumar,Hyderabad,Telangana,Tablet,Electronics,5,8911,15,44555,3762.19,2025-10-09
ORD00620,CUST0691,Vihaan Yadav,Chennai,Tamil Nadu,Webcam,Accessories,4,49213,10,196852,23659.98,2025-06-27
ORD00621,CUST0307,Rohan Jogi,Mumbai,Maharashtra,Laptop,Electronics,1,45975,5,45975,9673.3,2025-05-14
ORD00622,CUST0898,Diya Naidu,Pune,Maharashtra,Monitor,Electronics,3,34645,20,103935,8851.98,2025-06-17
ORD00623,CUST0888,Rohan Singh,Bangalore,Karnataka,Keyboard,Accessories,1,43369,20,43369,11684.86,2025-02-03
ORD00624,CUST0594,Arjun Reddy,Kolkata,West Bengal,Monitor,Electronics,3,48631,5,145893,29667.65,2025-11-04
ORD00625,CUST0587,Vivaan Yadav,Mumbai,Maharashtra,Webcam,Accessories,5,26516,15,132580,29995.98,2025-04-03
ORD00626,CUST0922,Aarav Sharma,Ahmedabad,Gujarat,Tablet,Electronics,1,36200,5,36200,4062.63,2025-09-19
ORD00627,CUST0818,Priya Naidu,Kolkata,West Bengal,Laptop,Electronics,4,45927,10,183708,31987.02,2025-11-11
ORD00628,CUST0826,Vivaan Singh,Ahmedabad,Gujarat,Keyboard,Accessories,3,15378,5,46134,13267.22,2025-04-14
ORD00629,CUST0752,Sai Gupta,Pune,Maharashtra,Tablet,Electronics,1,32709,10,32709,9514.29,2025-10-25
ORD00630,CUST0180,Priya Yadav,Mumbai,Maharashtra,USB Cable,Accessories,2,10485,15,20970,6118.2,2025-02-05
ORD00631,CUST0343,Diya Singh,Hyderabad,Telangana,USB Cable,Accessories,2,29241,5,58482,13625.98,2025-12-07
ORD00632,CUST0016,Arjun Yadav,Ahmedabad,Gujarat,Mouse,Accessories,5,35902,10,179510,39558.19,2025-03-07
ORD00633,CUST0159,Shivani Yadav,Mumbai,Maharashtra,Monitor,Electronics,4,21441,15,85764,22604.01,2025-02-16
ORD00634,CUST0305,Diya Reddy,Bangalore,Karnataka,Tablet,Electronics,3,12057,0,36171,8472.12,2025-01-18
ORD00635,CUST0960,Rohan Reddy,Ahmedabad,Gujarat,Tablet,Electronics,3,31496,10,94488,13868.41,2025-08-13
ORD00636,CUST0335,Rahul Jogi,Ahmedabad,Gujarat,Laptop,Electronics,2,31788,0,63576,14222.73,2025-08-01
ORD00637,CUST0537,Arjun Naidu,Pune,Maharashtra,USB Cable,Accessories,3,47446,20,142338,26975.05,2025-01-19
ORD00638,CUST0763,Vihaan Patel,Delhi,Delhi,Speaker,Electronics,2,44722,5,89444,11114.95,2025-06-27
ORD00639,CUST0350,Rahul Reddy,Hyderabad,Telangana,Monitor,Electronics,5,28303,0,141515,23914.71,2025-12-01
ORD00640,CUST0191,Rohan Verma,Ahmedabad,Gujarat,Tablet,Electronics,5,10150,0,50750,14653.51,2025-03-14
ORD00641,CUST0035,Rohan Kumar,Pune,Maharashtra,Headphones,Accessories,3,33507,10,100521,29922.88,2025-05-04
ORD00642,CUST0736,Diya Reddy,Chennai,Tamil Nadu,Printer,Office,1,13712,10,13712,2215.76,2025-02-14
ORD00643,CUST0881,Sneha Naidu,Hyderabad,Telangana,Speaker,Electronics,2,13783,15,27566,3712.69,2025-10-28
ORD00644,CUST0547,Aarav Singh,Hyderabad,Telangana,USB Cable,Accessories,2,38434,5,76868,8811.01,2025-02-02
ORD00645,CUST0310,Sneha Naidu,Mumbai,Maharashtra,Mouse,Accessories,3,22693,0,68079,9820.3,2025-10-12
ORD00646,CUST0212,Vivaan Jogi,Bangalore,Karnataka,Laptop,Electronics,4,26900,20,107600,16833.82,2025-11-20
ORD00647,CUST0465,Arjun Naidu,Delhi,Delhi,Laptop,Electronics,2,39506,15,79012,22801.35,2025-07-24
ORD00648,CUST0039,Aditya Verma,Kolkata,West Bengal,Mouse,Accessories,3,42926,20,128778,26599.45,2025-07-10
ORD00649,CUST0013,Vihaan Kumar,Delhi,Delhi,Headphones,Accessories,2,3927,15,7854,2303.57,2025-04-19
ORD00650,CUST0722,Kiran Gupta,Ahmedabad,Gujarat,USB Cable,Accessories,2,14495,20,28990,4739.53,2025-06-22
ORD00651,CUST0482,Ananya Patel,Bangalore,Karnataka,Printer,Office,3,38255,5,114765,11858.74,2025-06-14
ORD00652,CUST0543,Priya Kumar,Ahmedabad,Gujarat,Laptop,Electronics,5,36399,20,181995,44888.74,2025-09-07
ORD00653,CUST0902,Vivaan Sharma,Mumbai,Maharashtra,Keyboard,Accessories,2,14975,15,29950,4487.0,2025-06-09
ORD00654,CUST0680,Rohan Verma,Hyderabad,Telangana,Printer,Office,2,14237,10,28474,2311.73,2025-03-07
ORD00655,CUST0212,Vivaan Jogi,Bangalore,Karnataka,Mouse,Accessories,1,47433,20,47433,5358.06,2025-09-13
ORD00656,CUST0963,Aarav Naidu,Hyderabad,Telangana,Laptop,Electronics,1,23081,15,23081,6852.11,2025-06-11
ORD00657,CUST0234,Aditya Gupta,Pune,Maharashtra,Laptop,Electronics,4,17921,10,71684,7757.52,2025-02-08
ORD00658,CUST0686,Priya Kumar,Bangalore,Karnataka,Monitor,Electronics,3,32223,20,96669,17592.66,2025-06-06
ORD00659,CUST0081,Rohan Kumar,Hyderabad,Telangana,Monitor,Electronics,4,33274,10,133096,39426.48,2025-01-07
ORD00660,CUST0616,Ananya Reddy,Delhi,Delhi,Headphones,Accessories,3,18203,5,54609,10521.1,2025-12-15
ORD00661,CUST0683,Kiran Sharma,Delhi,Delhi,Laptop,Electronics,2,17935,20,35870,8346.36,2025-05-05
ORD00662,CUST0584,Shivani Verma,Chennai,Tamil Nadu,Mouse,Accessories,3,20790,5,62370,5012.31,2025-06-15
ORD00663,CUST0387,Ananya Gupta,Pune,Maharashtra,Printer,Office,1,32730,5,32730,8128.64,2025-01-06
ORD00664,CUST0243,Arjun Yadav,Hyderabad,Telangana,Monitor,Electronics,5,39443,20,197215,47853.63,2025-04-07
ORD00665,CUST0929,Sai Patel,Pune,Maharashtra,Laptop,Electronics,3,10022,20,30066,3773.19,2025-01-08
ORD00666,CUST0337,Diya Patel,Ahmedabad,Gujarat,Monitor,Electronics,4,48392,0,193568,54488.72,2025-11-22
ORD00667,CUST0239,Ananya Reddy,Hyderabad,Telangana,USB Cable,Accessories,1,29605,5,29605,4590.67,2025-10-28
ORD00668,CUST0352,Sai Jogi,Ahmedabad,Gujarat,Tablet,Electronics,4,18851,5,75404,13052.79,2025-07-12
ORD00669,CUST0842,Shivani Jogi,Mumbai,Maharashtra,Mouse,Accessories,1,2226,5,2226,378.11,2025-04-25
ORD00670,CUST0822,Rohan Singh,Kolkata,West Bengal,Webcam,Accessories,1,10027,5,10027,1896.91,2025-01-28
ORD00671,CUST0194,Priya Verma,Mumbai,Maharashtra,Tablet,Electronics,1,28571,20,28571,2586.11,2025-09-07
ORD00672,CUST0042,Shivani Sharma,Bangalore,Karnataka,USB Cable,Accessories,4,36176,15,144704,40823.66,2025-12-16
ORD00673,CUST0711,Sai Singh,Delhi,Delhi,Tablet,Electronics,5,37975,20,189875,41004.75,2025-03-27
ORD00674,CUST0179,Vihaan Singh,Hyderabad,Telangana,Keyboard,Accessories,1,39590,15,39590,5624.12,2025-04-11
ORD00675,CUST0824,Sneha Naidu,Delhi,Delhi,Speaker,Electronics,1,17848,20,17848,4819.05,2025-08-22
ORD00676,CUST0035,Rohan Kumar,Pune,Maharashtra,Laptop,Electronics,3,12289,5,36867,3949.09,2025-01-28
ORD00677,CUST0685,Priya Reddy,Mumbai,Maharashtra,Mouse,Accessories,4,17061,5,68244,8374.64,2025-02-26
ORD00678,CUST0713,Rahul Reddy,Ahmedabad,Gujarat,Mouse,Accessories,2,34859,10,69718,11974.83,2025-09-06
ORD00679,CUST0950,Vihaan Kumar,Delhi,Delhi,Laptop,Electronics,5,5776,10,28880,4123.61,2025-03-10
ORD00680,CUST0915,Meera Sharma,Mumbai,Maharashtra,Speaker,Electronics,2,2164,0,4328,486.53,2025-06-06
ORD00681,CUST0724,Meera Patel,Kolkata,West Bengal,Keyboard,Accessories,5,14831,10,74155,10165.15,2025-02-10
ORD00682,CUST0562,Arjun Reddy,Mumbai,Maharashtra,Webcam,Accessories,5,22291,15,111455,32203.68,2025-02-03
ORD00683,CUST0079,Sneha Yadav,Mumbai,Maharashtra,Speaker,Electronics,2,16106,15,32212,4809.11,2025-11-13
ORD00684,CUST0892,Aarav Kumar,Chennai,Tamil Nadu,Monitor,Electronics,1,31427,20,31427,3568.59,2025-05-21
ORD00685,CUST0722,Kiran Gupta,Ahmedabad,Gujarat,Keyboard,Accessories,1,20334,5,20334,2959.41,2025-06-17
ORD00686,CUST0783,Aditya Yadav,Ahmedabad,Gujarat,Headphones,Accessories,5,10032,15,50160,12253.38,2025-05-29
ORD00687,CUST0221,Diya Reddy,Hyderabad,Telangana,Tablet,Electronics,1,27920,15,27920,2533.68,2025-09-14
ORD00688,CUST0483,Kiran Reddy,Kolkata,West Bengal,USB Cable,Accessories,3,36977,5,110931,30691.05,2025-09-13
ORD00689,CUST0318,Sai Naidu,Hyderabad,Telangana,Keyboard,Accessories,5,44610,0,223050,30356.46,2025-08-13
ORD00690,CUST0020,Sneha Sharma,Hyderabad,Telangana,Tablet,Electronics,2,34471,20,68942,11632.91,2025-02-10
ORD00691,CUST0187,Sneha Naidu,Kolkata,West Bengal,Laptop,Electronics,2,46790,0,93580,14675.31,2025-04-29
ORD00692,CUST0222,Aarav Singh,Delhi,Delhi,Monitor,Electronics,2,24376,10,48752,10850.82,2025-12-06
ORD00693,CUST0982,Meera Verma,Kolkata,West Bengal,USB Cable,Accessories,3,32613,0,97839,24226.09,2025-08-25
ORD00694,CUST0496,Vihaan Singh,Bangalore,Karnataka,Webcam,Accessories,2,29807,20,59614,7868.25,2025-04-22
ORD00695,CUST0693,Vihaan Reddy,Mumbai,Maharashtra,Webcam,Accessories,2,9664,20,19328,4732.72,2025-08-12
ORD00696,CUST0499,Sai Reddy,Chennai,Tamil Nadu,USB Cable,Accessories,4,5343,20,21372,3994.56,2025-11-08
ORD00697,CUST0641,Ananya Yadav,Hyderabad,Telangana,Keyboard,Accessories,1,12677,20,12677,2620.38,2025-08-17
ORD00698,CUST0113,Meera Kumar,Chennai,Tamil Nadu,Webcam,Accessories,4,31955,0,127820,35281.1,2025-08-15
ORD00699,CUST0460,Rahul Gupta,Hyderabad,Telangana,Printer,Office,2,17161,0,34322,7602.45,2025-03-02
ORD00700,CUST0651,Shivani Kumar,Bangalore,Karnataka,Printer,Office,1,2600,20,2600,226.15,2025-08-22
ORD00701,CUST0340,Shivani Jogi,Mumbai,Maharashtra,Monitor,Electronics,3,2439,20,7317,1087.43,2025-06-30
ORD00702,CUST0639,Arjun Kumar,Chennai,Tamil Nadu,Laptop,Electronics,3,5327,20,15981,4637.33,2025-03-06
ORD00703,CUST0664,Arjun Naidu,Pune,Maharashtra,Webcam,Accessories,3,9297,15,27891,2700.79,2025-05-25
ORD00704,CUST0641,Ananya Yadav,Hyderabad,Telangana,Monitor,Electronics,3,25994,5,77982,7667.5,2025-07-29
ORD00705,CUST0685,Priya Reddy,Mumbai,Maharashtra,Printer,Office,4,28981,10,115924,18239.06,2025-04-20
ORD00706,CUST0756,Kiran Patel,Pune,Maharashtra,Keyboard,Accessories,2,15922,15,31844,3099.03,2025-01-22
ORD00707,CUST0230,Rahul Gupta,Hyderabad,Telangana,Monitor,Electronics,1,24986,15,24986,3805.74,2025-12-15
ORD00708,CUST0121,Rahul Kumar,Delhi,Delhi,Keyboard,Accessories,4,9806,5,39224,3962.11,2025-09-25
ORD00709,CUST0415,Shivani Verma,Kolkata,West Bengal,Webcam,Accessories,5,32848,5,164240,43092.72,2025-09-16
ORD00710,CUST0147,Meera Singh,Mumbai,Maharashtra,Webcam,Accessories,2,21811,20,43622,10536.91,2025-01-23
ORD00711,CUST0707,Vihaan Kumar,Chennai,Tamil Nadu,USB Cable,Accessories,5,29433,5,147165,38931.6,2025-11-05
ORD00712,CUST0533,Rahul Naidu,Chennai,Tamil Nadu,Webcam,Accessories,4,21546,15,86184,16071.3,2025-08-26
ORD00713,CUST0707,Vihaan Kumar,Chennai,Tamil Nadu,Speaker,Electronics,3,24654,0,73962,21360.95,2025-01-22
ORD00714,CUST0749,Sai Jogi,Ahmedabad,Gujarat,USB Cable,Accessories,1,12227,5,12227,2430.46,2025-04-19
ORD00715,CUST0340,Shivani Jogi,Mumbai,Maharashtra,USB Cable,Accessories,5,22269,0,111345,16381.42,2025-09-02
ORD00716,CUST0053,Sai Verma,Pune,Maharashtra,Printer,Office,4,1165,10,4660,1193.74,2025-01-17
ORD00717,CUST0827,Meera Kumar,Pune,Maharashtra,Monitor,Electronics,2,33942,5,67884,13904.83,2025-07-27
ORD00718,CUST0501,Vivaan Sharma,Pune,Maharashtra,USB Cable,Accessories,1,6202,0,6202,513.09,2025-08-06
ORD00719,CUST0462,Vihaan Gupta,Hyderabad,Telangana,Keyboard,Accessories,2,47150,10,94300,9807.24,2025-02-12
ORD00720,CUST0405,Meera Verma,Delhi,Delhi,Monitor,Electronics,4,43807,5,175228,49357.08,2025-03-20
ORD00721,CUST0138,Kiran Yadav,Bangalore,Karnataka,Mouse,Accessories,2,22460,10,44920,10271.56,2025-04-11
ORD00722,CUST0303,Meera Naidu,Kolkata,West Bengal,Monitor,Electronics,3,28082,0,84246,11239.13,2025-04-14
ORD00723,CUST0496,Vihaan Singh,Bangalore,Karnataka,Webcam,Accessories,1,28691,0,28691,7449.4,2025-03-03
ORD00724,CUST0536,Shivani Sharma,Delhi,Delhi,Mouse,Accessories,2,20144,20,40288,11251.59,2025-09-17
ORD00725,CUST0998,Rohan Reddy,Pune,Maharashtra,USB Cable,Accessories,4,6505,15,26020,2459.01,2025-02-20
ORD00726,CUST0407,Rohan Sharma,Kolkata,West Bengal,Headphones,Accessories,3,17665,20,52995,9241.96,2025-01-21
ORD00727,CUST0886,Arjun Kumar,Mumbai,Maharashtra,Laptop,Electronics,5,19470,15,97350,9660.88,2025-03-21
ORD00728,CUST0668,Kiran Sharma,Hyderabad,Telangana,USB Cable,Accessories,3,48471,10,145413,12788.08,2025-05-24
ORD00729,CUST0825,Arjun Sharma,Pune,Maharashtra,USB Cable,Accessories,1,29060,15,29060,8185.74,2025-01-17
ORD00730,CUST0200,Shivani Naidu,Mumbai,Maharashtra,Monitor,Electronics,3,22486,20,67458,16185.2,2025-11-06
ORD00731,CUST0678,Sai Singh,Bangalore,Karnataka,Printer,Office,2,28257,0,56514,13596.01,2025-03-03
ORD00732,CUST0667,Diya Yadav,Delhi,Delhi,Mouse,Accessories,4,40965,20,163860,14700.08,2025-01-21
ORD00733,CUST0286,Sneha Reddy,Delhi,Delhi,Headphones,Accessories,2,18269,5,36538,9710.27,2025-07-22
ORD00734,CUST0792,Aarav Naidu,Ahmedabad,Gujarat,USB Cable,Accessories,5,41980,10,209900,27775.44,2025-11-26
ORD00735,CUST0283,Sai Gupta,Delhi,Delhi,Printer,Office,3,10741,0,32223,7999.8,2025-08-14
ORD00736,CUST0898,Diya Naidu,Pune,Maharashtra,Keyboard,Accessories,2,13900,10,27800,8017.21,2025-07-20
ORD00737,CUST0852,Rahul Singh,Hyderabad,Telangana,USB Cable,Accessories,1,18742,0,18742,5500.57,2025-05-09
ORD00738,CUST0382,Ananya Patel,Pune,Maharashtra,Headphones,Accessories,4,31069,20,124276,34819.37,2025-03-07
ORD00739,CUST0973,Diya Kumar,Chennai,Tamil Nadu,Keyboard,Accessories,5,4497,20,22485,2532.43,2025-07-06
ORD00740,CUST0521,Shivani Sharma,Bangalore,Karnataka,Monitor,Electronics,4,47358,10,189432,24768.34,2025-02-02
ORD00741,CUST0152,Sneha Verma,Kolkata,West Bengal,Tablet,Electronics,3,16994,5,50982,13171.12,2025-02-02
ORD00742,CUST0899,Shivani Naidu,Chennai,Tamil Nadu,Laptop,Electronics,5,15977,0,79885,15197.73,2025-08-03
ORD00743,CUST0413,Shivani Kumar,Ahmedabad,Gujarat,Keyboard,Accessories,2,11776,10,23552,5655.82,2025-06-09
ORD00744,CUST0912,Vihaan Patel,Kolkata,West Bengal,Monitor,Electronics,5,35113,20,175565,51354.0,2025-02-19
ORD00745,CUST0768,Vivaan Gupta,Hyderabad,Telangana,Speaker,Electronics,2,45524,5,91048,26971.22,2025-09-19
ORD00746,CUST0117,Sai Naidu,Hyderabad,Telangana,Mouse,Accessories,2,34226,5,68452,8803.79,2025-09-16
ORD00747,CUST0987,Rohan Naidu,Chennai,Tamil Nadu,Headphones,Accessories,3,38563,10,115689,19105.66,2025-11-24
ORD00748,CUST0469,Vivaan Gupta,Pune,Maharashtra,Monitor,Electronics,5,10735,0,53675,7671.1,2025-01-25
ORD00749,CUST0195,Priya Jogi,Bangalore,Karnataka,Headphones,Accessories,5,49643,5,248215,24423.34,2025-08-07
ORD00750,CUST0457,Sai Patel,Delhi,Delhi,Tablet,Electronics,1,44958,20,44958,10609.52,2025-04-09
ORD00751,CUST0348,Diya Yadav,Delhi,Delhi,Keyboard,Accessories,3,48627,5,145881,13652.05,2025-08-26
ORD00752,CUST0730,Arjun Gupta,Kolkata,West Bengal,Headphones,Accessories,1,5695,15,5695,1361.78,2025-11-24
ORD00753,CUST0384,Priya Jogi,Bangalore,Karnataka,Tablet,Electronics,1,11626,15,11626,3047.48,2025-01-04
ORD00754,CUST0891,Sneha Patel,Bangalore,Karnataka,Printer,Office,4,4501,10,18004,4878.15,2025-02-12
ORD00755,CUST0680,Rohan Verma,Hyderabad,Telangana,USB Cable,Accessories,3,2829,20,8487,2403.06,2025-08-05
ORD00756,CUST0121,Rahul Kumar,Delhi,Delhi,Monitor,Electronics,2,17942,20,35884,7911.24,2025-10-07
ORD00757,CUST0270,Priya Gupta,Chennai,Tamil Nadu,Webcam,Accessories,3,3434,20,10302,2676.81,2025-10-16
ORD00758,CUST0948,Rahul Kumar,Hyderabad,Telangana,Speaker,Electronics,2,5519,10,11038,2432.53,2025-09-28
ORD00759,CUST0842,Shivani Jogi,Mumbai,Maharashtra,Keyboard,Accessories,4,12124,20,48496,10467.24,2025-06-10
ORD00760,CUST0453,Ananya Gupta,Kolkata,West Bengal,Laptop,Electronics,5,24003,15,120015,24215.25,2025-04-25
ORD00761,CUST0117,Sai Naidu,Hyderabad,Telangana,Mouse,Accessories,4,44825,0,179300,44210.57,2025-11-18
ORD00762,CUST0287,Shivani Reddy,Bangalore,Karnataka,USB Cable,Accessories,5,22457,15,112285,19641.23,2025-05-10
ORD00763,CUST0518,Sneha Kumar,Pune,Maharashtra,Mouse,Accessories,1,38771,10,38771,6795.4,2025-12-08
ORD00764,CUST0387,Ananya Gupta,Pune,Maharashtra,Speaker,Electronics,2,46362,20,92724,15415.01,2025-11-18
ORD00765,CUST0999,Aarav Patel,Chennai,Tamil Nadu,Laptop,Electronics,1,546,10,546,135.6,2025-07-30
ORD00766,CUST0140,Rahul Naidu,Delhi,Delhi,Printer,Office,3,43724,0,131172,39031.32,2025-06-15
ORD00767,CUST0882,Aditya Sharma,Mumbai,Maharashtra,USB Cable,Accessories,3,40632,10,121896,13462.83,2025-01-04
ORD00768,CUST0043,Shivani Naidu,Ahmedabad,Gujarat,Printer,Office,2,30395,0,60790,15327.63,2025-02-17
ORD00769,CUST0848,Sneha Gupta,Kolkata,West Bengal,Printer,Office,4,37962,0,151848,42001.91,2025-04-24
ORD00770,CUST0048,Sneha Sharma,Bangalore,Karnataka,Printer,Office,4,45101,15,180404,29387.86,2025-03-31
ORD00771,CUST0240,Rahul Patel,Pune,Maharashtra,Printer,Office,4,47028,15,188112,52271.18,2025-07-04
ORD00772,CUST0671,Meera Verma,Chennai,Tamil Nadu,Headphones,Accessories,5,2840,5,14200,2540.09,2025-08-10
ORD00773,CUST0879,Sai Singh,Kolkata,West Bengal,Mouse,Accessories,3,30581,15,91743,12002.74,2025-05-29
ORD00774,CUST0070,Vivaan Yadav,Hyderabad,Telangana,USB Cable,Accessories,4,37922,15,151688,25038.91,2025-03-02
ORD00775,CUST0830,Rahul Singh,Mumbai,Maharashtra,USB Cable,Accessories,4,33990,0,135960,28947.57,2025-06-12
ORD00776,CUST0554,Diya Naidu,Mumbai,Maharashtra,Keyboard,Accessories,4,46184,15,184736,31871.22,2025-11-20
ORD00777,CUST0948,Rahul Kumar,Hyderabad,Telangana,Printer,Office,1,28765,10,28765,4864.41,2025-04-20
ORD00778,CUST0893,Shivani Patel,Ahmedabad,Gujarat,Keyboard,Accessories,3,22261,20,66783,6861.76,2025-12-11
ORD00779,CUST0360,Aditya Sharma,Chennai,Tamil Nadu,Headphones,Accessories,2,44310,20,88620,24107.56,2025-02-02
ORD00780,CUST0178,Meera Singh,Mumbai,Maharashtra,Webcam,Accessories,2,40164,15,80328,21949.31,2025-06-17
ORD00781,CUST0509,Vivaan Naidu,Chennai,Tamil Nadu,Headphones,Accessories,2,20848,20,41696,12046.09,2025-07-28
ORD00782,CUST0058,Priya Yadav,Hyderabad,Telangana,Mouse,Accessories,1,42450,10,42450,7863.29,2025-12-19
ORD00783,CUST0582,Arjun Jogi,Kolkata,West Bengal,Webcam,Accessories,3,47382,20,142146,25969.41,2025-05-28
ORD00784,CUST0299,Rohan Patel,Delhi,Delhi,Laptop,Electronics,2,5176,20,10352,1381.22,2025-02-19
ORD00785,CUST0815,Priya Gupta,Hyderabad,Telangana,Keyboard,Accessories,1,27594,10,27594,7621.35,2025-05-25
ORD00786,CUST0985,Aarav Sharma,Hyderabad,Telangana,Tablet,Electronics,5,7059,15,35295,4278.18,2025-02-26
ORD00787,CUST0801,Meera Kumar,Bangalore,Karnataka,Headphones,Accessories,3,36499,10,109497,24281.3,2025-05-29
ORD00788,CUST0501,Vivaan Sharma,Pune,Maharashtra,Mouse,Accessories,5,24693,20,123465,12747.66,2025-09-17
ORD00789,CUST0773,Diya Reddy,Bangalore,Karnataka,USB Cable,Accessories,4,32862,0,131448,20164.2,2025-01-25
ORD00790,CUST0577,Priya Jogi,Mumbai,Maharashtra,USB Cable,Accessories,2,35821,20,71642,6189.77,2025-07-11
ORD00791,CUST0063,Vivaan Gupta,Delhi,Delhi,Headphones,Accessories,2,15693,0,31386,4701.61,2025-04-16
ORD00792,CUST0990,Diya Jogi,Delhi,Delhi,Keyboard,Accessories,2,3301,20,6602,597.96,2025-09-09
ORD00793,CUST0575,Rahul Patel,Bangalore,Karnataka,Printer,Office,3,44975,20,134925,29572.12,2025-11-04
ORD00794,CUST0965,Diya Patel,Delhi,Delhi,Laptop,Electronics,5,48909,20,244545,70184.7,2025-01-11
ORD00795,CUST0272,Arjun Gupta,Pune,Maharashtra,Printer,Office,4,23630,5,94520,18992.66,2025-04-06
ORD00796,CUST0626,Rohan Sharma,Mumbai,Maharashtra,USB Cable,Accessories,3,8685,10,26055,6750.56,2025-04-22
ORD00797,CUST0520,Ananya Verma,Chennai,Tamil Nadu,Monitor,Electronics,3,10082,15,30246,8554.3,2025-04-08
ORD00798,CUST0345,Priya Jogi,Pune,Maharashtra,Printer,Office,2,9387,5,18774,1576.42,2025-02-28
ORD00799,CUST0741,Vihaan Sharma,Kolkata,West Bengal,Mouse,Accessories,2,17759,15,35518,6149.02,2025-02-28
ORD00800,CUST0421,Diya Singh,Pune,Maharashtra,Webcam,Accessories,1,27610,20,27610,6814.19,2025-07-30
ORD00801,CUST0265,Priya Naidu,Chennai,Tamil Nadu,Laptop,Electronics,2,48617,20,97234,9937.73,2025-10-30
ORD00802,CUST0108,Shivani Naidu,Kolkata,West Bengal,Mouse,Accessories,1,38732,0,38732,9471.02,2025-04-05
ORD00803,CUST0634,Diya Jogi,Kolkata,West Bengal,Webcam,Accessories,2,31587,15,63174,8549.5,2025-10-26
ORD00804,CUST0042,Shivani Sharma,Bangalore,Karnataka,Monitor,Electronics,4,48011,5,192044,46769.64,2025-04-03
ORD00805,CUST0333,Meera Yadav,Bangalore,Karnataka,Laptop,Electronics,2,16355,10,32710,8934.36,2025-02-25
ORD00806,CUST0947,Sai Reddy,Ahmedabad,Gujarat,Keyboard,Accessories,4,36609,20,146436,14101.33,2025-02-19
ORD00807,CUST0624,Aditya Jogi,Pune,Maharashtra,Mouse,Accessories,1,29708,10,29708,3745.38,2025-02-24
ORD00808,CUST0111,Rahul Singh,Mumbai,Maharashtra,Printer,Office,3,8556,10,25668,3186.09,2025-06-05
ORD00809,CUST0495,Priya Yadav,Mumbai,Maharashtra,Laptop,Electronics,4,20919,15,83676,8027.54,2025-04-03
ORD00810,CUST0793,Ananya Singh,Ahmedabad,Gujarat,Tablet,Electronics,1,11881,10,11881,1404.4,2025-08-13
ORD00811,CUST0339,Priya Sharma,Chennai,Tamil Nadu,Printer,Office,4,31852,0,127408,33411.98,2025-01-26
ORD00812,CUST0845,Sai Naidu,Chennai,Tamil Nadu,Printer,Office,5,14519,5,72595,13496.34,2025-09-26
ORD00813,CUST0465,Arjun Naidu,Delhi,Delhi,USB Cable,Accessories,3,36091,5,108273,26858.32,2025-06-15
ORD00814,CUST0500,Sai Yadav,Bangalore,Karnataka,Webcam,Accessories,4,32723,20,130892,35349.7,2025-01-16
ORD00815,CUST0302,Sneha Yadav,Pune,Maharashtra,Laptop,Electronics,3,28317,20,84951,18100.58,2025-03-08
ORD00816,CUST0846,Priya Verma,Hyderabad,Telangana,Tablet,Electronics,2,9415,0,18830,1540.13,2025-06-04
ORD00817,CUST0565,Shivani Naidu,Hyderabad,Telangana,Keyboard,Accessories,5,19944,15,99720,9201.44,2025-07-29
ORD00818,CUST0083,Shivani Kumar,Pune,Maharashtra,Webcam,Accessories,5,31057,10,155285,23229.8,2025-12-25
ORD00819,CUST0656,Vivaan Patel,Bangalore,Karnataka,Headphones,Accessories,1,31541,5,31541,4115.99,2025-07-06
ORD00820,CUST0289,Sai Gupta,Bangalore,Karnataka,Keyboard,Accessories,4,39640,20,158560,16180.79,2025-05-03
ORD00821,CUST0413,Shivani Kumar,Ahmedabad,Gujarat,Printer,Office,3,36490,20,109470,13928.8,2025-11-18
ORD00822,CUST0358,Rohan Gupta,Bangalore,Karnataka,Mouse,Accessories,4,7085,20,28340,8128.15,2025-12-21
ORD00823,CUST0035,Rohan Kumar,Pune,Maharashtra,Tablet,Electronics,1,19398,20,19398,5658.24,2025-07-13
ORD00824,CUST0601,Shivani Yadav,Chennai,Tamil Nadu,Mouse,Accessories,4,44034,10,176136,49471.01,2025-06-11
ORD00825,CUST0087,Diya Patel,Chennai,Tamil Nadu,Webcam,Accessories,5,14976,0,74880,7555.14,2025-07-29
ORD00826,CUST0490,Vihaan Naidu,Mumbai,Maharashtra,Monitor,Electronics,1,653,0,653,119.8,2025-06-16
ORD00827,CUST0067,Rohan Kumar,Kolkata,West Bengal,Laptop,Electronics,3,24598,20,73794,19423.41,2025-08-03
ORD00828,CUST0675,Sneha Jogi,Ahmedabad,Gujarat,Laptop,Electronics,2,15573,20,31146,5234.4,2025-05-01
ORD00829,CUST0987,Rohan Naidu,Chennai,Tamil Nadu,Headphones,Accessories,1,6550,20,6550,1025.93,2025-11-15
ORD00830,CUST0287,Shivani Reddy,Bangalore,Karnataka,USB Cable,Accessories,1,32481,20,32481,2674.5,2025-04-21
ORD00831,CUST0930,Sai Gupta,Mumbai,Maharashtra,Laptop,Electronics,2,28772,15,57544,12014.88,2025-08-09
ORD00832,CUST0594,Arjun Reddy,Kolkata,West Bengal,Speaker,Electronics,2,13064,20,26128,3171.41,2025-07-26
ORD00833,CUST0267,Ananya Reddy,Chennai,Tamil Nadu,Tablet,Electronics,4,33357,0,133428,14238.4,2025-08-17
ORD00834,CUST0256,Ananya Verma,Pune,Maharashtra,Printer,Office,2,33560,10,67120,15321.27,2025-09-03
ORD00835,CUST0643,Aarav Patel,Mumbai,Maharashtra,Monitor,Electronics,3,35102,0,105306,29941.73,2025-02-12
ORD00836,CUST0524,Priya Yadav,Hyderabad,Telangana,Mouse,Accessories,4,33180,0,132720,23016.27,2025-05-19
ORD00837,CUST0293,Sneha Yadav,Ahmedabad,Gujarat,Headphones,Accessories,2,42530,0,85060,10082.95,2025-08-26
ORD00838,CUST0035,Rohan Kumar,Pune,Maharashtra,Keyboard,Accessories,5,29134,0,145670,26047.66,2025-02-20
ORD00839,CUST0473,Priya Yadav,Delhi,Delhi,Webcam,Accessories,1,8471,0,8471,1419.94,2025-01-03
ORD00840,CUST0236,Aarav Kumar,Chennai,Tamil Nadu,Monitor,Electronics,2,25194,5,50388,5128.22,2025-07-09
ORD00841,CUST0599,Vivaan Singh,Pune,Maharashtra,Printer,Office,3,7344,20,22032,5834.13,2025-09-13
ORD00842,CUST0232,Ananya Reddy,Hyderabad,Telangana,Tablet,Electronics,1,5522,15,5522,1380.83,2025-07-13
ORD00843,CUST0257,Arjun Sharma,Mumbai,Maharashtra,Speaker,Electronics,1,39787,15,39787,3367.22,2025-01-19
ORD00844,CUST0329,Ananya Yadav,Chennai,Tamil Nadu,Headphones,Accessories,3,16385,15,49155,4279.27,2025-07-11
ORD00845,CUST0109,Meera Reddy,Hyderabad,Telangana,Keyboard,Accessories,5,18755,0,93775,26602.24,2025-05-15
ORD00846,CUST0791,Arjun Kumar,Hyderabad,Telangana,Monitor,Electronics,3,37227,0,111681,13225.75,2025-10-24
ORD00847,CUST0723,Aarav Jogi,Bangalore,Karnataka,Mouse,Accessories,5,19333,5,96665,13114.89,2025-09-14
ORD00848,CUST0138,Kiran Yadav,Bangalore,Karnataka,Mouse,Accessories,2,1117,20,2234,316.04,2025-03-09
ORD00849,CUST0315,Aarav Yadav,Bangalore,Karnataka,Webcam,Accessories,4,13187,15,52748,13428.23,2025-08-12
ORD00850,CUST0795,Rahul Yadav,Chennai,Tamil Nadu,Monitor,Electronics,3,1501,15,4503,440.42,2025-09-21
ORD00851,CUST0079,Sneha Yadav,Mumbai,Maharashtra,Keyboard,Accessories,3,48703,5,146109,40827.02,2025-12-31
ORD00852,CUST0249,Meera Yadav,Pune,Maharashtra,Monitor,Electronics,4,10649,15,42596,4736.24,2025-12-04
ORD00853,CUST0391,Aarav Jogi,Delhi,Delhi,Webcam,Accessories,4,20414,5,81656,11152.74,2025-05-30
ORD00854,CUST0298,Sai Gupta,Delhi,Delhi,Mouse,Accessories,4,45644,15,182576,49539.74,2025-05-16
ORD00855,CUST0761,Ananya Patel,Chennai,Tamil Nadu,Mouse,Accessories,4,16836,10,67344,18344.37,2025-11-15
ORD00856,CUST0551,Sneha Patel,Kolkata,West Bengal,Mouse,Accessories,1,25672,5,25672,3829.56,2025-03-27
ORD00857,CUST0735,Aditya Sharma,Delhi,Delhi,Tablet,Electronics,3,21673,5,65019,15888.23,2025-07-20
ORD00858,CUST0155,Arjun Kumar,Hyderabad,Telangana,Headphones,Accessories,2,47675,15,95350,25694.49,2025-07-19
ORD00859,CUST0584,Shivani Verma,Chennai,Tamil Nadu,Tablet,Electronics,5,6502,5,32510,6608.54,2025-03-07
ORD00860,CUST0234,Aditya Gupta,Pune,Maharashtra,Speaker,Electronics,1,9999,5,9999,2798.97,2025-04-02
ORD00861,CUST0901,Kiran Kumar,Hyderabad,Telangana,Mouse,Accessories,4,15749,10,62996,6339.47,2025-11-14
ORD00862,CUST0969,Arjun Naidu,Kolkata,West Bengal,Webcam,Accessories,2,26898,15,53796,13513.69,2025-01-30
ORD00863,CUST0331,Sai Patel,Mumbai,Maharashtra,Keyboard,Accessories,2,33692,0,67384,12265.31,2025-03-20
ORD00864,CUST0272,Arjun Gupta,Pune,Maharashtra,Webcam,Accessories,5,38050,15,190250,40967.43,2025-08-21
ORD00865,CUST0125,Aditya Jogi,Mumbai,Maharashtra,Keyboard,Accessories,3,29989,5,89967,23837.1,2025-01-08
ORD00866,CUST0298,Sai Gupta,Delhi,Delhi,USB Cable,Accessories,1,11577,10,11577,3303.39,2025-03-07
ORD00867,CUST0368,Kiran Verma,Hyderabad,Telangana,Keyboard,Accessories,5,2146,0,10730,1107.05,2025-05-28
ORD00868,CUST0477,Rahul Gupta,Ahmedabad,Gujarat,Webcam,Accessories,4,19464,15,77856,21566.39,2025-02-11
ORD00869,CUST0335,Rahul Jogi,Ahmedabad,Gujarat,Headphones,Accessories,5,38576,0,192880,37329.82,2025-06-08
ORD00870,CUST0056,Priya Sharma,Pune,Maharashtra,USB Cable,Accessories,2,6434,5,12868,3689.73,2025-10-26
ORD00871,CUST0469,Vivaan Gupta,Pune,Maharashtra,Mouse,Accessories,2,11384,20,22768,2963.85,2025-08-22
ORD00872,CUST0899,Shivani Naidu,Chennai,Tamil Nadu,Headphones,Accessories,5,11745,20,58725,13821.55,2025-04-24
ORD00873,CUST0530,Kiran Singh,Pune,Maharashtra,USB Cable,Accessories,1,34706,20,34706,9682.16,2025-09-18
ORD00874,CUST0762,Sneha Naidu,Bangalore,Karnataka,Printer,Office,4,44118,20,176472,49291.33,2025-02-17
ORD00875,CUST0030,Rohan Patel,Delhi,Delhi,Headphones,Accessories,3,45302,10,135906,18384.38,2025-09-10
ORD00876,CUST0375,Priya Naidu,Pune,Maharashtra,Headphones,Accessories,2,42080,10,84160,23608.34,2025-10-22
ORD00877,CUST0780,Arjun Kumar,Delhi,Delhi,Headphones,Accessories,3,46581,0,139743,20290.37,2025-03-11
ORD00878,CUST0695,Arjun Jogi,Kolkata,West Bengal,Mouse,Accessories,4,47119,20,188476,31052.55,2025-12-15
ORD00879,CUST0943,Ananya Gupta,Kolkata,West Bengal,Monitor,Electronics,5,5596,0,27980,5238.53,2025-01-18
ORD00880,CUST0948,Rahul Kumar,Hyderabad,Telangana,Webcam,Accessories,4,22335,0,89340,9929.87,2025-10-29
ORD00881,CUST0895,Shivani Reddy,Bangalore,Karnataka,Webcam,Accessories,5,23050,5,115250,25758.9,2025-03-25
ORD00882,CUST0562,Arjun Reddy,Mumbai,Maharashtra,USB Cable,Accessories,3,39132,5,117396,28651.9,2025-04-06
ORD00883,CUST0794,Ananya Reddy,Chennai,Tamil Nadu,Printer,Office,1,15177,0,15177,3145.55,2025-08-01
ORD00884,CUST0438,Meera Jogi,Chennai,Tamil Nadu,USB Cable,Accessories,5,12216,0,61080,16290.79,2025-01-24
ORD00885,CUST0748,Kiran Yadav,Kolkata,West Bengal,Laptop,Electronics,1,27945,20,27945,5089.06,2025-07-31
ORD00886,CUST0115,Diya Singh,Chennai,Tamil Nadu,Monitor,Electronics,1,18445,5,18445,2228.67,2025-07-17
ORD00887,CUST0749,Sai Jogi,Ahmedabad,Gujarat,Monitor,Electronics,5,22886,0,114430,26707.46,2025-07-07
ORD00888,CUST0151,Ananya Reddy,Kolkata,West Bengal,Speaker,Electronics,2,31330,20,62660,5073.46,2025-01-26
ORD00889,CUST0170,Rohan Verma,Chennai,Tamil Nadu,Mouse,Accessories,3,47009,15,141027,20026.48,2025-03-23
ORD00890,CUST0807,Aditya Yadav,Bangalore,Karnataka,Laptop,Electronics,3,45095,15,135285,30568.87,2025-06-09
ORD00891,CUST0367,Shivani Gupta,Chennai,Tamil Nadu,USB Cable,Accessories,4,5650,0,22600,4645.05,2025-10-10
ORD00892,CUST0877,Arjun Kumar,Chennai,Tamil Nadu,Laptop,Electronics,1,48156,5,48156,6554.43,2025-02-07
ORD00893,CUST0717,Rahul Singh,Ahmedabad,Gujarat,Webcam,Accessories,1,10177,5,10177,1851.11,2025-03-02
ORD00894,CUST0815,Priya Gupta,Hyderabad,Telangana,Laptop,Electronics,3,30690,10,92070,26157.67,2025-05-18
ORD00895,CUST0362,Shivani Gupta,Bangalore,Karnataka,Mouse,Accessories,2,30377,20,60754,12928.1,2025-05-28
ORD00896,CUST0667,Diya Yadav,Delhi,Delhi,Speaker,Electronics,4,17171,10,68684,7492.77,2025-10-30
ORD00897,CUST0611,Vihaan Reddy,Hyderabad,Telangana,Monitor,Electronics,4,31914,15,127656,32896.38,2025-09-17
ORD00898,CUST0045,Meera Naidu,Pune,Maharashtra,USB Cable,Accessories,4,28714,5,114856,27885.89,2025-12-22
ORD00899,CUST0804,Sai Gupta,Ahmedabad,Gujarat,Headphones,Accessories,1,26048,0,26048,6061.63,2025-07-09
ORD00900,CUST0483,Kiran Reddy,Kolkata,West Bengal,USB Cable,Accessories,2,14468,0,28936,7011.91,2025-11-30
ORD00901,CUST0254,Aditya Kumar,Chennai,Tamil Nadu,Headphones,Accessories,1,36130,20,36130,6553.44,2025-10-05
ORD00902,CUST0265,Priya Naidu,Chennai,Tamil Nadu,Headphones,Accessories,3,47995,20,143985,40327.78,2025-12-05
ORD00903,CUST0406,Diya Naidu,Hyderabad,Telangana,Mouse,Accessories,3,981,0,2943,813.88,2025-08-12
ORD00904,CUST0558,Sneha Jogi,Mumbai,Maharashtra,Headphones,Accessories,4,4152,10,16608,4954.22,2025-06-01
ORD00905,CUST0451,Aditya Reddy,Bangalore,Karnataka,Keyboard,Accessories,3,25945,10,77835,8128.42,2025-09-12
ORD00906,CUST0241,Diya Naidu,Chennai,Tamil Nadu,USB Cable,Accessories,4,14895,0,59580,16796.17,2025-02-18
ORD00907,CUST0220,Aarav Jogi,Ahmedabad,Gujarat,Webcam,Accessories,2,1637,0,3274,402.98,2025-10-25
ORD00908,CUST0983,Rahul Reddy,Pune,Maharashtra,Printer,Office,2,48003,20,96006,19465.48,2025-07-01
ORD00909,CUST0232,Ananya Reddy,Hyderabad,Telangana,USB Cable,Accessories,1,24062,5,24062,7009.04,2025-07-01
ORD00910,CUST0803,Sneha Singh,Chennai,Tamil Nadu,Printer,Office,2,39723,15,79446,22312.93,2025-07-22
ORD00911,CUST0442,Ananya Verma,Bangalore,Karnataka,Webcam,Accessories,1,22399,20,22399,2477.53,2025-12-14
ORD00912,CUST0446,Rohan Gupta,Chennai,Tamil Nadu,Printer,Office,1,32614,10,32614,4265.42,2025-02-06
ORD00913,CUST0278,Shivani Patel,Chennai,Tamil Nadu,Laptop,Electronics,2,47826,0,95652,23797.7,2025-10-26
ORD00914,CUST0978,Meera Reddy,Delhi,Delhi,Printer,Office,5,34676,10,173380,42557.56,2025-12-01
ORD00915,CUST0377,Aditya Kumar,Bangalore,Karnataka,Mouse,Accessories,4,12873,5,51492,10940.4,2025-12-22
ORD00916,CUST0342,Rahul Verma,Ahmedabad,Gujarat,Keyboard,Accessories,2,35103,10,70206,19127.51,2025-10-18
ORD00917,CUST0105,Sai Gupta,Mumbai,Maharashtra,Tablet,Electronics,1,22157,15,22157,1800.73,2025-12-03
ORD00918,CUST0524,Priya Yadav,Hyderabad,Telangana,Tablet,Electronics,2,13434,20,26868,3122.18,2025-03-27
ORD00919,CUST0532,Sai Jogi,Bangalore,Karnataka,Speaker,Electronics,5,9365,5,46825,6082.71,2025-11-17
ORD00920,CUST0829,Shivani Patel,Chennai,Tamil Nadu,Printer,Office,2,43572,20,87144,21721.54,2025-04-27
ORD00921,CUST0464,Rohan Sharma,Ahmedabad,Gujarat,Keyboard,Accessories,4,33701,5,134804,34251.15,2025-04-10
ORD00922,CUST0199,Sai Yadav,Kolkata,West Bengal,Headphones,Accessories,1,24871,0,24871,5672.6,2025-03-26
ORD00923,CUST0102,Sneha Naidu,Kolkata,West Bengal,Tablet,Electronics,1,15344,15,15344,1442.01,2025-11-22
ORD00924,CUST0716,Aditya Singh,Kolkata,West Bengal,Laptop,Electronics,1,21632,10,21632,1769.4,2025-12-07
ORD00925,CUST0538,Vihaan Patel,Bangalore,Karnataka,Laptop,Electronics,5,44044,5,220220,37326.93,2025-06-01
ORD00926,CUST0197,Shivani Singh,Pune,Maharashtra,Mouse,Accessories,5,17743,10,88715,22513.36,2025-07-07
ORD00927,CUST0632,Sai Naidu,Ahmedabad,Gujarat,Monitor,Electronics,3,20212,5,60636,17698.01,2025-09-26
ORD00928,CUST0395,Aarav Reddy,Chennai,Tamil Nadu,USB Cable,Accessories,5,47026,15,235130,64335.0,2025-09-02
ORD00929,CUST0036,Arjun Gupta,Mumbai,Maharashtra,Tablet,Electronics,5,14188,15,70940,14382.03,2025-02-18
ORD00930,CUST0307,Rohan Jogi,Mumbai,Maharashtra,Webcam,Accessories,4,30241,15,120964,31872.86,2025-08-20
ORD00931,CUST0562,Arjun Reddy,Mumbai,Maharashtra,Monitor,Electronics,5,21795,20,108975,14139.67,2025-07-07
ORD00932,CUST0829,Shivani Patel,Chennai,Tamil Nadu,Tablet,Electronics,1,43988,15,43988,11044.31,2025-06-23
ORD00933,CUST0017,Priya Naidu,Delhi,Delhi,Webcam,Accessories,4,40533,15,162132,35699.48,2025-06-07
ORD00934,CUST0781,Kiran Singh,Chennai,Tamil Nadu,Headphones,Accessories,1,34631,20,34631,8751.74,2025-12-19
ORD00935,CUST0722,Kiran Gupta,Ahmedabad,Gujarat,Mouse,Accessories,5,16509,10,82545,7350.21,2025-05-22
ORD00936,CUST0099,Meera Sharma,Hyderabad,Telangana,Laptop,Electronics,3,32478,20,97434,24797.44,2025-09-25
ORD00937,CUST0488,Aarav Jogi,Ahmedabad,Gujarat,Monitor,Electronics,2,28568,10,57136,16233.83,2025-05-11
ORD00938,CUST0012,Sneha Naidu,Delhi,Delhi,Laptop,Electronics,3,36307,15,108921,27973.73,2025-11-19
ORD00939,CUST0148,Meera Jogi,Kolkata,West Bengal,Monitor,Electronics,4,24259,15,97036,26102.78,2025-11-18
ORD00940,CUST0097,Priya Sharma,Chennai,Tamil Nadu,Monitor,Electronics,3,40982,0,122946,12163.74,2025-02-01
ORD00941,CUST0785,Kiran Reddy,Delhi,Delhi,Headphones,Accessories,2,38002,0,76004,17742.52,2025-02-01
ORD00942,CUST0842,Shivani Jogi,Mumbai,Maharashtra,Laptop,Electronics,2,43781,0,87562,16090.7,2025-02-10
ORD00943,CUST0826,Vivaan Singh,Ahmedabad,Gujarat,Monitor,Electronics,5,23799,10,118995,12217.29,2025-07-13
ORD00944,CUST0229,Rohan Yadav,Chennai,Tamil Nadu,Keyboard,Accessories,3,19291,10,57873,12078.58,2025-12-12
ORD00945,CUST0114,Priya Patel,Ahmedabad,Gujarat,Mouse,Accessories,3,18841,10,56523,6991.75,2025-10-05
ORD00946,CUST0782,Kiran Yadav,Ahmedabad,Gujarat,Webcam,Accessories,1,43187,0,43187,6075.31,2025-03-05
ORD00947,CUST0653,Vivaan Verma,Hyderabad,Telangana,USB Cable,Accessories,2,11014,5,22028,6264.15,2025-01-03
ORD00948,CUST0357,Arjun Verma,Bangalore,Karnataka,Monitor,Electronics,5,8512,0,42560,6480.07,2025-10-27
ORD00949,CUST0013,Vihaan Kumar,Delhi,Delhi,USB Cable,Accessories,1,32281,15,32281,7789.71,2025-02-06
ORD00950,CUST0737,Diya Sharma,Pune,Maharashtra,Tablet,Electronics,4,3059,10,12236,2317.94,2025-06-29
ORD00951,CUST0603,Vivaan Gupta,Chennai,Tamil Nadu,Mouse,Accessories,1,27337,10,27337,6496.45,2025-05-23
ORD00952,CUST0253,Aarav Gupta,Chennai,Tamil Nadu,Keyboard,Accessories,1,45062,10,45062,8300.26,2025-03-22
ORD00953,CUST0025,Shivani Verma,Chennai,Tamil Nadu,Printer,Office,2,25519,5,51038,13580.57,2025-05-01
ORD00954,CUST0312,Vivaan Naidu,Ahmedabad,Gujarat,Webcam,Accessories,1,30742,10,30742,4831.33,2025-06-22
ORD00955,CUST0857,Arjun Yadav,Ahmedabad,Gujarat,Keyboard,Accessories,4,11193,15,44772,13092.28,2025-02-10
ORD00956,CUST0507,Rohan Yadav,Hyderabad,Telangana,Laptop,Electronics,3,13610,15,40830,5567.69,2025-01-29
ORD00957,CUST0992,Sneha Jogi,Kolkata,West Bengal,Printer,Office,2,38282,0,76564,21543.53,2025-06-12
ORD00958,CUST0326,Priya Verma,Kolkata,West Bengal,Webcam,Accessories,2,27448,15,54896,9348.47,2025-11-17
ORD00959,CUST0603,Vivaan Gupta,Chennai,Tamil Nadu,Monitor,Electronics,2,16541,10,33082,3618.02,2025-02-04
ORD00960,CUST0770,Aarav Singh,Pune,Maharashtra,Headphones,Accessories,2,34096,15,68192,6391.36,2025-12-05
ORD00961,CUST0006,Rahul Jogi,Delhi,Delhi,USB Cable,Accessories,4,33337,20,133348,14198.53,2025-12-17
ORD00962,CUST0829,Shivani Patel,Chennai,Tamil Nadu,Keyboard,Accessories,5,19234,5,96170,26784.28,2025-01-14
ORD00963,CUST0368,Kiran Verma,Hyderabad,Telangana,USB Cable,Accessories,3,26343,10,79029,22475.57,2025-02-02
ORD00964,CUST0327,Priya Sharma,Pune,Maharashtra,Speaker,Electronics,5,43666,0,218330,63088.2,2025-10-27
ORD00965,CUST0738,Priya Sharma,Kolkata,West Bengal,Webcam,Accessories,4,11705,20,46820,10952.64,2025-04-20
ORD00966,CUST0960,Rohan Reddy,Ahmedabad,Gujarat,Mouse,Accessories,5,14972,15,74860,8221.36,2025-12-22
ORD00967,CUST0154,Vivaan Jogi,Mumbai,Maharashtra,Webcam,Accessories,5,16250,10,81250,11196.84,2025-07-22
ORD00968,CUST0505,Vihaan Verma,Kolkata,West Bengal,Mouse,Accessories,2,25628,5,51256,13939.6,2025-03-11
ORD00969,CUST0099,Meera Sharma,Hyderabad,Telangana,Mouse,Accessories,2,34162,10,68324,11602.2,2025-03-16
ORD00970,CUST0637,Kiran Verma,Pune,Maharashtra,Monitor,Electronics,5,44836,20,224180,23167.01,2025-07-06
ORD00971,CUST0380,Arjun Reddy,Kolkata,West Bengal,Mouse,Accessories,4,40559,15,162236,13950.87,2025-01-01
ORD00972,CUST0419,Sneha Kumar,Delhi,Delhi,Webcam,Accessories,5,39041,10,195205,28352.01,2025-03-22
ORD00973,CUST0745,Aarav Jogi,Hyderabad,Telangana,Mouse,Accessories,4,39782,10,159128,41095.07,2025-08-08
ORD00974,CUST0896,Arjun Jogi,Kolkata,West Bengal,USB Cable,Accessories,1,8362,5,8362,2089.4,2025-03-03
ORD00975,CUST0184,Priya Sharma,Mumbai,Maharashtra,Tablet,Electronics,1,14885,20,14885,1856.45,2025-10-14
ORD00976,CUST0833,Kiran Verma,Mumbai,Maharashtra,Speaker,Electronics,2,13143,20,26286,6517.83,2025-07-25
ORD00977,CUST0930,Sai Gupta,Mumbai,Maharashtra,Monitor,Electronics,3,20165,10,60495,16581.22,2025-01-01
ORD00978,CUST0884,Vivaan Patel,Ahmedabad,Gujarat,Tablet,Electronics,5,45885,15,229425,27864.53,2025-09-10
ORD00979,CUST0028,Ananya Sharma,Ahmedabad,Gujarat,USB Cable,Accessories,5,26976,10,134880,29349.04,2025-01-25
ORD00980,CUST0130,Sai Reddy,Hyderabad,Telangana,Tablet,Electronics,4,47291,20,189164,16032.87,2025-07-10
ORD00981,CUST0222,Aarav Singh,Delhi,Delhi,Laptop,Electronics,4,30262,5,121048,35414.45,2025-04-13
ORD00982,CUST0107,Shivani Kumar,Bangalore,Karnataka,Webcam,Accessories,5,34117,0,170585,50169.09,2025-08-07
ORD00983,CUST0458,Meera Gupta,Pune,Maharashtra,USB Cable,Accessories,2,47070,10,94140,7959.19,2025-06-10
ORD00984,CUST0064,Rahul Sharma,Bangalore,Karnataka,Webcam,Accessories,5,31179,0,155895,32687.77,2025-08-13
ORD00985,CUST0514,Arjun Sharma,Delhi,Delhi,Mouse,Accessories,4,14855,15,59420,15334.07,2025-05-11
ORD00986,CUST0407,Rohan Sharma,Kolkata,West Bengal,Tablet,Electronics,3,7393,20,22179,3814.59,2025-11-09
ORD00987,CUST0912,Vihaan Patel,Kolkata,West Bengal,USB Cable,Accessories,4,35247,0,140988,38890.13,2025-07-13
ORD00988,CUST0256,Ananya Verma,Pune,Maharashtra,Printer,Office,3,32577,0,97731,25474.75,2025-12-03
ORD00989,CUST0584,Shivani Verma,Chennai,Tamil Nadu,Mouse,Accessories,4,32311,5,129244,22207.53,2025-04-18
ORD00990,CUST0229,Rohan Yadav,Chennai,Tamil Nadu,Mouse,Accessories,1,42873,5,42873,9721.83,2025-03-23
ORD00991,CUST0033,Priya Naidu,Kolkata,West Bengal,Tablet,Electronics,2,45215,15,90430,21787.38,2025-01-08
ORD00992,CUST0916,Diya Yadav,Mumbai,Maharashtra,Mouse,Accessories,1,16657,20,16657,3265.67,2025-03-12
ORD00993,CUST0883,Priya Gupta,Kolkata,West Bengal,Webcam,Accessories,3,12602,10,37806,6952.19,2025-12-27
ORD00994,CUST0983,Rahul Reddy,Pune,Maharashtra,Monitor,Electronics,3,12898,15,38694,5127.69,2025-06-08
ORD00995,CUST0089,Sai Verma,Hyderabad,Telangana,Webcam,Accessories,3,28138,5,84414,20252.9,2025-09-20
ORD00996,CUST0735,Aditya Sharma,Delhi,Delhi,Webcam,Accessories,4,44248,5,176992,41336.24,2025-07-22
ORD00997,CUST0186,Rohan Gupta,Delhi,Delhi,Speaker,Electronics,2,7980,5,15960,4151.55,2025-11-28
ORD00998,CUST0592,Kiran Yadav,Chennai,Tamil Nadu,USB Cable,Accessories,4,27650,10,110600,30839.16,2025-12-29
ORD00999,CUST0920,Rohan Kumar,Hyderabad,Telangana,Printer,Office,4,9922,15,39688,10106.6,2025-07-19
ORD01000,CUST0188,Diya Singh,Delhi,Delhi,Printer,Office,2,2579,0,5158,458.83,2025-05-12
ORD01001,CUST0785,Kiran Reddy,Delhi,Delhi,Monitor,Electronics,1,29314,0,29314,7909.78,2025-01-20
ORD01002,CUST0520,Ananya Verma,Chennai,Tamil Nadu,Headphones,Accessories,5,46559,5,232795,40957.39,2025-10-20
ORD01003,CUST0754,Aarav Verma,Chennai,Tamil Nadu,Speaker,Electronics,1,21596,10,21596,2481.36,2025-04-02
ORD01004,CUST0190,Aditya Naidu,Delhi,Delhi,Keyboard,Accessories,4,657,20,2628,612.48,2025-10-06
ORD01005,CUST0640,Vivaan Verma,Kolkata,West Bengal,Webcam,Accessories,5,27630,0,138150,24441.33,2025-01-18
ORD01006,CUST0961,Meera Sharma,Ahmedabad,Gujarat,Tablet,Electronics,5,21950,5,109750,15631.06,2025-06-01
ORD01007,CUST0469,Vivaan Gupta,Pune,Maharashtra,Monitor,Electronics,5,24731,5,123655,20098.47,2025-03-01
ORD01008,CUST0176,Vivaan Sharma,Hyderabad,Telangana,USB Cable,Accessories,5,42072,15,210360,37637.81,2025-05-14
ORD01009,CUST0981,Vivaan Verma,Chennai,Tamil Nadu,Printer,Office,2,48401,15,96802,22354.96,2025-01-07
ORD01010,CUST0179,Vihaan Singh,Hyderabad,Telangana,Webcam,Accessories,2,16267,0,32534,2897.02,2025-04-24
ORD01011,CUST0721,Shivani Kumar,Ahmedabad,Gujarat,Printer,Office,2,20944,10,41888,4739.34,2025-08-08
ORD01012,CUST0987,Rohan Naidu,Chennai,Tamil Nadu,Mouse,Accessories,4,18794,15,75176,16510.51,2025-12-05
ORD01013,CUST0717,Rahul Singh,Ahmedabad,Gujarat,Mouse,Accessories,4,7302,0,29208,8119.15,2025-02-12
ORD01014,CUST0701,Shivani Yadav,Hyderabad,Telangana,Tablet,Electronics,5,26317,5,131585,33329.09,2025-02-02
ORD01015,CUST0589,Diya Kumar,Mumbai,Maharashtra,Speaker,Electronics,3,17954,10,53862,12642.64,2025-08-05
ORD01016,CUST0841,Aditya Patel,Bangalore,Karnataka,Tablet,Electronics,1,1996,5,1996,296.51,2025-07-14
ORD01017,CUST0072,Rahul Naidu,Chennai,Tamil Nadu,USB Cable,Accessories,3,12258,20,36774,8023.98,2025-05-05
ORD01018,CUST0130,Sai Reddy,Hyderabad,Telangana,Speaker,Electronics,3,3249,0,9747,2116.23,2025-05-02
ORD01019,CUST0410,Aditya Sharma,Hyderabad,Telangana,Tablet,Electronics,2,1645,10,3290,292.02,2025-10-20
ORD01020,CUST0801,Meera Kumar,Bangalore,Karnataka,Tablet,Electronics,1,36284,5,36284,10412.39,2025-04-02
ORD01021,CUST0582,Arjun Jogi,Kolkata,West Bengal,Webcam,Accessories,5,43538,5,217690,18467.3,2025-12-14
ORD01022,CUST0566,Priya Yadav,Ahmedabad,Gujarat,Keyboard,Accessories,2,5964,15,11928,2195.58,2025-08-29
ORD01023,CUST0613,Shivani Gupta,Chennai,Tamil Nadu,Headphones,Accessories,1,46010,5,46010,13408.08,2025-11-25
ORD01024,CUST0832,Vivaan Jogi,Bangalore,Karnataka,USB Cable,Accessories,5,39115,10,195575,21915.76,2025-10-13
ORD01025,CUST0159,Shivani Yadav,Mumbai,Maharashtra,Keyboard,Accessories,3,19099,0,57297,8044.05,2025-06-26
ORD01026,CUST0610,Aditya Yadav,Bangalore,Karnataka,Speaker,Electronics,3,30228,20,90684,18232.97,2025-11-17
ORD01027,CUST0315,Aarav Yadav,Bangalore,Karnataka,USB Cable,Accessories,3,3909,0,11727,1402.7,2025-10-22
ORD01028,CUST0191,Rohan Verma,Ahmedabad,Gujarat,Webcam,Accessories,3,22932,10,68796,14731.1,2025-10-30
ORD01029,CUST0617,Sneha Singh,Bangalore,Karnataka,Headphones,Accessories,3,49591,15,148773,22848.04,2025-08-14
ORD01030,CUST0661,Meera Patel,Chennai,Tamil Nadu,Speaker,Electronics,4,18759,0,75036,16772.64,2025-04-15
ORD01031,CUST0944,Arjun Naidu,Kolkata,West Bengal,USB Cable,Accessories,1,36091,0,36091,8427.68,2025-11-08
ORD01032,CUST0777,Arjun Reddy,Pune,Maharashtra,Headphones,Accessories,4,33471,15,133884,11589.54,2025-04-01
ORD01033,CUST0634,Diya Jogi,Kolkata,West Bengal,USB Cable,Accessories,1,40117,5,40117,4589.89,2025-01-09
ORD01034,CUST0541,Priya Jogi,Kolkata,West Bengal,Printer,Office,5,18127,5,90635,16569.08,2025-08-14
ORD01035,CUST0393,Rahul Yadav,Bangalore,Karnataka,Mouse,Accessories,2,47403,20,94806,25220.42,2025-01-02
ORD01036,CUST0588,Sneha Verma,Chennai,Tamil Nadu,Laptop,Electronics,4,19151,10,76604,13018.77,2025-06-12
ORD01037,CUST0758,Sneha Kumar,Delhi,Delhi,Headphones,Accessories,3,40796,10,122388,17794.75,2025-06-07
ORD01038,CUST0166,Diya Gupta,Bangalore,Karnataka,Laptop,Electronics,4,39257,0,157028,25268.23,2025-11-30
ORD01039,CUST0670,Arjun Gupta,Mumbai,Maharashtra,Keyboard,Accessories,5,22995,15,114975,16910.71,2025-08-02
ORD01040,CUST0239,Ananya Reddy,Hyderabad,Telangana,Printer,Office,5,18641,20,93205,27719.19,2025-08-17
ORD01041,CUST0202,Priya Singh,Pune,Maharashtra,Monitor,Electronics,4,9038,10,36152,10103.9,2025-10-07
ORD01042,CUST0248,Arjun Jogi,Pune,Maharashtra,Monitor,Electronics,1,5498,15,5498,628.33,2025-12-16
ORD01043,CUST0216,Shivani Jogi,Hyderabad,Telangana,Headphones,Accessories,5,10843,20,54215,14343.79,2025-11-10
ORD01044,CUST0978,Meera Reddy,Delhi,Delhi,Printer,Office,3,26752,0,80256,21472.09,2025-03-31
ORD01045,CUST0977,Ananya Naidu,Mumbai,Maharashtra,Keyboard,Accessories,2,34478,0,68956,16408.68,2025-10-02
ORD01046,CUST0737,Diya Sharma,Pune,Maharashtra,Mouse,Accessories,3,30270,0,90810,16713.87,2025-09-15
ORD01047,CUST0400,Shivani Naidu,Delhi,Delhi,Tablet,Electronics,1,26478,15,26478,4620.49,2025-08-27
ORD01048,CUST0020,Sneha Sharma,Hyderabad,Telangana,Printer,Office,4,42855,15,171420,17781.31,2025-03-13
ORD01049,CUST0122,Arjun Naidu,Mumbai,Maharashtra,Speaker,Electronics,1,12448,0,12448,1478.06,2025-06-15
ORD01050,CUST0712,Vivaan Verma,Mumbai,Maharashtra,Printer,Office,4,21805,15,87220,23864.38,2025-09-24
ORD01051,CUST0799,Ananya Sharma,Pune,Maharashtra,Keyboard,Accessories,4,48416,20,193664,37906.01,2025-06-13
ORD01052,CUST0338,Aarav Kumar,Chennai,Tamil Nadu,Keyboard,Accessories,3,41304,10,123912,30103.01,2025-04-08
ORD01053,CUST0734,Shivani Yadav,Chennai,Tamil Nadu,Monitor,Electronics,5,36167,10,180835,48095.31,2025-11-19
ORD01054,CUST0073,Aditya Sharma,Delhi,Delhi,Printer,Office,1,6900,20,6900,1394.58,2025-03-30
ORD01055,CUST0067,Rohan Kumar,Kolkata,West Bengal,Headphones,Accessories,5,44208,15,221040,55346.56,2025-11-13
ORD01056,CUST0029,Shivani Yadav,Chennai,Tamil Nadu,USB Cable,Accessories,5,20209,10,101045,19762.47,2025-06-27
ORD01057,CUST0602,Shivani Sharma,Kolkata,West Bengal,Monitor,Electronics,1,23148,10,23148,4699.35,2025-05-01
ORD01058,CUST0581,Aditya Naidu,Ahmedabad,Gujarat,Monitor,Electronics,2,37715,10,75430,11007.28,2025-02-06
ORD01059,CUST0016,Arjun Yadav,Ahmedabad,Gujarat,Printer,Office,4,16533,15,66132,13826.55,2025-03-18
ORD01060,CUST0796,Priya Reddy,Bangalore,Karnataka,Laptop,Electronics,4,1144,20,4576,747.56,2025-10-27
ORD01061,CUST0665,Diya Reddy,Pune,Maharashtra,USB Cable,Accessories,2,12912,0,25824,5125.75,2025-01-24
ORD01062,CUST0158,Aarav Jogi,Pune,Maharashtra,Tablet,Electronics,5,24359,0,121795,33631.54,2025-06-06
ORD01063,CUST0266,Kiran Patel,Pune,Maharashtra,Tablet,Electronics,1,20809,0,20809,3303.08,2025-07-15
ORD01064,CUST0825,Arjun Sharma,Pune,Maharashtra,Tablet,Electronics,1,30357,5,30357,8473.24,2025-05-27
ORD01065,CUST0971,Shivani Reddy,Ahmedabad,Gujarat,Speaker,Electronics,5,43521,20,217605,53529.68,2025-12-23
ORD01066,CUST0078,Sneha Singh,Ahmedabad,Gujarat,Tablet,Electronics,2,12292,0,24584,3978.87,2025-07-28
ORD01067,CUST0586,Rohan Reddy,Mumbai,Maharashtra,Keyboard,Accessories,3,21982,0,65946,12889.21,2025-12-04
ORD01068,CUST0312,Vivaan Naidu,Ahmedabad,Gujarat,Printer,Office,5,1617,15,8085,2199.24,2025-08-20
ORD01069,CUST0355,Vivaan Jogi,Chennai,Tamil Nadu,Printer,Office,5,24360,0,121800,28791.49,2025-09-26
ORD01070,CUST0583,Kiran Sharma,Pune,Maharashtra,USB Cable,Accessories,1,12905,5,12905,2815.61,2025-09-08
ORD01071,CUST0372,Sneha Reddy,Bangalore,Karnataka,Tablet,Electronics,4,30434,10,121736,34233.76,2025-02-13
ORD01072,CUST0244,Arjun Singh,Hyderabad,Telangana,Speaker,Electronics,4,23139,10,92556,13699.65,2025-03-04
ORD01073,CUST0070,Vivaan Yadav,Hyderabad,Telangana,Printer,Office,5,25039,15,125195,26420.38,2025-07-05
ORD01074,CUST0273,Meera Reddy,Delhi,Delhi,Printer,Office,5,5789,10,28945,6950.1,2025-08-03
ORD01075,CUST0897,Aditya Sharma,Bangalore,Karnataka,Laptop,Electronics,2,42305,0,84610,9138.69,2025-06-18
ORD01076,CUST0689,Rohan Naidu,Ahmedabad,Gujarat,Tablet,Electronics,3,25029,15,75087,6034.06,2025-08-02
ORD01077,CUST0580,Vihaan Patel,Ahmedabad,Gujarat,USB Cable,Accessories,2,14607,0,29214,6344.96,2025-02-13
ORD01078,CUST0195,Priya Jogi,Bangalore,Karnataka,Mouse,Accessories,1,30872,15,30872,6906.94,2025-11-17
ORD01079,CUST0670,Arjun Gupta,Mumbai,Maharashtra,Laptop,Electronics,1,36283,10,36283,10346.19,2025-12-06
ORD01080,CUST0337,Diya Patel,Ahmedabad,Gujarat,Laptop,Electronics,4,5853,5,23412,4737.29,2025-03-27
ORD01081,CUST0226,Arjun Reddy,Delhi,Delhi,Webcam,Accessories,1,9657,10,9657,1897.19,2025-07-08
ORD01082,CUST0998,Rohan Reddy,Pune,Maharashtra,Headphones,Accessories,3,1272,10,3816,492.14,2025-12-02
ORD01083,CUST0952,Rahul Gupta,Mumbai,Maharashtra,Mouse,Accessories,4,34406,20,137624,20258.85,2025-06-19
ORD01084,CUST0743,Sai Jogi,Chennai,Tamil Nadu,Keyboard,Accessories,4,40537,0,162148,21396.49,2025-01-17
ORD01085,CUST0669,Arjun Naidu,Chennai,Tamil Nadu,Speaker,Electronics,3,16999,10,50997,5924.25,2025-12-07
ORD01086,CUST0126,Vivaan Jogi,Delhi,Delhi,Speaker,Electronics,1,2784,20,2784,714.87,2025-10-01
ORD01087,CUST0819,Meera Singh,Pune,Maharashtra,Tablet,Electronics,5,28596,20,142980,16997.63,2025-01-29
ORD01088,CUST0311,Arjun Yadav,Mumbai,Maharashtra,USB Cable,Accessories,1,1717,20,1717,346.71,2025-09-06
ORD01089,CUST0870,Aarav Patel,Chennai,Tamil Nadu,USB Cable,Accessories,3,34971,10,104913,23316.35,2025-11-12
ORD01090,CUST0420,Vihaan Naidu,Chennai,Tamil Nadu,Speaker,Electronics,4,8789,20,35156,8924.05,2025-02-04
ORD01091,CUST0885,Rohan Reddy,Bangalore,Karnataka,Mouse,Accessories,1,26893,20,26893,7671.3,2025-02-19
ORD01092,CUST0991,Meera Patel,Hyderabad,Telangana,Laptop,Electronics,5,9589,5,47945,10617.05,2025-08-26
ORD01093,CUST0708,Aarav Reddy,Kolkata,West Bengal,Speaker,Electronics,3,24715,15,74145,14774.28,2025-02-01
ORD01094,CUST0507,Rohan Yadav,Hyderabad,Telangana,Webcam,Accessories,4,13111,15,52444,10782.04,2025-01-28
ORD01095,CUST0563,Vivaan Sharma,Kolkata,West Bengal,Keyboard,Accessories,3,11051,10,33153,8602.88,2025-03-21
ORD01096,CUST0926,Shivani Jogi,Delhi,Delhi,Keyboard,Accessories,1,41720,20,41720,5458.03,2025-02-05
ORD01097,CUST0707,Vihaan Kumar,Chennai,Tamil Nadu,Tablet,Electronics,5,22111,5,110555,19955.31,2025-12-27
ORD01098,CUST0528,Aarav Reddy,Kolkata,West Bengal,Keyboard,Accessories,3,25278,15,75834,16835.89,2025-05-26
ORD01099,CUST0506,Diya Kumar,Ahmedabad,Gujarat,Speaker,Electronics,1,5753,15,5753,773.16,2025-03-06
ORD01100,CUST0323,Rahul Singh,Delhi,Delhi,Mouse,Accessories,5,24312,0,121560,31819.64,2025-10-12
ORD01101,CUST0138,Kiran Yadav,Bangalore,Karnataka,Tablet,Electronics,4,17077,20,68308,16312.37,2025-07-01
ORD01102,CUST0079,Sneha Yadav,Mumbai,Maharashtra,Webcam,Accessories,4,40156,0,160624,31262.79,2025-09-18
ORD01103,CUST0926,Shivani Jogi,Delhi,Delhi,Headphones,Accessories,3,39112,0,117336,18820.18,2025-05-07
ORD01104,CUST0838,Rahul Verma,Ahmedabad,Gujarat,Keyboard,Accessories,4,6125,20,24500,3664.5,2025-05-07
ORD01105,CUST0124,Vihaan Naidu,Kolkata,West Bengal,Webcam,Accessories,1,48280,0,48280,5721.11,2025-02-07
ORD01106,CUST0803,Sneha Singh,Chennai,Tamil Nadu,Webcam,Accessories,5,5910,20,29550,3724.43,2025-12-31
ORD01107,CUST0208,Diya Yadav,Bangalore,Karnataka,Mouse,Accessories,1,5780,0,5780,1393.41,2025-01-11
ORD01108,CUST0310,Sneha Naidu,Mumbai,Maharashtra,Keyboard,Accessories,1,26468,20,26468,3014.72,2025-03-11
ORD01109,CUST0293,Sneha Yadav,Ahmedabad,Gujarat,Webcam,Accessories,3,16847,0,50541,7837.92,2025-07-30
ORD01110,CUST0009,Ananya Gupta,Mumbai,Maharashtra,Laptop,Electronics,1,36479,10,36479,10936.83,2025-09-28
ORD01111,CUST0461,Vihaan Kumar,Delhi,Delhi,Speaker,Electronics,5,46011,20,230055,21250.93,2025-08-20
ORD01112,CUST0427,Diya Kumar,Bangalore,Karnataka,Headphones,Accessories,5,19488,15,97440,27022.51,2025-01-05
ORD01113,CUST0506,Diya Kumar,Ahmedabad,Gujarat,Speaker,Electronics,1,18568,15,18568,1899.76,2025-08-11
ORD01114,CUST0606,Meera Gupta,Chennai,Tamil Nadu,Keyboard,Accessories,4,45856,15,183424,19073.66,2025-04-08
ORD01115,CUST0553,Meera Patel,Bangalore,Karnataka,Tablet,Electronics,2,31309,15,62618,7229.08,2025-12-29
ORD01116,CUST0518,Sneha Kumar,Pune,Maharashtra,Webcam,Accessories,3,2129,20,6387,1643.93,2025-05-01
ORD01117,CUST0541,Priya Jogi,Kolkata,West Bengal,Printer,Office,4,3577,15,14308,2615.96,2025-12-29
ORD01118,CUST0377,Aditya Kumar,Bangalore,Karnataka,Mouse,Accessories,1,2069,20,2069,445.84,2025-12-11
ORD01119,CUST0011,Meera Reddy,Bangalore,Karnataka,Printer,Office,4,49518,0,198072,20913.99,2025-08-31
ORD01120,CUST0760,Vivaan Kumar,Ahmedabad,Gujarat,Speaker,Electronics,4,22334,5,89336,25241.76,2025-01-31
ORD01121,CUST0134,Rahul Yadav,Bangalore,Karnataka,USB Cable,Accessories,4,20533,5,82132,10205.99,2025-11-30
ORD01122,CUST0497,Vihaan Gupta,Mumbai,Maharashtra,Speaker,Electronics,4,1762,0,7048,625.59,2025-03-02
ORD01123,CUST0880,Arjun Naidu,Hyderabad,Telangana,Laptop,Electronics,5,36081,0,180405,48639.94,2025-11-30
ORD01124,CUST0660,Kiran Naidu,Bangalore,Karnataka,Printer,Office,2,44257,20,88514,25168.28,2025-07-10
ORD01125,CUST0532,Sai Jogi,Bangalore,Karnataka,Keyboard,Accessories,3,10998,20,32994,3172.36,2025-06-11
ORD01126,CUST0396,Rohan Gupta,Hyderabad,Telangana,Mouse,Accessories,2,31036,15,62072,8890.22,2025-10-05
ORD01127,CUST0141,Aditya Patel,Pune,Maharashtra,Speaker,Electronics,3,4609,10,13827,4004.32,2025-06-17
ORD01128,CUST0265,Priya Naidu,Chennai,Tamil Nadu,Laptop,Electronics,1,4263,15,4263,1078.08,2025-11-07
ORD01129,CUST0152,Sneha Verma,Kolkata,West Bengal,Monitor,Electronics,3,8809,15,26427,3921.67,2025-01-21
ORD01130,CUST0092,Aarav Reddy,Ahmedabad,Gujarat,Keyboard,Accessories,3,3435,5,10305,2159.21,2025-04-30
ORD01131,CUST0114,Priya Patel,Ahmedabad,Gujarat,Tablet,Electronics,3,46970,10,140910,37712.85,2025-02-13
ORD01132,CUST0481,Aarav Kumar,Bangalore,Karnataka,Tablet,Electronics,1,45196,10,45196,10675.15,2025-02-09
ORD01133,CUST0973,Diya Kumar,Chennai,Tamil Nadu,Laptop,Electronics,3,38940,10,116820,32936.67,2025-04-19
ORD01134,CUST0487,Rohan Gupta,Delhi,Delhi,Tablet,Electronics,4,21453,15,85812,14285.16,2025-03-21
ORD01135,CUST0362,Shivani Gupta,Bangalore,Karnataka,USB Cable,Accessories,4,3651,10,14604,4377.99,2025-04-30
ORD01136,CUST0007,Meera Yadav,Pune,Maharashtra,Headphones,Accessories,1,9775,10,9775,1532.42,2025-11-12
ORD01137,CUST0308,Rohan Sharma,Pune,Maharashtra,Keyboard,Accessories,2,12689,5,25378,5284.32,2025-03-03
ORD01138,CUST0558,Sneha Jogi,Mumbai,Maharashtra,Laptop,Electronics,1,32990,5,32990,8893.83,2025-07-06
ORD01139,CUST0953,Meera Jogi,Chennai,Tamil Nadu,Monitor,Electronics,5,12077,15,60385,11830.4,2025-02-01
ORD01140,CUST0152,Sneha Verma,Kolkata,West Bengal,Laptop,Electronics,2,20854,5,41708,4482.45,2025-06-15
ORD01141,CUST0013,Vihaan Kumar,Delhi,Delhi,Tablet,Electronics,2,15840,20,31680,8869.79,2025-04-18
ORD01142,CUST0259,Aditya Yadav,Hyderabad,Telangana,Printer,Office,1,7424,20,7424,1967.82,2025-03-05
ORD01143,CUST0737,Diya Sharma,Pune,Maharashtra,Printer,Office,4,44923,15,179692,26256.63,2025-03-18
ORD01144,CUST0817,Priya Yadav,Hyderabad,Telangana,Tablet,Electronics,1,33598,0,33598,6935.06,2025-12-16
ORD01145,CUST0688,Vivaan Naidu,Delhi,Delhi,Tablet,Electronics,4,43535,15,174140,20793.27,2025-04-29
ORD01146,CUST0582,Arjun Jogi,Kolkata,West Bengal,Mouse,Accessories,5,35627,15,178135,47169.62,2025-08-01
ORD01147,CUST0437,Meera Gupta,Delhi,Delhi,Keyboard,Accessories,3,18772,10,56316,9570.54,2025-12-19
ORD01148,CUST0010,Aarav Reddy,Delhi,Delhi,Speaker,Electronics,5,30224,0,151120,31500.97,2025-12-09
ORD01149,CUST0687,Vivaan Kumar,Pune,Maharashtra,Speaker,Electronics,5,49165,10,245825,41246.14,2025-07-03
ORD01150,CUST0874,Vihaan Singh,Ahmedabad,Gujarat,Headphones,Accessories,5,21157,5,105785,27034.84,2025-05-09
ORD01151,CUST0540,Priya Verma,Bangalore,Karnataka,Webcam,Accessories,1,35834,20,35834,10249.74,2025-03-15
ORD01152,CUST0480,Diya Sharma,Mumbai,Maharashtra,Keyboard,Accessories,4,27907,0,111628,15248.85,2025-12-16
ORD01153,CUST0045,Meera Naidu,Pune,Maharashtra,Tablet,Electronics,4,15252,15,61008,10370.46,2025-02-13
ORD01154,CUST0712,Vivaan Verma,Mumbai,Maharashtra,Mouse,Accessories,2,40933,20,81866,21401.38,2025-07-03
ORD01155,CUST0558,Sneha Jogi,Mumbai,Maharashtra,Headphones,Accessories,5,16631,15,83155,14741.65,2025-12-14
ORD01156,CUST0134,Rahul Yadav,Bangalore,Karnataka,Keyboard,Accessories,5,1979,0,9895,803.7,2025-05-31
ORD01157,CUST0475,Shivani Verma,Bangalore,Karnataka,Webcam,Accessories,2,9918,0,19836,4016.96,2025-12-06
ORD01158,CUST0703,Ananya Singh,Mumbai,Maharashtra,Keyboard,Accessories,4,33193,10,132772,20749.39,2025-04-11
ORD01159,CUST0902,Vivaan Sharma,Mumbai,Maharashtra,Monitor,Electronics,3,29539,0,88617,23468.74,2025-12-12
ORD01160,CUST0757,Sai Patel,Delhi,Delhi,Keyboard,Accessories,3,21046,20,63138,15997.66,2025-04-18
ORD01161,CUST0864,Shivani Verma,Chennai,Tamil Nadu,Monitor,Electronics,4,14256,20,57024,6918.55,2025-08-28
ORD01162,CUST0023,Ananya Verma,Kolkata,West Bengal,Printer,Office,1,10834,10,10834,1602.1,2025-06-26
ORD01163,CUST0597,Sneha Jogi,Bangalore,Karnataka,Keyboard,Accessories,1,45769,5,45769,4163.81,2025-11-16
ORD01164,CUST0086,Sneha Patel,Hyderabad,Telangana,Printer,Office,4,44237,10,176948,41095.61,2025-03-23
ORD01165,CUST0476,Rohan Kumar,Ahmedabad,Gujarat,Printer,Office,2,24579,10,49158,4300.35,2025-11-26
ORD01166,CUST0220,Aarav Jogi,Ahmedabad,Gujarat,Keyboard,Accessories,4,48351,5,193404,23378.27,2025-01-12
ORD01167,CUST0804,Sai Gupta,Ahmedabad,Gujarat,Speaker,Electronics,3,27352,5,82056,16651.36,2025-02-15
ORD01168,CUST0048,Sneha Sharma,Bangalore,Karnataka,Tablet,Electronics,2,32890,20,65780,8522.45,2025-07-07
ORD01169,CUST0409,Priya Naidu,Mumbai,Maharashtra,Printer,Office,1,40566,5,40566,7809.93,2025-02-06
ORD01170,CUST0709,Ananya Yadav,Chennai,Tamil Nadu,Keyboard,Accessories,4,16012,20,64048,12357.08,2025-10-23
ORD01171,CUST0675,Sneha Jogi,Ahmedabad,Gujarat,Mouse,Accessories,1,15215,20,15215,1335.69,2025-12-13
ORD01172,CUST0471,Sneha Kumar,Hyderabad,Telangana,Laptop,Electronics,5,40153,0,200765,45211.76,2025-03-17
ORD01173,CUST0442,Ananya Verma,Bangalore,Karnataka,Webcam,Accessories,2,27831,15,55662,9452.18,2025-03-21
ORD01174,CUST0686,Priya Kumar,Bangalore,Karnataka,Printer,Office,3,17039,0,51117,8808.77,2025-09-20
ORD01175,CUST0783,Aditya Yadav,Ahmedabad,Gujarat,Tablet,Electronics,1,9275,15,9275,1995.08,2025-11-17
ORD01176,CUST0188,Diya Singh,Delhi,Delhi,Keyboard,Accessories,5,7136,5,35680,6128.85,2025-04-09
ORD01177,CUST0072,Rahul Naidu,Chennai,Tamil Nadu,Printer,Office,1,33361,0,33361,5895.58,2025-01-13
ORD01178,CUST0258,Priya Patel,Bangalore,Karnataka,Printer,Office,4,31131,5,124524,24919.34,2025-02-28
ORD01179,CUST0600,Ananya Gupta,Ahmedabad,Gujarat,Mouse,Accessories,4,21949,20,87796,22971.56,2025-02-06
ORD01180,CUST0758,Sneha Kumar,Delhi,Delhi,Webcam,Accessories,1,14703,20,14703,1360.48,2025-12-28
ORD01181,CUST0153,Aarav Verma,Pune,Maharashtra,Webcam,Accessories,1,39865,15,39865,3354.42,2025-05-09
ORD01182,CUST0097,Priya Sharma,Chennai,Tamil Nadu,Printer,Office,3,37165,0,111495,10336.19,2025-06-06
ORD01183,CUST0884,Vivaan Patel,Ahmedabad,Gujarat,Monitor,Electronics,2,49504,0,99008,23366.23,2025-12-25
ORD01184,CUST0695,Arjun Jogi,Kolkata,West Bengal,Laptop,Electronics,2,3687,15,7374,774.36,2025-02-11
ORD01185,CUST0029,Shivani Yadav,Chennai,Tamil Nadu,Mouse,Accessories,2,48261,15,96522,23954.14,2025-11-22
ORD01186,CUST0770,Aarav Singh,Pune,Maharashtra,Webcam,Accessories,5,18322,0,91610,25083.83,2025-12-18
ORD01187,CUST0317,Diya Patel,Bangalore,Karnataka,Printer,Office,3,31637,15,94911,24835.28,2025-10-20
ORD01188,CUST0041,Ananya Reddy,Kolkata,West Bengal,USB Cable,Accessories,2,6905,0,13810,3333.92,2025-06-07
ORD01189,CUST0504,Priya Singh,Mumbai,Maharashtra,Keyboard,Accessories,5,47464,5,237320,42389.64,2025-06-13
ORD01190,CUST0774,Rohan Patel,Kolkata,West Bengal,Monitor,Electronics,3,11181,0,33543,4433.49,2025-11-22
ORD01191,CUST0414,Diya Reddy,Kolkata,West Bengal,Tablet,Electronics,3,45007,20,135021,36919.74,2025-04-29
ORD01192,CUST0915,Meera Sharma,Mumbai,Maharashtra,Monitor,Electronics,1,7042,10,7042,1165.51,2025-07-16
ORD01193,CUST0460,Rahul Gupta,Hyderabad,Telangana,Keyboard,Accessories,5,31082,0,155410,32417.03,2025-11-23
ORD01194,CUST0513,Priya Reddy,Pune,Maharashtra,Monitor,Electronics,1,18679,5,18679,1752.35,2025-01-29
ORD01195,CUST0768,Vivaan Gupta,Hyderabad,Telangana,Keyboard,Accessories,5,30952,10,154760,37045.15,2025-04-13
ORD01196,CUST0558,Sneha Jogi,Mumbai,Maharashtra,USB Cable,Accessories,5,28778,10,143890,30702.28,2025-03-01
ORD01197,CUST0482,Ananya Patel,Bangalore,Karnataka,Tablet,Electronics,3,20829,10,62487,14843.54,2025-01-08
ORD01198,CUST0981,Vivaan Verma,Chennai,Tamil Nadu,Keyboard,Accessories,1,39232,10,39232,5104.41,2025-09-09
ORD01199,CUST0765,Meera Patel,Mumbai,Maharashtra,Printer,Office,2,42338,10,84676,8194.64,2025-10-10
ORD01200,CUST0848,Sneha Gupta,Kolkata,West Bengal,Speaker,Electronics,3,23275,10,69825,11674.55,2025-11-11
ORD01201,CUST0858,Priya Gupta,Bangalore,Karnataka,Printer,Office,4,4178,5,16712,3358.54,2025-04-24
ORD01202,CUST0550,Rahul Sharma,Chennai,Tamil Nadu,Webcam,Accessories,2,9830,10,19660,4123.15,2025-05-09
ORD01203,CUST0025,Shivani Verma,Chennai,Tamil Nadu,Webcam,Accessories,2,45931,5,91862,24764.63,2025-05-07
ORD01204,CUST0932,Kiran Verma,Pune,Maharashtra,USB Cable,Accessories,4,42552,10,170208,29760.92,2025-04-08
ORD01205,CUST0060,Aarav Patel,Delhi,Delhi,Laptop,Electronics,2,49556,10,99112,8975.74,2025-08-15
ORD01206,CUST0548,Priya Gupta,Kolkata,West Bengal,Mouse,Accessories,3,35001,0,105003,17214.6,2025-01-12
ORD01207,CUST0523,Priya Jogi,Mumbai,Maharashtra,Tablet,Electronics,5,36175,10,180875,21418.34,2025-01-28
ORD01208,CUST0359,Sneha Verma,Chennai,Tamil Nadu,Keyboard,Accessories,4,38798,20,155192,21697.92,2025-02-01
ORD01209,CUST0142,Diya Gupta,Delhi,Delhi,Mouse,Accessories,3,622,10,1866,380.7,2025-03-29
ORD01210,CUST0249,Meera Yadav,Pune,Maharashtra,Laptop,Electronics,4,23983,10,95932,10392.75,2025-02-08
ORD01211,CUST0717,Rahul Singh,Ahmedabad,Gujarat,Mouse,Accessories,4,15987,15,63948,19060.09,2025-06-18
ORD01212,CUST0381,Sai Singh,Hyderabad,Telangana,Monitor,Electronics,1,21110,0,21110,6301.32,2025-04-16
ORD01213,CUST0447,Ananya Verma,Pune,Maharashtra,Laptop,Electronics,2,31685,5,63370,5860.44,2025-11-17
ORD01214,CUST0458,Meera Gupta,Pune,Maharashtra,Speaker,Electronics,4,20961,5,83844,11633.08,2025-05-03
ORD01215,CUST0324,Shivani Jogi,Hyderabad,Telangana,Webcam,Accessories,2,3226,10,6452,844.25,2025-10-12
ORD01216,CUST0002,Shivani Kumar,Delhi,Delhi,Monitor,Electronics,3,26985,15,80955,23547.08,2025-09-28
ORD01217,CUST0896,Arjun Jogi,Kolkata,West Bengal,Tablet,Electronics,2,45750,5,91500,22291.94,2025-09-13
ORD01218,CUST0079,Sneha Yadav,Mumbai,Maharashtra,Keyboard,Accessories,2,20081,15,40162,4706.1,2025-08-04
ORD01219,CUST0050,Rahul Patel,Pune,Maharashtra,Printer,Office,3,45504,15,136512,40672.45,2025-01-12
ORD01220,CUST0336,Aditya Naidu,Chennai,Tamil Nadu,Keyboard,Accessories,1,49289,20,49289,13713.08,2025-02-27
ORD01221,CUST0264,Vivaan Gupta,Kolkata,West Bengal,Keyboard,Accessories,3,11834,5,35502,7261.97,2025-04-07
ORD01222,CUST0513,Priya Reddy,Pune,Maharashtra,USB Cable,Accessories,4,44741,15,178964,43444.8,2025-01-12
ORD01223,CUST0483,Kiran Reddy,Kolkata,West Bengal,Laptop,Electronics,5,7214,5,36070,9572.57,2025-05-05
ORD01224,CUST0710,Meera Yadav,Hyderabad,Telangana,Keyboard,Accessories,1,27921,5,27921,4976.37,2025-04-28
ORD01225,CUST0996,Arjun Verma,Chennai,Tamil Nadu,Keyboard,Accessories,5,32259,20,161295,16090.24,2025-07-12
ORD01226,CUST0643,Aarav Patel,Mumbai,Maharashtra,Tablet,Electronics,3,17689,10,53067,6070.1,2025-05-24
ORD01227,CUST0060,Aarav Patel,Delhi,Delhi,Speaker,Electronics,3,44107,15,132321,10676.41,2025-12-19
ORD01228,CUST0301,Shivani Kumar,Bangalore,Karnataka,Monitor,Electronics,2,5251,20,10502,2851.93,2025-06-15
ORD01229,CUST0732,Rohan Naidu,Chennai,Tamil Nadu,Tablet,Electronics,3,21226,20,63678,10183.13,2025-12-13
ORD01230,CUST0676,Rahul Reddy,Chennai,Tamil Nadu,Headphones,Accessories,2,3096,10,6192,1373.17,2025-11-15
ORD01231,CUST0360,Aditya Sharma,Chennai,Tamil Nadu,Printer,Office,3,16370,5,49110,11629.04,2025-05-30
ORD01232,CUST0364,Sneha Yadav,Ahmedabad,Gujarat,Tablet,Electronics,3,17143,20,51429,9509.24,2025-11-13
ORD01233,CUST0001,Vihaan Patel,Ahmedabad,Gujarat,Laptop,Electronics,5,6186,20,30930,6453.13,2025-01-16
ORD01234,CUST0017,Priya Naidu,Delhi,Delhi,Monitor,Electronics,4,7348,5,29392,6355.11,2025-06-09
ORD01235,CUST0904,Vivaan Singh,Delhi,Delhi,Tablet,Electronics,1,8219,0,8219,1398.49,2025-07-05
ORD01236,CUST0864,Shivani Verma,Chennai,Tamil Nadu,Webcam,Accessories,1,14661,0,14661,3128.28,2025-02-17
ORD01237,CUST0562,Arjun Reddy,Mumbai,Maharashtra,Speaker,Electronics,4,12797,15,51188,4957.01,2025-12-23
ORD01238,CUST0543,Priya Kumar,Ahmedabad,Gujarat,Tablet,Electronics,2,5568,0,11136,2230.66,2025-09-14
ORD01239,CUST0214,Vivaan Singh,Bangalore,Karnataka,Webcam,Accessories,3,41790,15,125370,18686.69,2025-04-20
ORD01240,CUST0974,Sneha Patel,Ahmedabad,Gujarat,USB Cable,Accessories,5,43182,10,215910,22491.95,2025-02-17
ORD01241,CUST0488,Aarav Jogi,Ahmedabad,Gujarat,Monitor,Electronics,5,27559,15,137795,39039.02,2025-05-25
ORD01242,CUST0169,Vihaan Reddy,Bangalore,Karnataka,Mouse,Accessories,2,48467,10,96934,28486.13,2025-01-09
ORD01243,CUST0811,Aarav Singh,Delhi,Delhi,Printer,Office,1,10512,5,10512,2339.69,2025-08-09
ORD01244,CUST0104,Arjun Jogi,Pune,Maharashtra,Webcam,Accessories,2,17821,20,35642,7180.2,2025-10-05
ORD01245,CUST0439,Sneha Jogi,Mumbai,Maharashtra,Webcam,Accessories,5,21492,0,107460,26130.53,2025-06-04
ORD01246,CUST0015,Rohan Jogi,Bangalore,Karnataka,Headphones,Accessories,1,14004,5,14004,1759.11,2025-05-29
ORD01247,CUST0522,Vihaan Verma,Pune,Maharashtra,Printer,Office,4,35078,5,140312,38887.36,2025-05-08
ORD01248,CUST0811,Aarav Singh,Delhi,Delhi,Speaker,Electronics,1,20335,0,20335,2121.66,2025-05-30
ORD01249,CUST0427,Diya Kumar,Bangalore,Karnataka,Monitor,Electronics,3,26615,0,79845,6570.73,2025-12-27
ORD01250,CUST0065,Sai Jogi,Hyderabad,Telangana,Monitor,Electronics,2,39863,20,79726,23121.96,2025-06-14
ORD01251,CUST0153,Aarav Verma,Pune,Maharashtra,Webcam,Accessories,5,15057,15,75285,10663.48,2025-10-27
ORD01252,CUST0738,Priya Sharma,Kolkata,West Bengal,Webcam,Accessories,4,24644,0,98576,11216.52,2025-01-11
ORD01253,CUST0501,Vivaan Sharma,Pune,Maharashtra,Webcam,Accessories,5,34835,20,174175,45642.4,2025-10-17
ORD01254,CUST0232,Ananya Reddy,Hyderabad,Telangana,Speaker,Electronics,4,33863,5,135452,35087.33,2025-09-22
ORD01255,CUST0019,Meera Verma,Bangalore,Karnataka,Keyboard,Accessories,2,24558,10,49116,14541.43,2025-05-27
ORD01256,CUST0327,Priya Sharma,Pune,Maharashtra,Monitor,Electronics,3,19703,5,59109,16885.06,2025-06-30
ORD01257,CUST0923,Vihaan Gupta,Chennai,Tamil Nadu,USB Cable,Accessories,4,35195,15,140780,15861.13,2025-05-18
ORD01258,CUST0847,Arjun Patel,Pune,Maharashtra,Keyboard,Accessories,2,37341,15,74682,10052.93,2025-11-18
ORD01259,CUST0587,Vivaan Yadav,Mumbai,Maharashtra,Monitor,Electronics,2,46292,0,92584,24539.65,2025-12-12
ORD01260,CUST0997,Rohan Reddy,Delhi,Delhi,Monitor,Electronics,3,48588,0,145764,30667.62,2025-04-20
ORD01261,CUST0441,Aarav Naidu,Mumbai,Maharashtra,Tablet,Electronics,3,11330,5,33990,8173.46,2025-02-08
ORD01262,CUST0756,Kiran Patel,Pune,Maharashtra,USB Cable,Accessories,2,33706,5,67412,8486.65,2025-09-28
ORD01263,CUST0382,Ananya Patel,Pune,Maharashtra,Keyboard,Accessories,4,30156,10,120624,26040.98,2025-11-29
ORD01264,CUST0047,Rahul Verma,Chennai,Tamil Nadu,Speaker,Electronics,2,832,20,1664,490.92,2025-10-25
ORD01265,CUST0858,Priya Gupta,Bangalore,Karnataka,Monitor,Electronics,5,11224,10,56120,5565.49,2025-03-03
ORD01266,CUST0664,Arjun Naidu,Pune,Maharashtra,Speaker,Electronics,3,1218,20,3654,975.27,2025-02-09
ORD01267,CUST0833,Kiran Verma,Mumbai,Maharashtra,Mouse,Accessories,3,49907,15,149721,44905.46,2025-08-20
ORD01268,CUST0724,Meera Patel,Kolkata,West Bengal,Keyboard,Accessories,5,40285,15,201425,22923.97,2025-06-05
ORD01269,CUST0335,Rahul Jogi,Ahmedabad,Gujarat,Tablet,Electronics,5,34832,5,174160,50028.47,2025-02-02
ORD01270,CUST0999,Aarav Patel,Chennai,Tamil Nadu,Mouse,Accessories,2,3676,5,7352,1311.56,2025-08-10
ORD01271,CUST0275,Kiran Sharma,Kolkata,West Bengal,Monitor,Electronics,3,18395,15,55185,13072.76,2025-09-05
ORD01272,CUST0882,Aditya Sharma,Mumbai,Maharashtra,Speaker,Electronics,4,32266,5,129064,21907.03,2025-01-02
ORD01273,CUST0810,Ananya Yadav,Delhi,Delhi,Monitor,Electronics,1,37918,15,37918,9633.16,2025-11-27
ORD01274,CUST0877,Arjun Kumar,Chennai,Tamil Nadu,Headphones,Accessories,5,17853,5,89265,17615.05,2025-06-18
ORD01275,CUST0008,Sneha Gupta,Ahmedabad,Gujarat,Speaker,Electronics,2,4560,20,9120,1921.97,2025-05-02
ORD01276,CUST0318,Sai Naidu,Hyderabad,Telangana,Keyboard,Accessories,5,11645,5,58225,6614.86,2025-05-21
ORD01277,CUST0373,Ananya Verma,Chennai,Tamil Nadu,Laptop,Electronics,5,5238,20,26190,4613.36,2025-11-30
ORD01278,CUST0863,Sneha Patel,Ahmedabad,Gujarat,Tablet,Electronics,5,25236,20,126180,34481.4,2025-08-02
ORD01279,CUST0029,Shivani Yadav,Chennai,Tamil Nadu,USB Cable,Accessories,1,35021,0,35021,3596.25,2025-06-10
ORD01280,CUST0168,Ananya Singh,Kolkata,West Bengal,Printer,Office,2,37037,20,74074,21782.21,2025-01-29
ORD01281,CUST0006,Rahul Jogi,Delhi,Delhi,Monitor,Electronics,5,30385,5,151925,23944.3,2025-09-14
ORD01282,CUST0090,Sai Patel,Kolkata,West Bengal,Printer,Office,1,18240,15,18240,1842.55,2025-06-06
ORD01283,CUST0793,Ananya Singh,Ahmedabad,Gujarat,Headphones,Accessories,4,31727,5,126908,24127.6,2025-11-22
ORD01284,CUST0818,Priya Naidu,Kolkata,West Bengal,Webcam,Accessories,1,15862,0,15862,2648.71,2025-02-23
ORD01285,CUST0635,Diya Kumar,Pune,Maharashtra,Printer,Office,5,27863,10,139315,41021.98,2025-06-28
ORD01286,CUST0483,Kiran Reddy,Kolkata,West Bengal,Laptop,Electronics,2,10023,15,20046,3781.69,2025-01-26
ORD01287,CUST0068,Diya Gupta,Mumbai,Maharashtra,Mouse,Accessories,2,42658,0,85316,14821.24,2025-02-12
ORD01288,CUST0384,Priya Jogi,Bangalore,Karnataka,USB Cable,Accessories,1,25606,20,25606,2354.27,2025-04-24
ORD01289,CUST0566,Priya Yadav,Ahmedabad,Gujarat,Monitor,Electronics,5,6531,10,32655,2878.42,2025-03-19
ORD01290,CUST0791,Arjun Kumar,Hyderabad,Telangana,USB Cable,Accessories,3,41810,10,125430,30626.19,2025-12-26
ORD01291,CUST0343,Diya Singh,Hyderabad,Telangana,Keyboard,Accessories,3,25627,10,76881,22834.85,2025-12-07
ORD01292,CUST0043,Shivani Naidu,Ahmedabad,Gujarat,Mouse,Accessories,3,14500,10,43500,5905.55,2025-05-10
ORD01293,CUST0515,Vihaan Gupta,Ahmedabad,Gujarat,Keyboard,Accessories,3,557,0,1671,167.49,2025-12-08
ORD01294,CUST0905,Rohan Patel,Chennai,Tamil Nadu,Speaker,Electronics,5,41942,0,209710,61950.22,2025-02-26
ORD01295,CUST0229,Rohan Yadav,Chennai,Tamil Nadu,Monitor,Electronics,3,38048,10,114144,21997.17,2025-04-05
ORD01296,CUST0897,Aditya Sharma,Bangalore,Karnataka,Laptop,Electronics,4,39812,0,159248,36907.23,2025-05-29
ORD01297,CUST0324,Shivani Jogi,Hyderabad,Telangana,Laptop,Electronics,1,42564,10,42564,7021.18,2025-01-22
ORD01298,CUST0571,Meera Patel,Hyderabad,Telangana,USB Cable,Accessories,3,45834,5,137502,35709.49,2025-11-26
ORD01299,CUST0954,Arjun Jogi,Delhi,Delhi,Keyboard,Accessories,5,41727,15,208635,42618.87,2025-06-22
ORD01300,CUST0445,Meera Verma,Delhi,Delhi,Webcam,Accessories,1,6855,20,6855,1085.25,2025-05-15
ORD01301,CUST0490,Vihaan Naidu,Mumbai,Maharashtra,Tablet,Electronics,1,35385,20,35385,3250.87,2025-05-12
ORD01302,CUST0209,Aditya Jogi,Mumbai,Maharashtra,Printer,Office,3,25375,20,76125,21234.3,2025-06-13
ORD01303,CUST0909,Vivaan Kumar,Pune,Maharashtra,Printer,Office,2,9735,15,19470,5398.39,2025-09-21
ORD01304,CUST0514,Arjun Sharma,Delhi,Delhi,Monitor,Electronics,2,17925,5,35850,6427.89,2025-02-01
ORD01305,CUST0784,Aditya Gupta,Pune,Maharashtra,Printer,Office,1,11353,0,11353,948.49,2025-04-07
ORD01306,CUST0262,Arjun Sharma,Hyderabad,Telangana,Keyboard,Accessories,2,2492,15,4984,827.36,2025-02-28
ORD01307,CUST0079,Sneha Yadav,Mumbai,Maharashtra,Printer,Office,1,47921,15,47921,8477.36,2025-12-04
ORD01308,CUST0660,Kiran Naidu,Bangalore,Karnataka,Laptop,Electronics,3,23708,15,71124,12887.79,2025-09-10
ORD01309,CUST0476,Rohan Kumar,Ahmedabad,Gujarat,Headphones,Accessories,3,11349,0,34047,4666.41,2025-08-10
ORD01310,CUST0184,Priya Sharma,Mumbai,Maharashtra,Webcam,Accessories,5,36107,15,180535,25141.55,2025-10-23
ORD01311,CUST0231,Rahul Sharma,Bangalore,Karnataka,Monitor,Electronics,5,23680,15,118400,18969.46,2025-04-04
ORD01312,CUST0919,Aarav Yadav,Delhi,Delhi,USB Cable,Accessories,4,23387,15,93548,17467.5,2025-02-19
ORD01313,CUST0248,Arjun Jogi,Pune,Maharashtra,USB Cable,Accessories,3,19778,15,59334,10948.73,2025-07-02
ORD01314,CUST0723,Aarav Jogi,Bangalore,Karnataka,Printer,Office,1,43690,5,43690,5751.34,2025-11-18
ORD01315,CUST0162,Ananya Reddy,Hyderabad,Telangana,Printer,Office,3,7314,15,21942,5612.61,2025-09-26
ORD01316,CUST0280,Meera Patel,Ahmedabad,Gujarat,Headphones,Accessories,5,29708,10,148540,18645.06,2025-07-17
ORD01317,CUST0501,Vivaan Sharma,Pune,Maharashtra,Keyboard,Accessories,1,31681,15,31681,6873.01,2025-02-21
ORD01318,CUST0772,Arjun Patel,Bangalore,Karnataka,Webcam,Accessories,2,38293,0,76586,15150.71,2025-06-02
ORD01319,CUST0791,Arjun Kumar,Hyderabad,Telangana,Laptop,Electronics,5,26124,15,130620,12086.52,2025-09-17
ORD01320,CUST0956,Priya Singh,Delhi,Delhi,Keyboard,Accessories,3,37704,20,113112,18340.48,2025-11-08
ORD01321,CUST0479,Kiran Sharma,Delhi,Delhi,Webcam,Accessories,2,40734,10,81468,9903.46,2025-04-11
ORD01322,CUST0774,Rohan Patel,Kolkata,West Bengal,Tablet,Electronics,5,30483,20,152415,41585.45,2025-06-03
ORD01323,CUST0051,Aditya Gupta,Kolkata,West Bengal,USB Cable,Accessories,2,37639,20,75278,10355.92,2025-12-07
ORD01324,CUST0342,Rahul Verma,Ahmedabad,Gujarat,Keyboard,Accessories,4,12501,20,50004,6337.66,2025-07-15
ORD01325,CUST0972,Shivani Reddy,Delhi,Delhi,Mouse,Accessories,5,25802,0,129010,25464.55,2025-05-29
ORD01326,CUST0810,Ananya Yadav,Delhi,Delhi,Printer,Office,1,14127,0,14127,2645.52,2025-08-01
ORD01327,CUST0731,Ananya Patel,Ahmedabad,Gujarat,Headphones,Accessories,4,41743,10,166972,16068.71,2025-12-10
ORD01328,CUST0899,Shivani Naidu,Chennai,Tamil Nadu,Keyboard,Accessories,3,17895,10,53685,13636.16,2025-12-24
ORD01329,CUST0222,Aarav Singh,Delhi,Delhi,Webcam,Accessories,1,46560,5,46560,13755.99,2025-10-01
ORD01330,CUST0928,Shivani Gupta,Delhi,Delhi,Tablet,Electronics,2,10396,15,20792,2437.71,2025-03-27
ORD01331,CUST0799,Ananya Sharma,Pune,Maharashtra,Keyboard,Accessories,1,5497,5,5497,678.85,2025-02-24
ORD01332,CUST0288,Ananya Verma,Delhi,Delhi,Webcam,Accessories,3,36977,20,110931,31351.72,2025-04-30
ORD01333,CUST0551,Sneha Patel,Kolkata,West Bengal,Monitor,Electronics,2,21056,20,42112,6787.82,2025-12-04
ORD01334,CUST0441,Aarav Naidu,Mumbai,Maharashtra,Keyboard,Accessories,4,14828,10,59312,11063.72,2025-05-14
ORD01335,CUST0813,Arjun Verma,Kolkata,West Bengal,USB Cable,Accessories,4,15173,5,60692,6737.63,2025-02-02
ORD01336,CUST0143,Arjun Sharma,Delhi,Delhi,USB Cable,Accessories,3,38621,0,115863,17624.82,2025-11-19
ORD01337,CUST0930,Sai Gupta,Mumbai,Maharashtra,Keyboard,Accessories,1,49976,0,49976,13265.98,2025-04-06
ORD01338,CUST0637,Kiran Verma,Pune,Maharashtra,Printer,Office,5,31564,5,157820,46672.82,2025-08-09
ORD01339,CUST0708,Aarav Reddy,Kolkata,West Bengal,Keyboard,Accessories,4,2113,0,8452,1326.25,2025-08-12
ORD01340,CUST0945,Kiran Yadav,Delhi,Delhi,Speaker,Electronics,4,42526,10,170104,28845.28,2025-11-01
ORD01341,CUST0099,Meera Sharma,Hyderabad,Telangana,Printer,Office,4,46019,15,184076,50717.4,2025-09-22
ORD01342,CUST0215,Vivaan Reddy,Mumbai,Maharashtra,Tablet,Electronics,4,32685,0,130740,24762.69,2025-08-20
ORD01343,CUST0222,Aarav Singh,Delhi,Delhi,Speaker,Electronics,1,15515,10,15515,1379.24,2025-01-09
ORD01344,CUST0466,Meera Sharma,Delhi,Delhi,Mouse,Accessories,3,5869,15,17607,1832.65,2025-01-07
ORD01345,CUST0012,Sneha Naidu,Delhi,Delhi,Mouse,Accessories,3,30772,15,92316,16886.04,2025-01-05
ORD01346,CUST0596,Diya Jogi,Pune,Maharashtra,Headphones,Accessories,3,8538,0,25614,6035.38,2025-11-20
ORD01347,CUST0774,Rohan Patel,Kolkata,West Bengal,Tablet,Electronics,3,5200,20,15600,1395.43,2025-06-30
ORD01348,CUST0998,Rohan Reddy,Pune,Maharashtra,Webcam,Accessories,2,23789,15,47578,8958.96,2025-10-01
ORD01349,CUST0482,Ananya Patel,Bangalore,Karnataka,Laptop,Electronics,2,2656,20,5312,965.63,2025-02-22
ORD01350,CUST0494,Meera Gupta,Mumbai,Maharashtra,USB Cable,Accessories,4,10887,5,43548,9023.02,2025-10-03
ORD01351,CUST0105,Sai Gupta,Mumbai,Maharashtra,USB Cable,Accessories,5,6003,15,30015,5323.06,2025-06-11
ORD01352,CUST0364,Sneha Yadav,Ahmedabad,Gujarat,Printer,Office,3,46586,15,139758,35631.38,2025-09-30
ORD01353,CUST0290,Aarav Sharma,Delhi,Delhi,Printer,Office,4,44172,10,176688,38396.61,2025-06-29
ORD01354,CUST0231,Rahul Sharma,Bangalore,Karnataka,Tablet,Electronics,2,47875,10,95750,26330.0,2025-11-15
ORD01355,CUST0611,Vihaan Reddy,Hyderabad,Telangana,Headphones,Accessories,5,49587,5,247935,54466.54,2025-12-30
ORD01356,CUST0503,Ananya Reddy,Ahmedabad,Gujarat,Keyboard,Accessories,1,34646,15,34646,2806.64,2025-04-21
ORD01357,CUST0356,Shivani Yadav,Delhi,Delhi,Tablet,Electronics,5,10483,15,52415,12047.75,2025-08-13
ORD01358,CUST0652,Aditya Yadav,Pune,Maharashtra,Speaker,Electronics,3,38289,10,114867,15265.28,2025-06-20
ORD01359,CUST0532,Sai Jogi,Bangalore,Karnataka,Keyboard,Accessories,2,10026,15,20052,4621.07,2025-02-19
ORD01360,CUST0806,Rohan Reddy,Delhi,Delhi,Tablet,Electronics,3,17910,0,53730,7788.02,2025-03-26
ORD01361,CUST0341,Ananya Naidu,Kolkata,West Bengal,Laptop,Electronics,5,8337,5,41685,6440.89,2025-12-01
ORD01362,CUST0915,Meera Sharma,Mumbai,Maharashtra,Webcam,Accessories,5,46326,20,231630,61762.48,2025-08-27
ORD01363,CUST0538,Vihaan Patel,Bangalore,Karnataka,Speaker,Electronics,4,32823,0,131292,32793.38,2025-03-18
ORD01364,CUST0568,Rohan Yadav,Hyderabad,Telangana,Webcam,Accessories,3,37600,20,112800,25923.75,2025-03-22
ORD01365,CUST0039,Aditya Verma,Kolkata,West Bengal,Monitor,Electronics,4,27270,20,109080,27136.22,2025-03-29
ORD01366,CUST0100,Sneha Kumar,Ahmedabad,Gujarat,Mouse,Accessories,4,7812,0,31248,7589.26,2025-07-31
ORD01367,CUST0474,Aarav Singh,Pune,Maharashtra,USB Cable,Accessories,4,34540,10,138160,11404.29,2025-06-25
ORD01368,CUST0393,Rahul Yadav,Bangalore,Karnataka,Headphones,Accessories,2,16132,5,32264,6726.19,2025-10-29
ORD01369,CUST0851,Kiran Verma,Ahmedabad,Gujarat,Laptop,Electronics,1,41217,15,41217,10378.46,2025-04-21
ORD01370,CUST0950,Vihaan Kumar,Delhi,Delhi,Webcam,Accessories,3,34703,10,104109,8330.8,2025-01-10
ORD01371,CUST0596,Diya Jogi,Pune,Maharashtra,Laptop,Electronics,5,49814,20,249070,49238.84,2025-06-20
ORD01372,CUST0355,Vivaan Jogi,Chennai,Tamil Nadu,Mouse,Accessories,3,3527,0,10581,1986.02,2025-02-13
ORD01373,CUST0011,Meera Reddy,Bangalore,Karnataka,USB Cable,Accessories,5,36299,0,181495,22946.38,2025-10-06
ORD01374,CUST0003,Kiran Verma,Ahmedabad,Gujarat,Laptop,Electronics,3,42587,0,127761,21656.28,2025-06-04
ORD01375,CUST0780,Arjun Kumar,Delhi,Delhi,Headphones,Accessories,2,14193,20,28386,6236.17,2025-05-19
ORD01376,CUST0760,Vivaan Kumar,Ahmedabad,Gujarat,Printer,Office,1,7542,10,7542,1989.65,2025-04-25
ORD01377,CUST0983,Rahul Reddy,Pune,Maharashtra,Headphones,Accessories,4,26098,15,104392,25171.33,2025-08-24
ORD01378,CUST0009,Ananya Gupta,Mumbai,Maharashtra,Webcam,Accessories,5,27598,15,137990,39574.04,2025-10-30
ORD01379,CUST0107,Shivani Kumar,Bangalore,Karnataka,USB Cable,Accessories,3,12116,15,36348,4877.47,2025-09-09
ORD01380,CUST0321,Rahul Jogi,Pune,Maharashtra,Headphones,Accessories,5,24830,5,124150,23628.57,2025-04-22
ORD01381,CUST0258,Priya Patel,Bangalore,Karnataka,Webcam,Accessories,4,2883,15,11532,3400.21,2025-12-01
ORD01382,CUST0375,Priya Naidu,Pune,Maharashtra,USB Cable,Accessories,5,35297,0,176485,30799.77,2025-01-28
ORD01383,CUST0820,Rahul Sharma,Mumbai,Maharashtra,Monitor,Electronics,3,24179,15,72537,9825.89,2025-06-21
ORD01384,CUST0766,Vivaan Sharma,Ahmedabad,Gujarat,USB Cable,Accessories,1,49163,0,49163,9461.03,2025-07-11
ORD01385,CUST0001,Vihaan Patel,Ahmedabad,Gujarat,Laptop,Electronics,1,16548,0,16548,2823.73,2025-10-07
ORD01386,CUST0300,Ananya Kumar,Ahmedabad,Gujarat,Speaker,Electronics,2,47759,10,95518,28029.84,2025-04-27
ORD01387,CUST0504,Priya Singh,Mumbai,Maharashtra,USB Cable,Accessories,5,30993,5,154965,44955.15,2025-09-26
ORD01388,CUST0024,Sneha Jogi,Delhi,Delhi,Speaker,Electronics,1,3247,20,3247,958.88,2025-11-21
ORD01389,CUST0018,Diya Naidu,Mumbai,Maharashtra,Laptop,Electronics,2,48282,20,96564,11598.94,2025-05-17
ORD01390,CUST0194,Priya Verma,Mumbai,Maharashtra,Tablet,Electronics,4,32450,20,129800,13372.87,2025-08-08
ORD01391,CUST0136,Vivaan Verma,Chennai,Tamil Nadu,Monitor,Electronics,4,24240,10,96960,16035.81,2025-06-13
ORD01392,CUST0048,Sneha Sharma,Bangalore,Karnataka,Keyboard,Accessories,2,35589,5,71178,13080.35,2025-12-07
ORD01393,CUST0455,Ananya Jogi,Chennai,Tamil Nadu,Tablet,Electronics,4,3658,20,14632,2884.91,2025-05-30
ORD01394,CUST0614,Vihaan Gupta,Hyderabad,Telangana,Printer,Office,2,5506,10,11012,1893.15,2025-05-27
ORD01395,CUST0942,Diya Gupta,Chennai,Tamil Nadu,Webcam,Accessories,3,34213,20,102639,13973.55,2025-11-19
ORD01396,CUST0895,Shivani Reddy,Bangalore,Karnataka,Mouse,Accessories,1,11924,20,11924,3291.09,2025-12-11
ORD01397,CUST0745,Aarav Jogi,Hyderabad,Telangana,Keyboard,Accessories,5,47203,5,236015,22556.95,2025-10-16
ORD01398,CUST0888,Rohan Singh,Bangalore,Karnataka,Tablet,Electronics,2,21378,15,42756,4712.45,2025-03-11
ORD01399,CUST0001,Vihaan Patel,Ahmedabad,Gujarat,Speaker,Electronics,5,46320,5,231600,42044.5,2025-04-03
ORD01400,CUST0702,Sneha Patel,Mumbai,Maharashtra,Speaker,Electronics,5,4246,10,21230,3460.3,2025-04-15
ORD01401,CUST0806,Rohan Reddy,Delhi,Delhi,Printer,Office,4,8287,5,33148,3202.08,2025-12-04
ORD01402,CUST0608,Vivaan Singh,Kolkata,West Bengal,Speaker,Electronics,1,21195,5,21195,5170.56,2025-03-12
ORD01403,CUST0087,Diya Patel,Chennai,Tamil Nadu,Headphones,Accessories,5,36449,10,182245,44626.5,2025-09-29
ORD01404,CUST0166,Diya Gupta,Bangalore,Karnataka,Printer,Office,5,6486,5,32430,3634.71,2025-04-06
ORD01405,CUST0646,Shivani Reddy,Pune,Maharashtra,Keyboard,Accessories,3,49177,15,147531,16144.83,2025-03-01
ORD01406,CUST0566,Priya Yadav,Ahmedabad,Gujarat,Laptop,Electronics,3,27611,15,82833,10143.42,2025-07-31
ORD01407,CUST0067,Rohan Kumar,Kolkata,West Bengal,Webcam,Accessories,3,28564,15,85692,16336.27,2025-03-16
ORD01408,CUST0751,Sai Naidu,Kolkata,West Bengal,Mouse,Accessories,4,5609,5,22436,5980.9,2025-11-22
ORD01409,CUST0238,Priya Gupta,Ahmedabad,Gujarat,Speaker,Electronics,5,24592,10,122960,25384.08,2025-01-28
ORD01410,CUST0699,Aarav Yadav,Ahmedabad,Gujarat,Mouse,Accessories,1,14247,10,14247,2821.46,2025-04-28
ORD01411,CUST0612,Diya Patel,Chennai,Tamil Nadu,Mouse,Accessories,3,22321,15,66963,19051.12,2025-07-05
ORD01412,CUST0892,Aarav Kumar,Chennai,Tamil Nadu,Webcam,Accessories,4,49484,15,197936,39766.93,2025-02-06
ORD01413,CUST0263,Vihaan Kumar,Hyderabad,Telangana,Monitor,Electronics,4,9088,5,36352,3112.22,2025-08-29
ORD01414,CUST0350,Rahul Reddy,Hyderabad,Telangana,Tablet,Electronics,4,10678,15,42712,5730.49,2025-04-01
ORD01415,CUST0490,Vihaan Naidu,Mumbai,Maharashtra,Printer,Office,4,42450,15,169800,45352.26,2025-02-09
ORD01416,CUST0142,Diya Gupta,Delhi,Delhi,Monitor,Electronics,5,42438,20,212190,29367.94,2025-10-02
ORD01417,CUST0978,Meera Reddy,Delhi,Delhi,Keyboard,Accessories,5,11736,15,58680,11690.02,2025-12-05
ORD01418,CUST0923,Vihaan Gupta,Chennai,Tamil Nadu,Speaker,Electronics,1,24655,5,24655,6653.23,2025-08-21
ORD01419,CUST0037,Aarav Naidu,Ahmedabad,Gujarat,Laptop,Electronics,2,28084,20,56168,4592.07,2025-02-26
ORD01420,CUST0702,Sneha Patel,Mumbai,Maharashtra,Tablet,Electronics,4,21191,15,84764,7234.5,2025-03-01
ORD01421,CUST0828,Arjun Naidu,Ahmedabad,Gujarat,USB Cable,Accessories,2,49402,20,98804,16839.05,2025-12-20
ORD01422,CUST0084,Kiran Naidu,Bangalore,Karnataka,Printer,Office,4,2766,15,11064,2062.85,2025-02-19
ORD01423,CUST0865,Meera Singh,Pune,Maharashtra,Printer,Office,4,27044,10,108176,20297.97,2025-09-04
ORD01424,CUST0036,Arjun Gupta,Mumbai,Maharashtra,USB Cable,Accessories,5,36543,5,182715,30669.44,2025-01-10
ORD01425,CUST0548,Priya Gupta,Kolkata,West Bengal,Speaker,Electronics,2,3714,20,7428,1771.81,2025-02-23
ORD01426,CUST0312,Vivaan Naidu,Ahmedabad,Gujarat,Printer,Office,1,20388,10,20388,2798.6,2025-09-10
ORD01427,CUST0812,Aditya Sharma,Hyderabad,Telangana,Webcam,Accessories,4,18988,20,75952,16739.1,2025-09-03
ORD01428,CUST0141,Aditya Patel,Pune,Maharashtra,Printer,Office,5,4570,5,22850,3207.48,2025-11-06
ORD01429,CUST0906,Rohan Patel,Ahmedabad,Gujarat,Printer,Office,1,5466,15,5466,1462.37,2025-06-21
ORD01430,CUST0496,Vihaan Singh,Bangalore,Karnataka,Webcam,Accessories,5,24218,15,121090,25265.25,2025-09-14
ORD01431,CUST0859,Vivaan Reddy,Delhi,Delhi,Printer,Office,1,1036,0,1036,113.84,2025-03-24
ORD01432,CUST0482,Ananya Patel,Bangalore,Karnataka,USB Cable,Accessories,1,11301,20,11301,2317.06,2025-09-16
ORD01433,CUST0601,Shivani Yadav,Chennai,Tamil Nadu,Laptop,Electronics,1,22963,20,22963,2396.23,2025-06-14
ORD01434,CUST0294,Rohan Naidu,Chennai,Tamil Nadu,Speaker,Electronics,4,19589,10,78356,15241.54,2025-03-28
ORD01435,CUST0929,Sai Patel,Pune,Maharashtra,USB Cable,Accessories,2,40924,10,81848,7343.92,2025-07-07
ORD01436,CUST0244,Arjun Singh,Hyderabad,Telangana,USB Cable,Accessories,4,26814,5,107256,11671.1,2025-06-20
ORD01437,CUST0560,Vivaan Gupta,Kolkata,West Bengal,Mouse,Accessories,4,5697,10,22788,4235.18,2025-08-30
ORD01438,CUST0494,Meera Gupta,Mumbai,Maharashtra,Printer,Office,5,40224,5,201120,47981.3,2025-01-08
ORD01439,CUST0106,Aarav Naidu,Pune,Maharashtra,Headphones,Accessories,4,29342,20,117368,24328.9,2025-04-20
ORD01440,CUST0107,Shivani Kumar,Bangalore,Karnataka,Keyboard,Accessories,4,8750,10,35000,3999.67,2025-02-02
ORD01441,CUST0559,Kiran Singh,Pune,Maharashtra,Laptop,Electronics,1,20947,5,20947,6276.63,2025-05-19
ORD01442,CUST0648,Kiran Patel,Hyderabad,Telangana,USB Cable,Accessories,3,22032,0,66096,9241.11,2025-12-17
ORD01443,CUST0370,Shivani Sharma,Mumbai,Maharashtra,Laptop,Electronics,4,40174,15,160696,28979.12,2025-05-26
ORD01444,CUST0669,Arjun Naidu,Chennai,Tamil Nadu,Speaker,Electronics,3,14443,20,43329,12157.11,2025-06-04
ORD01445,CUST0611,Vihaan Reddy,Hyderabad,Telangana,Monitor,Electronics,1,40527,15,40527,6283.99,2025-05-30
ORD01446,CUST0081,Rohan Kumar,Hyderabad,Telangana,Keyboard,Accessories,5,28447,5,142235,42005.96,2025-07-18
ORD01447,CUST0618,Vihaan Gupta,Pune,Maharashtra,Tablet,Electronics,1,18177,20,18177,2150.97,2025-08-01
ORD01448,CUST0692,Kiran Jogi,Mumbai,Maharashtra,Monitor,Electronics,3,28719,5,86157,23580.86,2025-08-01
ORD01449,CUST0294,Rohan Naidu,Chennai,Tamil Nadu,Mouse,Accessories,1,18336,15,18336,5005.25,2025-08-14
ORD01450,CUST0442,Ananya Verma,Bangalore,Karnataka,Monitor,Electronics,3,42681,5,128043,33790.81,2025-05-11
ORD01451,CUST0658,Meera Naidu,Pune,Maharashtra,Mouse,Accessories,1,33288,20,33288,3774.71,2025-11-29
ORD01452,CUST0319,Rohan Sharma,Bangalore,Karnataka,Mouse,Accessories,1,48089,10,48089,10722.31,2025-05-30
ORD01453,CUST0848,Sneha Gupta,Kolkata,West Bengal,Speaker,Electronics,1,2692,15,2692,660.81,2025-10-12
ORD01454,CUST0132,Arjun Kumar,Delhi,Delhi,Tablet,Electronics,4,882,5,3528,330.42,2025-03-14
ORD01455,CUST0781,Kiran Singh,Chennai,Tamil Nadu,Webcam,Accessories,4,6322,15,25288,6243.15,2025-02-14
ORD01456,CUST0726,Sneha Singh,Mumbai,Maharashtra,USB Cable,Accessories,4,40670,15,162680,26969.3,2025-10-05
ORD01457,CUST0853,Arjun Singh,Pune,Maharashtra,Keyboard,Accessories,1,5095,5,5095,646.81,2025-05-02
ORD01458,CUST0611,Vihaan Reddy,Hyderabad,Telangana,Speaker,Electronics,4,13860,0,55440,12864.13,2025-02-26
ORD01459,CUST0432,Aarav Patel,Delhi,Delhi,Monitor,Electronics,4,28211,5,112844,32631.11,2025-07-10
ORD01460,CUST0201,Ananya Reddy,Bangalore,Karnataka,Monitor,Electronics,3,34955,15,104865,23604.58,2025-10-09
ORD01461,CUST0880,Arjun Naidu,Hyderabad,Telangana,Mouse,Accessories,2,31367,20,62734,5506.47,2025-04-29
ORD01462,CUST0151,Ananya Reddy,Kolkata,West Bengal,USB Cable,Accessories,2,30369,0,60738,8433.39,2025-04-15
ORD01463,CUST0911,Kiran Patel,Hyderabad,Telangana,Monitor,Electronics,1,39411,0,39411,8540.04,2025-02-28
ORD01464,CUST0640,Vivaan Verma,Kolkata,West Bengal,Webcam,Accessories,1,43022,0,43022,11264.51,2025-07-14
ORD01465,CUST0638,Arjun Yadav,Chennai,Tamil Nadu,Laptop,Electronics,1,33373,20,33373,9800.56,2025-09-04
ORD01466,CUST0567,Rohan Kumar,Kolkata,West Bengal,Keyboard,Accessories,1,40291,5,40291,7175.16,2025-01-23
ORD01467,CUST0948,Rahul Kumar,Hyderabad,Telangana,USB Cable,Accessories,5,37299,15,186495,41999.11,2025-04-07
ORD01468,CUST0860,Shivani Verma,Hyderabad,Telangana,Laptop,Electronics,1,46153,5,46153,10104.65,2025-01-18
ORD01469,CUST0438,Meera Jogi,Chennai,Tamil Nadu,Laptop,Electronics,4,9026,10,36104,4599.99,2025-08-02
ORD01470,CUST0201,Ananya Reddy,Bangalore,Karnataka,Keyboard,Accessories,2,12529,0,25058,4556.91,2025-03-07
ORD01471,CUST0229,Rohan Yadav,Chennai,Tamil Nadu,USB Cable,Accessories,1,42408,15,42408,6188.27,2025-11-11
ORD01472,CUST0661,Meera Patel,Chennai,Tamil Nadu,Monitor,Electronics,4,29244,5,116976,34771.93,2025-01-10
ORD01473,CUST0556,Arjun Patel,Kolkata,West Bengal,Headphones,Accessories,2,30483,0,60966,4904.58,2025-04-06
ORD01474,CUST0557,Aditya Jogi,Mumbai,Maharashtra,Headphones,Accessories,3,5093,0,15279,4362.53,2025-01-19
ORD01475,CUST0301,Shivani Kumar,Bangalore,Karnataka,Keyboard,Accessories,2,19233,5,38466,5994.96,2025-11-08
ORD01476,CUST0424,Vivaan Jogi,Delhi,Delhi,Monitor,Electronics,4,23870,15,95480,25792.06,2025-04-18
ORD01477,CUST0335,Rahul Jogi,Ahmedabad,Gujarat,Headphones,Accessories,1,8614,10,8614,1713.45,2025-10-31
ORD01478,CUST0198,Aditya Reddy,Delhi,Delhi,USB Cable,Accessories,3,29790,20,89370,16222.01,2025-02-13
ORD01479,CUST0273,Meera Reddy,Delhi,Delhi,USB Cable,Accessories,4,5530,20,22120,1794.9,2025-09-08
ORD01480,CUST0500,Sai Yadav,Bangalore,Karnataka,Keyboard,Accessories,2,29067,10,58134,11484.39,2025-12-04
ORD01481,CUST0982,Meera Verma,Kolkata,West Bengal,Webcam,Accessories,3,45148,20,135444,12863.86,2025-07-03
ORD01482,CUST0288,Ananya Verma,Delhi,Delhi,Mouse,Accessories,3,8066,0,24198,2578.33,2025-08-02
ORD01483,CUST0915,Meera Sharma,Mumbai,Maharashtra,Laptop,Electronics,5,19997,5,99985,19134.9,2025-07-11
ORD01484,CUST0069,Kiran Reddy,Delhi,Delhi,Monitor,Electronics,2,9339,5,18678,3122.52,2025-06-25
ORD01485,CUST0453,Ananya Gupta,Kolkata,West Bengal,USB Cable,Accessories,3,47575,0,142725,31227.24,2025-04-19
ORD01486,CUST0204,Kiran Sharma,Bangalore,Karnataka,Printer,Office,4,19703,10,78812,12651.61,2025-07-23
ORD01487,CUST0847,Arjun Patel,Pune,Maharashtra,Printer,Office,2,18618,5,37236,6638.77,2025-02-24
ORD01488,CUST0519,Sneha Jogi,Kolkata,West Bengal,USB Cable,Accessories,3,13726,15,41178,11159.45,2025-08-21
ORD01489,CUST0388,Rohan Naidu,Mumbai,Maharashtra,Printer,Office,1,12912,15,12912,3720.56,2025-02-12
ORD01490,CUST0358,Rohan Gupta,Bangalore,Karnataka,Tablet,Electronics,3,39924,15,119772,26332.85,2025-11-13
ORD01491,CUST0789,Vivaan Jogi,Chennai,Tamil Nadu,Laptop,Electronics,5,23378,5,116890,28412.93,2025-05-12
ORD01492,CUST0450,Vivaan Singh,Ahmedabad,Gujarat,Keyboard,Accessories,2,7723,0,15446,4068.13,2025-09-25
ORD01493,CUST0551,Sneha Patel,Kolkata,West Bengal,Tablet,Electronics,1,19144,15,19144,5324.42,2025-09-09
ORD01494,CUST0761,Ananya Patel,Chennai,Tamil Nadu,Printer,Office,4,7299,20,29196,7299.17,2025-09-11
ORD01495,CUST0671,Meera Verma,Chennai,Tamil Nadu,Tablet,Electronics,2,35903,15,71806,8515.52,2025-12-31
ORD01496,CUST0611,Vihaan Reddy,Hyderabad,Telangana,Tablet,Electronics,1,5031,0,5031,766.08,2025-11-13
ORD01497,CUST0836,Diya Reddy,Chennai,Tamil Nadu,Printer,Office,1,21226,0,21226,5859.93,2025-08-05
ORD01498,CUST0203,Vihaan Patel,Kolkata,West Bengal,Laptop,Electronics,3,11185,10,33555,5938.52,2025-06-04
ORD01499,CUST0722,Kiran Gupta,Ahmedabad,Gujarat,Mouse,Accessories,3,6974,20,20922,1847.46,2025-08-10
ORD01500,CUST0554,Diya Naidu,Mumbai,Maharashtra,Laptop,Electronics,3,18899,10,56697,12645.67,2025-12-30
ORD01501,CUST0340,Shivani Jogi,Mumbai,Maharashtra,Speaker,Electronics,5,22676,15,113380,9884.62,2025-06-29
ORD01502,CUST0317,Diya Patel,Bangalore,Karnataka,Printer,Office,2,13457,15,26914,3854.48,2025-08-17
ORD01503,CUST0178,Meera Singh,Mumbai,Maharashtra,Mouse,Accessories,5,13271,10,66355,16425.15,2025-04-02
ORD01504,CUST0553,Meera Patel,Bangalore,Karnataka,USB Cable,Accessories,5,11042,10,55210,9069.83,2025-10-08
ORD01505,CUST0032,Aditya Kumar,Kolkata,West Bengal,Mouse,Accessories,2,31626,5,63252,10600.14,2025-03-13
ORD01506,CUST0100,Sneha Kumar,Ahmedabad,Gujarat,Speaker,Electronics,1,11621,15,11621,2224.52,2025-08-14
ORD01507,CUST0013,Vihaan Kumar,Delhi,Delhi,Keyboard,Accessories,5,11906,15,59530,7720.19,2025-06-14
ORD01508,CUST0400,Shivani Naidu,Delhi,Delhi,USB Cable,Accessories,3,46129,20,138387,24787.91,2025-11-25
ORD01509,CUST0688,Vivaan Naidu,Delhi,Delhi,Webcam,Accessories,2,7294,0,14588,1956.47,2025-05-20
ORD01510,CUST0569,Ananya Sharma,Hyderabad,Telangana,Tablet,Electronics,4,6361,10,25444,4918.01,2025-04-21
ORD01511,CUST0151,Ananya Reddy,Kolkata,West Bengal,Printer,Office,4,21649,20,86596,11775.95,2025-10-14
ORD01512,CUST0334,Priya Yadav,Kolkata,West Bengal,Keyboard,Accessories,4,44419,0,177676,47671.73,2025-10-23
ORD01513,CUST0457,Sai Patel,Delhi,Delhi,Speaker,Electronics,3,27371,15,82113,13528.81,2025-01-23
ORD01514,CUST0168,Ananya Singh,Kolkata,West Bengal,Mouse,Accessories,2,14069,0,28138,7974.96,2025-06-03
ORD01515,CUST0502,Arjun Singh,Mumbai,Maharashtra,USB Cable,Accessories,4,22553,10,90212,26700.62,2025-04-10
ORD01516,CUST0122,Arjun Naidu,Mumbai,Maharashtra,USB Cable,Accessories,2,41872,5,83744,10507.5,2025-08-04
ORD01517,CUST0088,Arjun Jogi,Kolkata,West Bengal,USB Cable,Accessories,2,11920,0,23840,6237.78,2025-12-14
ORD01518,CUST0678,Sai Singh,Bangalore,Karnataka,Tablet,Electronics,1,33615,15,33615,5079.98,2025-05-27
ORD01519,CUST0464,Rohan Sharma,Ahmedabad,Gujarat,Keyboard,Accessories,2,44039,0,88078,12989.52,2025-08-02
ORD01520,CUST0735,Aditya Sharma,Delhi,Delhi,Printer,Office,5,30981,5,154905,15111.98,2025-05-04
ORD01521,CUST0651,Shivani Kumar,Bangalore,Karnataka,Keyboard,Accessories,1,25373,10,25373,6514.16,2025-05-14
ORD01522,CUST0067,Rohan Kumar,Kolkata,West Bengal,Printer,Office,4,18951,0,75804,17388.84,2025-08-27
ORD01523,CUST0292,Sneha Gupta,Hyderabad,Telangana,Speaker,Electronics,3,38185,0,114555,22187.84,2025-08-17
ORD01524,CUST0024,Sneha Jogi,Delhi,Delhi,USB Cable,Accessories,2,31295,20,62590,14809.31,2025-09-08
ORD01525,CUST0526,Kiran Yadav,Hyderabad,Telangana,Printer,Office,1,16024,10,16024,1601.12,2025-09-25
ORD01526,CUST0466,Meera Sharma,Delhi,Delhi,Headphones,Accessories,1,40934,20,40934,10212.02,2025-10-26
ORD01527,CUST0897,Aditya Sharma,Bangalore,Karnataka,Keyboard,Accessories,4,35947,0,143788,42863.9,2025-03-19
ORD01528,CUST0721,Shivani Kumar,Ahmedabad,Gujarat,Laptop,Electronics,4,10144,5,40576,7111.67,2025-11-10
ORD01529,CUST0914,Ananya Gupta,Ahmedabad,Gujarat,USB Cable,Accessories,1,23917,15,23917,6718.26,2025-04-28
ORD01530,CUST0958,Kiran Yadav,Hyderabad,Telangana,Headphones,Accessories,1,38299,20,38299,5001.36,2025-07-24
ORD01531,CUST0639,Arjun Kumar,Chennai,Tamil Nadu,Laptop,Electronics,4,47386,0,189544,55026.88,2025-11-03
ORD01532,CUST0396,Rohan Gupta,Hyderabad,Telangana,Mouse,Accessories,4,48242,20,192968,55538.81,2025-05-08
ORD01533,CUST0862,Aditya Jogi,Mumbai,Maharashtra,Laptop,Electronics,3,33680,0,101040,20430.55,2025-04-02
ORD01534,CUST0697,Aarav Yadav,Chennai,Tamil Nadu,Laptop,Electronics,5,37981,10,189905,37138.09,2025-11-08
ORD01535,CUST0700,Shivani Gupta,Kolkata,West Bengal,Headphones,Accessories,3,37225,20,111675,28891.77,2025-05-24
ORD01536,CUST0860,Shivani Verma,Hyderabad,Telangana,Headphones,Accessories,1,38698,10,38698,8343.02,2025-04-29
ORD01537,CUST0919,Aarav Yadav,Delhi,Delhi,Speaker,Electronics,5,8976,15,44880,7422.16,2025-12-10
ORD01538,CUST0517,Sneha Kumar,Ahmedabad,Gujarat,Speaker,Electronics,4,10878,10,43512,4314.72,2025-11-16
ORD01539,CUST0247,Priya Singh,Bangalore,Karnataka,Speaker,Electronics,2,6749,10,13498,1607.47,2025-10-19
ORD01540,CUST0840,Vihaan Verma,Delhi,Delhi,Tablet,Electronics,3,47693,10,143079,21395.66,2025-11-09
ORD01541,CUST0982,Meera Verma,Kolkata,West Bengal,Keyboard,Accessories,4,18151,15,72604,5933.47,2025-01-15
ORD01542,CUST0505,Vihaan Verma,Kolkata,West Bengal,Speaker,Electronics,2,11559,0,23118,4923.73,2025-03-28
ORD01543,CUST0601,Shivani Yadav,Chennai,Tamil Nadu,Tablet,Electronics,2,10923,20,21846,6211.41,2025-03-10
ORD01544,CUST0934,Rahul Kumar,Hyderabad,Telangana,Laptop,Electronics,1,1569,15,1569,427.24,2025-03-27
ORD01545,CUST0840,Vihaan Verma,Delhi,Delhi,Printer,Office,1,2003,10,2003,594.27,2025-01-20
ORD01546,CUST0643,Aarav Patel,Mumbai,Maharashtra,USB Cable,Accessories,1,26903,15,26903,7942.07,2025-06-25
ORD01547,CUST0789,Vivaan Jogi,Chennai,Tamil Nadu,Webcam,Accessories,3,46901,20,140703,33997.8,2025-01-10
ORD01548,CUST0695,Arjun Jogi,Kolkata,West Bengal,Mouse,Accessories,4,45197,0,180788,44384.74,2025-09-16
ORD01549,CUST0794,Ananya Reddy,Chennai,Tamil Nadu,Speaker,Electronics,2,33425,15,66850,14120.56,2025-10-19
ORD01550,CUST0278,Shivani Patel,Chennai,Tamil Nadu,Webcam,Accessories,3,44284,20,132852,14491.58,2025-11-02
ORD01551,CUST0166,Diya Gupta,Bangalore,Karnataka,Headphones,Accessories,4,37502,0,150008,14318.87,2025-07-05
ORD01552,CUST0676,Rahul Reddy,Chennai,Tamil Nadu,Speaker,Electronics,2,10495,5,20990,2859.15,2025-07-09
ORD01553,CUST0792,Aarav Naidu,Ahmedabad,Gujarat,Tablet,Electronics,3,17581,15,52743,15349.2,2025-10-10
ORD01554,CUST0623,Sneha Singh,Delhi,Delhi,USB Cable,Accessories,4,5330,10,21320,3044.07,2025-12-22
ORD01555,CUST0842,Shivani Jogi,Mumbai,Maharashtra,Tablet,Electronics,3,24047,5,72141,17936.62,2025-08-03
ORD01556,CUST0008,Sneha Gupta,Ahmedabad,Gujarat,Speaker,Electronics,1,48227,10,48227,10138.63,2025-10-21
ORD01557,CUST0082,Rahul Kumar,Hyderabad,Telangana,Tablet,Electronics,3,29483,20,88449,11876.21,2025-09-26
ORD01558,CUST0016,Arjun Yadav,Ahmedabad,Gujarat,Keyboard,Accessories,4,23615,5,94460,20821.49,2025-11-23
ORD01559,CUST0319,Rohan Sharma,Bangalore,Karnataka,Tablet,Electronics,4,2738,5,10952,3065.06,2025-05-19
ORD01560,CUST0166,Diya Gupta,Bangalore,Karnataka,Tablet,Electronics,4,40734,15,162936,20267.61,2025-07-19
ORD01561,CUST0155,Arjun Kumar,Hyderabad,Telangana,Webcam,Accessories,3,43292,20,129876,16208.95,2025-10-09
ORD01562,CUST0333,Meera Yadav,Bangalore,Karnataka,Webcam,Accessories,2,36305,0,72610,19897.79,2025-07-24
ORD01563,CUST0709,Ananya Yadav,Chennai,Tamil Nadu,Webcam,Accessories,1,13974,10,13974,2348.12,2025-01-16
ORD01564,CUST0178,Meera Singh,Mumbai,Maharashtra,Headphones,Accessories,5,21790,20,108950,14964.39,2025-02-18
ORD01565,CUST0182,Aarav Kumar,Bangalore,Karnataka,Speaker,Electronics,5,12429,5,62145,12693.13,2025-10-10
ORD01566,CUST0349,Aarav Reddy,Mumbai,Maharashtra,Laptop,Electronics,4,35649,20,142596,24405.71,2025-10-15
ORD01567,CUST0136,Vivaan Verma,Chennai,Tamil Nadu,USB Cable,Accessories,5,27677,15,138385,19260.89,2025-02-16
ORD01568,CUST0059,Vihaan Yadav,Chennai,Tamil Nadu,Printer,Office,3,47967,15,143901,36575.61,2025-03-31
ORD01569,CUST0936,Meera Singh,Pune,Maharashtra,Tablet,Electronics,5,14430,20,72150,21085.46,2025-06-27
ORD01570,CUST0625,Aditya Verma,Pune,Maharashtra,Tablet,Electronics,5,37892,15,189460,40622.22,2025-08-02
ORD01571,CUST0768,Vivaan Gupta,Hyderabad,Telangana,Speaker,Electronics,5,9624,0,48120,6041.67,2025-08-21
ORD01572,CUST0473,Priya Yadav,Delhi,Delhi,Monitor,Electronics,3,39773,0,119319,25285.37,2025-05-27
ORD01573,CUST0185,Sai Reddy,Delhi,Delhi,Tablet,Electronics,2,4099,5,8198,780.52,2025-11-21
ORD01574,CUST0907,Priya Reddy,Kolkata,West Bengal,Headphones,Accessories,3,10588,15,31764,8775.37,2025-07-27
ORD01575,CUST0484,Meera Gupta,Kolkata,West Bengal,Tablet,Electronics,4,27716,5,110864,28709.97,2025-05-14
ORD01576,CUST0312,Vivaan Naidu,Ahmedabad,Gujarat,Webcam,Accessories,2,17621,15,35242,4082.15,2025-03-27
ORD01577,CUST0598,Rahul Patel,Kolkata,West Bengal,USB Cable,Accessories,2,6612,15,13224,2079.81,2025-08-01
ORD01578,CUST0055,Meera Reddy,Hyderabad,Telangana,Webcam,Accessories,5,13486,5,67430,17830.77,2025-05-18
ORD01579,CUST0065,Sai Jogi,Hyderabad,Telangana,Headphones,Accessories,2,16468,20,32936,3769.99,2025-07-20
ORD01580,CUST0907,Priya Reddy,Kolkata,West Bengal,Webcam,Accessories,5,10537,20,52685,15214.03,2025-07-16
ORD01581,CUST0309,Vivaan Patel,Kolkata,West Bengal,Laptop,Electronics,5,40452,15,202260,28161.04,2025-08-15
ORD01582,CUST0906,Rohan Patel,Ahmedabad,Gujarat,Laptop,Electronics,1,15237,20,15237,2403.91,2025-07-07
ORD01583,CUST0396,Rohan Gupta,Hyderabad,Telangana,Webcam,Accessories,4,7135,15,28540,6046.94,2025-08-07
ORD01584,CUST0334,Priya Yadav,Kolkata,West Bengal,Laptop,Electronics,2,15258,15,30516,2754.07,2025-11-24
ORD01585,CUST0091,Rohan Kumar,Pune,Maharashtra,Printer,Office,2,24033,5,48066,13724.0,2025-11-11
ORD01586,CUST0128,Shivani Patel,Kolkata,West Bengal,Monitor,Electronics,1,10247,20,10247,2010.04,2025-01-21
ORD01587,CUST0951,Diya Naidu,Pune,Maharashtra,Headphones,Accessories,1,3950,20,3950,523.18,2025-12-09
ORD01588,CUST0369,Aditya Gupta,Bangalore,Karnataka,Speaker,Electronics,1,18290,20,18290,2989.57,2025-04-16
ORD01589,CUST0460,Rahul Gupta,Hyderabad,Telangana,Headphones,Accessories,3,14526,0,43578,5714.5,2025-07-25
ORD01590,CUST0110,Arjun Singh,Kolkata,West Bengal,Monitor,Electronics,1,21873,20,21873,4368.87,2025-02-08
ORD01591,CUST0444,Aditya Jogi,Pune,Maharashtra,Keyboard,Accessories,1,11351,10,11351,925.46,2025-03-30
ORD01592,CUST0657,Vivaan Patel,Mumbai,Maharashtra,Monitor,Electronics,2,4442,5,8884,912.81,2025-11-29
ORD01593,CUST0088,Arjun Jogi,Kolkata,West Bengal,USB Cable,Accessories,2,42964,15,85928,17278.68,2025-11-17
ORD01594,CUST0824,Sneha Naidu,Delhi,Delhi,USB Cable,Accessories,3,29371,5,88113,17347.81,2025-11-10
ORD01595,CUST0586,Rohan Reddy,Mumbai,Maharashtra,Keyboard,Accessories,5,46815,15,234075,49090.52,2025-01-04
ORD01596,CUST0380,Arjun Reddy,Kolkata,West Bengal,Printer,Office,3,11744,0,35232,5345.33,2025-10-23
ORD01597,CUST0184,Priya Sharma,Mumbai,Maharashtra,Laptop,Electronics,4,44415,15,177660,48159.78,2025-12-14
ORD01598,CUST0358,Rohan Gupta,Bangalore,Karnataka,USB Cable,Accessories,5,16072,10,80360,10659.05,2025-09-11
ORD01599,CUST0161,Meera Jogi,Hyderabad,Telangana,Monitor,Electronics,5,16521,10,82605,17323.67,2025-12-11
ORD01600,CUST1000,Kiran Kumar,Hyderabad,Telangana,Laptop,Electronics,3,46352,20,139056,31397.99,2025-03-24
ORD01601,CUST0525,Aarav Yadav,Mumbai,Maharashtra,Mouse,Accessories,1,29133,0,29133,3471.83,2025-05-10
ORD01602,CUST0909,Vivaan Kumar,Pune,Maharashtra,Keyboard,Accessories,5,48145,10,240725,66520.75,2025-06-04
ORD01603,CUST0876,Meera Sharma,Ahmedabad,Gujarat,Headphones,Accessories,2,34664,5,69328,8577.09,2025-02-18
ORD01604,CUST0375,Priya Naidu,Pune,Maharashtra,Webcam,Accessories,5,4493,0,22465,5091.01,2025-06-25
ORD01605,CUST0168,Ananya Singh,Kolkata,West Bengal,Laptop,Electronics,3,4893,5,14679,3930.95,2025-12-08
ORD01606,CUST0155,Arjun Kumar,Hyderabad,Telangana,Printer,Office,2,9865,15,19730,2121.65,2025-12-07
ORD01607,CUST0228,Vivaan Kumar,Kolkata,West Bengal,Laptop,Electronics,3,2772,15,8316,852.3,2025-04-23
ORD01608,CUST0723,Aarav Jogi,Bangalore,Karnataka,Laptop,Electronics,5,4481,10,22405,3631.6,2025-06-02
ORD01609,CUST0513,Priya Reddy,Pune,Maharashtra,Monitor,Electronics,2,36170,15,72340,16844.76,2025-07-29
ORD01610,CUST0122,Arjun Naidu,Mumbai,Maharashtra,USB Cable,Accessories,5,32355,0,161775,41753.67,2025-06-25
ORD01611,CUST0894,Meera Singh,Bangalore,Karnataka,Keyboard,Accessories,5,27650,0,138250,14907.96,2025-12-09
ORD01612,CUST0377,Aditya Kumar,Bangalore,Karnataka,USB Cable,Accessories,1,26508,20,26508,4274.26,2025-08-22
ORD01613,CUST0540,Priya Verma,Bangalore,Karnataka,Headphones,Accessories,2,31173,10,62346,7968.88,2025-04-03
ORD01614,CUST0276,Aditya Kumar,Pune,Maharashtra,Keyboard,Accessories,5,49447,15,247235,49966.07,2025-05-22
ORD01615,CUST0523,Priya Jogi,Mumbai,Maharashtra,Headphones,Accessories,5,26058,5,130290,30795.58,2025-10-18
ORD01616,CUST0269,Priya Patel,Ahmedabad,Gujarat,Speaker,Electronics,1,9363,15,9363,1689.37,2025-09-30
ORD01617,CUST0946,Shivani Sharma,Hyderabad,Telangana,USB Cable,Accessories,4,44000,15,176000,34564.12,2025-03-13
ORD01618,CUST0025,Shivani Verma,Chennai,Tamil Nadu,Printer,Office,3,1947,5,5841,738.77,2025-03-17
ORD01619,CUST0327,Priya Sharma,Pune,Maharashtra,Mouse,Accessories,5,22120,0,110600,22704.86,2025-07-21
ORD01620,CUST0904,Vivaan Singh,Delhi,Delhi,Keyboard,Accessories,5,889,0,4445,598.98,2025-07-04
ORD01621,CUST0949,Meera Gupta,Kolkata,West Bengal,Speaker,Electronics,5,15806,15,79030,19044.48,2025-01-16
ORD01622,CUST0898,Diya Naidu,Pune,Maharashtra,Printer,Office,4,20961,0,83844,13541.94,2025-09-26
ORD01623,CUST0588,Sneha Verma,Chennai,Tamil Nadu,Tablet,Electronics,3,19543,20,58629,10395.17,2025-04-09
ORD01624,CUST0107,Shivani Kumar,Bangalore,Karnataka,Mouse,Accessories,1,39675,15,39675,5779.09,2025-10-18
ORD01625,CUST0167,Shivani Gupta,Delhi,Delhi,Speaker,Electronics,2,41726,15,83452,14912.68,2025-11-28
ORD01626,CUST0995,Aditya Gupta,Chennai,Tamil Nadu,Speaker,Electronics,5,8097,10,40485,7007.95,2025-02-15
ORD01627,CUST0595,Sai Naidu,Chennai,Tamil Nadu,Keyboard,Accessories,5,6013,10,30065,2997.28,2025-05-07
ORD01628,CUST0968,Rohan Jogi,Ahmedabad,Gujarat,Printer,Office,3,45815,10,137445,31501.43,2025-10-21
ORD01629,CUST0147,Meera Singh,Mumbai,Maharashtra,Laptop,Electronics,1,32030,5,32030,4566.79,2025-07-27
ORD01630,CUST0445,Meera Verma,Delhi,Delhi,USB Cable,Accessories,5,16419,5,82095,16759.85,2025-09-28
ORD01631,CUST0383,Aditya Yadav,Kolkata,West Bengal,USB Cable,Accessories,1,45656,20,45656,11133.01,2025-05-01
ORD01632,CUST0642,Meera Singh,Bangalore,Karnataka,Speaker,Electronics,4,2529,10,10116,1534.12,2025-12-28
ORD01633,CUST0521,Shivani Sharma,Bangalore,Karnataka,Keyboard,Accessories,1,9149,20,9149,2688.22,2025-11-18
ORD01634,CUST0733,Vivaan Verma,Ahmedabad,Gujarat,Keyboard,Accessories,3,40409,20,121227,28941.16,2025-07-21
ORD01635,CUST0225,Vihaan Gupta,Mumbai,Maharashtra,Laptop,Electronics,4,6860,15,27440,7500.28,2025-10-14
ORD01636,CUST0466,Meera Sharma,Delhi,Delhi,USB Cable,Accessories,2,47489,20,94978,9545.64,2025-05-22
ORD01637,CUST0570,Shivani Verma,Chennai,Tamil Nadu,Printer,Office,4,34698,20,138792,33781.61,2025-03-31
ORD01638,CUST0209,Aditya Jogi,Mumbai,Maharashtra,Webcam,Accessories,2,31436,0,62872,8765.09,2025-10-20
ORD01639,CUST0327,Priya Sharma,Pune,Maharashtra,Speaker,Electronics,2,21747,15,43494,9017.32,2025-09-09
ORD01640,CUST0745,Aarav Jogi,Hyderabad,Telangana,Speaker,Electronics,4,13365,5,53460,9467.89,2025-09-12
ORD01641,CUST0915,Meera Sharma,Mumbai,Maharashtra,Mouse,Accessories,1,3380,10,3380,922.08,2025-11-26
ORD01642,CUST0224,Meera Gupta,Bangalore,Karnataka,Webcam,Accessories,4,7290,15,29160,2708.85,2025-01-04
ORD01643,CUST0368,Kiran Verma,Hyderabad,Telangana,Monitor,Electronics,4,43364,5,173456,49633.04,2025-01-24
ORD01644,CUST0423,Kiran Gupta,Pune,Maharashtra,Webcam,Accessories,5,38984,0,194920,41607.51,2025-04-21
ORD01645,CUST0032,Aditya Kumar,Kolkata,West Bengal,Monitor,Electronics,3,38627,15,115881,20919.8,2025-08-25
ORD01646,CUST0341,Ananya Naidu,Kolkata,West Bengal,Laptop,Electronics,3,24795,20,74385,18505.55,2025-12-31
ORD01647,CUST0722,Kiran Gupta,Ahmedabad,Gujarat,Tablet,Electronics,2,45821,15,91642,14674.35,2025-11-21
ORD01648,CUST0914,Ananya Gupta,Ahmedabad,Gujarat,Webcam,Accessories,5,34714,20,173570,31055.69,2025-08-11
ORD01649,CUST0388,Rohan Naidu,Mumbai,Maharashtra,Headphones,Accessories,2,27426,5,54852,6426.93,2025-12-10
ORD01650,CUST0721,Shivani Kumar,Ahmedabad,Gujarat,Mouse,Accessories,4,42340,0,169360,41374.1,2025-11-18
ORD01651,CUST0845,Sai Naidu,Chennai,Tamil Nadu,Laptop,Electronics,1,40507,10,40507,4782.03,2025-10-09
ORD01652,CUST0346,Arjun Kumar,Ahmedabad,Gujarat,Keyboard,Accessories,2,5479,10,10958,2881.58,2025-08-23
ORD01653,CUST0591,Priya Naidu,Pune,Maharashtra,USB Cable,Accessories,3,44042,0,132126,15863.62,2025-09-07
ORD01654,CUST0842,Shivani Jogi,Mumbai,Maharashtra,Printer,Office,5,29644,20,148220,13409.8,2025-03-28
ORD01655,CUST0921,Rahul Kumar,Chennai,Tamil Nadu,Tablet,Electronics,4,40617,15,162468,34212.47,2025-03-17
ORD01656,CUST0162,Ananya Reddy,Hyderabad,Telangana,Mouse,Accessories,1,42084,0,42084,3998.99,2025-08-11
ORD01657,CUST0679,Sai Singh,Mumbai,Maharashtra,Headphones,Accessories,2,21120,10,42240,7582.59,2025-10-10
ORD01658,CUST0257,Arjun Sharma,Mumbai,Maharashtra,Headphones,Accessories,1,34459,15,34459,8816.32,2025-04-17
ORD01659,CUST0570,Shivani Verma,Chennai,Tamil Nadu,USB Cable,Accessories,3,14930,15,44790,12774.17,2025-09-07
ORD01660,CUST0910,Rahul Yadav,Ahmedabad,Gujarat,Keyboard,Accessories,1,26613,15,26613,7339.68,2025-04-13
ORD01661,CUST0458,Meera Gupta,Pune,Maharashtra,USB Cable,Accessories,4,15682,15,62728,17340.4,2025-04-06
ORD01662,CUST0553,Meera Patel,Bangalore,Karnataka,Printer,Office,2,10739,15,21478,2294.17,2025-04-09
ORD01663,CUST0592,Kiran Yadav,Chennai,Tamil Nadu,Webcam,Accessories,2,42469,15,84938,12276.69,2025-09-11
ORD01664,CUST0946,Shivani Sharma,Hyderabad,Telangana,Keyboard,Accessories,5,4100,5,20500,1867.9,2025-09-10
ORD01665,CUST0020,Sneha Sharma,Hyderabad,Telangana,Monitor,Electronics,3,18573,20,55719,12952.06,2025-11-15
ORD01666,CUST0180,Priya Yadav,Mumbai,Maharashtra,Laptop,Electronics,3,31557,0,94671,23591.26,2025-05-05
ORD01667,CUST0968,Rohan Jogi,Ahmedabad,Gujarat,Keyboard,Accessories,3,17768,20,53304,8610.76,2025-05-01
ORD01668,CUST0972,Shivani Reddy,Delhi,Delhi,Speaker,Electronics,5,33026,10,165130,29521.16,2025-05-15
ORD01669,CUST0779,Ananya Kumar,Delhi,Delhi,Laptop,Electronics,3,7752,5,23256,6195.18,2025-09-24
ORD01670,CUST0345,Priya Jogi,Pune,Maharashtra,Laptop,Electronics,4,18478,20,73912,7734.08,2025-05-27
ORD01671,CUST0825,Arjun Sharma,Pune,Maharashtra,Speaker,Electronics,3,47358,20,142074,19302.1,2025-09-21
ORD01672,CUST0716,Aditya Singh,Kolkata,West Bengal,Speaker,Electronics,2,39707,15,79414,12179.34,2025-07-11
ORD01673,CUST0485,Sneha Singh,Delhi,Delhi,Webcam,Accessories,3,41746,0,125238,17575.65,2025-08-05
ORD01674,CUST0192,Shivani Yadav,Chennai,Tamil Nadu,Monitor,Electronics,3,9896,15,29688,7600.79,2025-11-18
ORD01675,CUST0733,Vivaan Verma,Ahmedabad,Gujarat,Mouse,Accessories,3,46853,5,140559,23607.36,2025-12-02
ORD01676,CUST0710,Meera Yadav,Hyderabad,Telangana,Mouse,Accessories,2,25138,20,50276,9919.89,2025-01-27
ORD01677,CUST0007,Meera Yadav,Pune,Maharashtra,Webcam,Accessories,4,16669,15,66676,11053.59,2025-10-14
ORD01678,CUST0639,Arjun Kumar,Chennai,Tamil Nadu,Headphones,Accessories,5,3673,20,18365,4269.78,2025-10-02
ORD01679,CUST0105,Sai Gupta,Mumbai,Maharashtra,Headphones,Accessories,4,33298,5,133192,19466.3,2025-05-15
ORD01680,CUST0014,Sneha Reddy,Mumbai,Maharashtra,Mouse,Accessories,3,9106,20,27318,3837.43,2025-10-14
ORD01681,CUST0966,Meera Reddy,Ahmedabad,Gujarat,Laptop,Electronics,2,29035,15,58070,7832.25,2025-09-20
ORD01682,CUST0030,Rohan Patel,Delhi,Delhi,Tablet,Electronics,1,25824,15,25824,4242.98,2025-07-04
ORD01683,CUST0260,Aarav Patel,Hyderabad,Telangana,Headphones,Accessories,2,43486,0,86972,15309.64,2025-12-27
ORD01684,CUST0515,Vihaan Gupta,Ahmedabad,Gujarat,Speaker,Electronics,5,30089,0,150445,41628.55,2025-06-22
ORD01685,CUST0303,Meera Naidu,Kolkata,West Bengal,Speaker,Electronics,2,9305,15,18610,3464.12,2025-09-13
ORD01686,CUST0136,Vivaan Verma,Chennai,Tamil Nadu,Speaker,Electronics,1,14680,15,14680,3341.3,2025-07-03
ORD01687,CUST0186,Rohan Gupta,Delhi,Delhi,Webcam,Accessories,1,26538,0,26538,3798.97,2025-04-15
ORD01688,CUST0844,Kiran Patel,Mumbai,Maharashtra,Speaker,Electronics,2,23673,15,47346,5683.16,2025-03-27
ORD01689,CUST0171,Rahul Naidu,Hyderabad,Telangana,Speaker,Electronics,3,30626,0,91878,26187.08,2025-12-17
ORD01690,CUST0076,Rahul Gupta,Bangalore,Karnataka,Speaker,Electronics,2,36056,20,72112,21212.69,2025-02-11
ORD01691,CUST0962,Kiran Gupta,Delhi,Delhi,Keyboard,Accessories,1,18862,10,18862,2434.49,2025-04-23
ORD01692,CUST0552,Sai Singh,Ahmedabad,Gujarat,Laptop,Electronics,3,6486,10,19458,4123.6,2025-12-31
ORD01693,CUST0574,Priya Gupta,Hyderabad,Telangana,Headphones,Accessories,1,45402,15,45402,6337.34,2025-09-03
ORD01694,CUST0128,Shivani Patel,Kolkata,West Bengal,USB Cable,Accessories,2,36982,0,73964,20785.5,2025-12-13
ORD01695,CUST0442,Ananya Verma,Bangalore,Karnataka,Headphones,Accessories,5,22377,5,111885,13516.18,2025-03-30
ORD01696,CUST0334,Priya Yadav,Kolkata,West Bengal,Headphones,Accessories,1,29150,15,29150,7594.13,2025-03-20
ORD01697,CUST0328,Rohan Jogi,Delhi,Delhi,Monitor,Electronics,2,39965,0,79930,20718.28,2025-12-15
ORD01698,CUST0423,Kiran Gupta,Pune,Maharashtra,Laptop,Electronics,4,26984,0,107936,24167.4,2025-07-06
ORD01699,CUST0400,Shivani Naidu,Delhi,Delhi,Mouse,Accessories,5,29884,5,149420,33347.68,2025-09-23
ORD01700,CUST0901,Kiran Kumar,Hyderabad,Telangana,Printer,Office,5,21303,10,106515,27432.42,2025-04-15
ORD01701,CUST0747,Rahul Jogi,Bangalore,Karnataka,Speaker,Electronics,4,41069,20,164276,15723.75,2025-01-17
ORD01702,CUST0746,Ananya Yadav,Hyderabad,Telangana,Speaker,Electronics,3,32189,15,96567,20791.14,2025-11-11
ORD01703,CUST0918,Rohan Kumar,Bangalore,Karnataka,Monitor,Electronics,2,10541,10,21082,4950.78,2025-05-09
ORD01704,CUST0270,Priya Gupta,Chennai,Tamil Nadu,USB Cable,Accessories,3,39354,10,118062,31142.98,2025-01-15
ORD01705,CUST0727,Aarav Patel,Hyderabad,Telangana,Headphones,Accessories,5,46309,10,231545,69249.52,2025-07-29
ORD01706,CUST0130,Sai Reddy,Hyderabad,Telangana,Headphones,Accessories,1,23730,15,23730,6439.21,2025-08-25
ORD01707,CUST0248,Arjun Jogi,Pune,Maharashtra,USB Cable,Accessories,5,11510,0,57550,12924.9,2025-09-16
ORD01708,CUST0423,Kiran Gupta,Pune,Maharashtra,USB Cable,Accessories,4,10775,0,43100,11239.93,2025-09-21
ORD01709,CUST0652,Aditya Yadav,Pune,Maharashtra,Webcam,Accessories,2,914,0,1828,493.39,2025-04-04
ORD01710,CUST0715,Sneha Sharma,Kolkata,West Bengal,Printer,Office,1,44835,15,44835,7033.05,2025-02-06
ORD01711,CUST0380,Arjun Reddy,Kolkata,West Bengal,USB Cable,Accessories,4,5923,10,23692,3326.36,2025-12-14
ORD01712,CUST0054,Aarav Kumar,Chennai,Tamil Nadu,Printer,Office,5,7837,15,39185,9138.09,2025-05-24
ORD01713,CUST0371,Rohan Gupta,Kolkata,West Bengal,Headphones,Accessories,3,13090,15,39270,10793.98,2025-05-20
ORD01714,CUST0109,Meera Reddy,Hyderabad,Telangana,Printer,Office,2,12364,0,24728,4280.59,2025-05-12
ORD01715,CUST0373,Ananya Verma,Chennai,Tamil Nadu,Mouse,Accessories,4,2117,0,8468,2147.49,2025-01-04
ORD01716,CUST0157,Vivaan Sharma,Delhi,Delhi,Keyboard,Accessories,1,10994,20,10994,2747.31,2025-03-23
ORD01717,CUST0909,Vivaan Kumar,Pune,Maharashtra,Speaker,Electronics,3,34294,5,102882,9375.86,2025-10-05
ORD01718,CUST0575,Rahul Patel,Bangalore,Karnataka,Tablet,Electronics,2,26477,10,52954,7784.49,2025-11-26
ORD01719,CUST0758,Sneha Kumar,Delhi,Delhi,Headphones,Accessories,5,23559,0,117795,31186.14,2025-11-23
ORD01720,CUST0628,Sai Kumar,Pune,Maharashtra,Speaker,Electronics,5,4810,10,24050,4244.9,2025-06-04
ORD01721,CUST0444,Aditya Jogi,Pune,Maharashtra,Headphones,Accessories,1,49610,20,49610,7556.46,2025-02-13
ORD01722,CUST0946,Shivani Sharma,Hyderabad,Telangana,Tablet,Electronics,3,9546,20,28638,4267.19,2025-02-08
ORD01723,CUST0758,Sneha Kumar,Delhi,Delhi,Speaker,Electronics,3,24001,15,72003,19281.98,2025-06-07
ORD01724,CUST0539,Kiran Singh,Mumbai,Maharashtra,Mouse,Accessories,2,19591,20,39182,9138.01,2025-08-26
ORD01725,CUST0734,Shivani Yadav,Chennai,Tamil Nadu,Mouse,Accessories,5,41879,20,209395,30342.53,2025-02-01
ORD01726,CUST0796,Priya Reddy,Bangalore,Karnataka,Monitor,Electronics,3,4460,10,13380,1445.64,2025-09-26
ORD01727,CUST0086,Sneha Patel,Hyderabad,Telangana,Speaker,Electronics,2,39607,20,79214,10277.68,2025-03-02
ORD01728,CUST0383,Aditya Yadav,Kolkata,West Bengal,USB Cable,Accessories,2,30854,10,61708,5835.06,2025-07-16
ORD01729,CUST0374,Arjun Patel,Pune,Maharashtra,Printer,Office,3,41856,15,125568,30905.14,2025-03-18
ORD01730,CUST0679,Sai Singh,Mumbai,Maharashtra,Printer,Office,4,2165,0,8660,985.39,2025-07-22
ORD01731,CUST0522,Vihaan Verma,Pune,Maharashtra,Laptop,Electronics,1,16094,10,16094,2409.48,2025-08-07
ORD01732,CUST0673,Rahul Patel,Kolkata,West Bengal,Keyboard,Accessories,4,21037,10,84148,19041.9,2025-07-22
ORD01733,CUST0617,Sneha Singh,Bangalore,Karnataka,Headphones,Accessories,3,39960,20,119880,25087.5,2025-02-04
ORD01734,CUST0070,Vivaan Yadav,Hyderabad,Telangana,Laptop,Electronics,3,21219,0,63657,16586.55,2025-03-07
ORD01735,CUST0638,Arjun Yadav,Chennai,Tamil Nadu,Speaker,Electronics,2,13497,10,26994,5333.8,2025-04-19
ORD01736,CUST0757,Sai Patel,Delhi,Delhi,Printer,Office,1,3637,10,3637,735.35,2025-09-28
ORD01737,CUST0667,Diya Yadav,Delhi,Delhi,Headphones,Accessories,5,37242,20,186210,52950.08,2025-06-21
ORD01738,CUST0071,Arjun Verma,Kolkata,West Bengal,Monitor,Electronics,5,47527,20,237635,22648.62,2025-12-07
ORD01739,CUST0276,Aditya Kumar,Pune,Maharashtra,Tablet,Electronics,2,12393,20,24786,6234.41,2025-11-06
ORD01740,CUST0581,Aditya Naidu,Ahmedabad,Gujarat,Headphones,Accessories,3,4901,10,14703,2856.02,2025-05-01
ORD01741,CUST0067,Rohan Kumar,Kolkata,West Bengal,Headphones,Accessories,5,11163,5,55815,14741.23,2025-08-15
ORD01742,CUST0576,Arjun Gupta,Hyderabad,Telangana,Mouse,Accessories,2,18492,20,36984,3770.32,2025-06-10
ORD01743,CUST0007,Meera Yadav,Pune,Maharashtra,Monitor,Electronics,3,46929,20,140787,23473.68,2025-06-19
ORD01744,CUST0370,Shivani Sharma,Mumbai,Maharashtra,Mouse,Accessories,1,17657,0,17657,4382.21,2025-01-29
ORD01745,CUST0156,Kiran Reddy,Bangalore,Karnataka,Printer,Office,2,46583,5,93166,26447.03,2025-08-22
ORD01746,CUST0634,Diya Jogi,Kolkata,West Bengal,Keyboard,Accessories,5,33096,20,165480,31018.73,2025-10-08
ORD01747,CUST0649,Rohan Jogi,Hyderabad,Telangana,Headphones,Accessories,1,23044,15,23044,6553.43,2025-08-15
ORD01748,CUST0740,Arjun Naidu,Bangalore,Karnataka,Headphones,Accessories,3,35820,10,107460,26869.26,2025-02-02
ORD01749,CUST0270,Priya Gupta,Chennai,Tamil Nadu,Mouse,Accessories,2,20377,15,40754,11715.1,2025-01-25
ORD01750,CUST0582,Arjun Jogi,Kolkata,West Bengal,Printer,Office,4,27639,0,110556,21546.29,2025-07-21
ORD01751,CUST0970,Arjun Verma,Kolkata,West Bengal,Webcam,Accessories,2,608,10,1216,161.44,2025-01-28
ORD01752,CUST0385,Rahul Yadav,Mumbai,Maharashtra,Printer,Office,3,17015,20,51045,7045.41,2025-01-07
ORD01753,CUST0906,Rohan Patel,Ahmedabad,Gujarat,Printer,Office,3,20145,0,60435,16547.03,2025-06-01
ORD01754,CUST0028,Ananya Sharma,Ahmedabad,Gujarat,Mouse,Accessories,1,26704,10,26704,3404.24,2025-06-24
ORD01755,CUST0598,Rahul Patel,Kolkata,West Bengal,Printer,Office,5,13060,0,65300,10790.02,2025-02-11
ORD01756,CUST0524,Priya Yadav,Hyderabad,Telangana,USB Cable,Accessories,4,14058,20,56232,13616.32,2025-12-23
ORD01757,CUST0205,Rahul Gupta,Bangalore,Karnataka,Keyboard,Accessories,1,28596,15,28596,8182.84,2025-06-02
ORD01758,CUST0857,Arjun Yadav,Ahmedabad,Gujarat,USB Cable,Accessories,2,45067,0,90134,12270.11,2025-12-11
ORD01759,CUST0757,Sai Patel,Delhi,Delhi,Webcam,Accessories,4,40625,5,162500,22315.47,2025-06-06
ORD01760,CUST0108,Shivani Naidu,Kolkata,West Bengal,Monitor,Electronics,4,36456,20,145824,27554.55,2025-01-24
ORD01761,CUST0250,Arjun Jogi,Hyderabad,Telangana,USB Cable,Accessories,1,2208,15,2208,476.85,2025-07-08
ORD01762,CUST0957,Aditya Sharma,Delhi,Delhi,Monitor,Electronics,5,28639,15,143195,30871.44,2025-06-29
ORD01763,CUST0193,Arjun Sharma,Bangalore,Karnataka,Webcam,Accessories,2,32425,10,64850,15838.39,2025-11-28
ORD01764,CUST0060,Aarav Patel,Delhi,Delhi,Webcam,Accessories,1,49230,5,49230,4236.57,2025-12-13
ORD01765,CUST0173,Vihaan Jogi,Pune,Maharashtra,Printer,Office,5,5370,5,26850,2304.69,2025-08-04
ORD01766,CUST0142,Diya Gupta,Delhi,Delhi,Mouse,Accessories,2,14309,15,28618,3134.37,2025-08-17
ORD01767,CUST0322,Kiran Gupta,Kolkata,West Bengal,Webcam,Accessories,4,36296,0,145184,24866.04,2025-11-19
ORD01768,CUST0600,Ananya Gupta,Ahmedabad,Gujarat,Webcam,Accessories,4,16076,10,64304,10549.85,2025-12-28
ORD01769,CUST0217,Vihaan Kumar,Delhi,Delhi,Headphones,Accessories,5,6744,0,33720,8414.07,2025-11-30
ORD01770,CUST0316,Vivaan Reddy,Delhi,Delhi,Tablet,Electronics,1,19275,10,19275,2646.54,2025-04-23
ORD01771,CUST0343,Diya Singh,Hyderabad,Telangana,Keyboard,Accessories,2,29828,20,59656,11931.15,2025-01-16
ORD01772,CUST0309,Vivaan Patel,Kolkata,West Bengal,Printer,Office,3,22232,15,66696,6116.15,2025-09-27
ORD01773,CUST0402,Sneha Yadav,Mumbai,Maharashtra,Tablet,Electronics,1,5592,0,5592,996.83,2025-12-14
ORD01774,CUST0002,Shivani Kumar,Delhi,Delhi,USB Cable,Accessories,1,46080,15,46080,5659.07,2025-08-17
ORD01775,CUST0378,Diya Jogi,Bangalore,Karnataka,Headphones,Accessories,4,24858,0,99432,16666.21,2025-11-18
ORD01776,CUST0807,Aditya Yadav,Bangalore,Karnataka,Headphones,Accessories,5,9557,10,47785,12119.64,2025-06-12
ORD01777,CUST0368,Kiran Verma,Hyderabad,Telangana,USB Cable,Accessories,3,14564,15,43692,5384.07,2025-03-01
ORD01778,CUST0357,Arjun Verma,Bangalore,Karnataka,Laptop,Electronics,1,14783,20,14783,2804.98,2025-08-14
ORD01779,CUST0261,Ananya Kumar,Chennai,Tamil Nadu,Keyboard,Accessories,5,27846,5,139230,29561.52,2025-12-30
ORD01780,CUST0745,Aarav Jogi,Hyderabad,Telangana,Speaker,Electronics,3,42099,5,126297,24057.03,2025-07-24
ORD01781,CUST0948,Rahul Kumar,Hyderabad,Telangana,Printer,Office,2,26364,15,52728,12896.93,2025-12-17
ORD01782,CUST0940,Aarav Sharma,Bangalore,Karnataka,Monitor,Electronics,4,43690,0,174760,38842.92,2025-05-06
ORD01783,CUST0119,Rahul Naidu,Chennai,Tamil Nadu,Laptop,Electronics,5,17636,20,88180,23953.94,2025-12-01
ORD01784,CUST0850,Aarav Sharma,Kolkata,West Bengal,Webcam,Accessories,2,11513,0,23026,6073.4,2025-08-30
ORD01785,CUST0953,Meera Jogi,Chennai,Tamil Nadu,Headphones,Accessories,2,24303,10,48606,13212.47,2025-12-10
ORD01786,CUST0955,Ananya Gupta,Kolkata,West Bengal,Mouse,Accessories,1,10680,10,10680,2071.46,2025-01-02
ORD01787,CUST0714,Rahul Naidu,Mumbai,Maharashtra,Monitor,Electronics,3,20327,0,60981,17221.9,2025-12-17
ORD01788,CUST0976,Diya Sharma,Pune,Maharashtra,Headphones,Accessories,3,38752,5,116256,29863.8,2025-05-26
ORD01789,CUST0631,Diya Sharma,Chennai,Tamil Nadu,Headphones,Accessories,2,36049,5,72098,7372.43,2025-01-03
ORD01790,CUST0539,Kiran Singh,Mumbai,Maharashtra,Printer,Office,2,35612,10,71224,16255.18,2025-06-11
ORD01791,CUST0612,Diya Patel,Chennai,Tamil Nadu,Printer,Office,2,1632,0,3264,927.28,2025-08-16
ORD01792,CUST0081,Rohan Kumar,Hyderabad,Telangana,Printer,Office,4,11682,10,46728,4406.5,2025-08-01
ORD01793,CUST0445,Meera Verma,Delhi,Delhi,Tablet,Electronics,1,46000,10,46000,11888.81,2025-01-31
ORD01794,CUST0649,Rohan Jogi,Hyderabad,Telangana,Laptop,Electronics,4,34494,0,137976,39374.36,2025-02-13
ORD01795,CUST0408,Arjun Singh,Chennai,Tamil Nadu,Laptop,Electronics,4,49822,20,199288,44862.22,2025-01-05
ORD01796,CUST0892,Aarav Kumar,Chennai,Tamil Nadu,Printer,Office,4,48652,20,194608,40880.6,2025-11-17
ORD01797,CUST0954,Arjun Jogi,Delhi,Delhi,Webcam,Accessories,1,26646,15,26646,5864.45,2025-01-23
ORD01798,CUST0627,Sneha Sharma,Bangalore,Karnataka,Laptop,Electronics,1,43793,15,43793,12708.69,2025-01-22
ORD01799,CUST0313,Rohan Patel,Pune,Maharashtra,Tablet,Electronics,4,3965,5,15860,3976.01,2025-12-30
ORD01800,CUST0876,Meera Sharma,Ahmedabad,Gujarat,USB Cable,Accessories,4,27416,5,109664,23757.72,2025-07-23
ORD01801,CUST0526,Kiran Yadav,Hyderabad,Telangana,Monitor,Electronics,1,941,10,941,78.97,2025-10-24
ORD01802,CUST0786,Rohan Yadav,Bangalore,Karnataka,Laptop,Electronics,2,4803,15,9606,897.04,2025-07-04
ORD01803,CUST0083,Shivani Kumar,Pune,Maharashtra,Printer,Office,5,12051,5,60255,4877.01,2025-07-14
ORD01804,CUST0684,Ananya Kumar,Ahmedabad,Gujarat,Monitor,Electronics,1,21718,20,21718,5541.37,2025-09-02
ORD01805,CUST0383,Aditya Yadav,Kolkata,West Bengal,Keyboard,Accessories,1,20810,20,20810,3287.17,2025-05-11
ORD01806,CUST0056,Priya Sharma,Pune,Maharashtra,USB Cable,Accessories,2,21369,10,42738,7279.07,2025-10-28
ORD01807,CUST0229,Rohan Yadav,Chennai,Tamil Nadu,Webcam,Accessories,3,43083,20,129249,17588.55,2025-01-11
ORD01808,CUST0899,Shivani Naidu,Chennai,Tamil Nadu,USB Cable,Accessories,4,38960,15,155840,26749.36,2025-12-15
ORD01809,CUST0581,Aditya Naidu,Ahmedabad,Gujarat,USB Cable,Accessories,3,23432,0,70296,19980.06,2025-10-07
ORD01810,CUST0968,Rohan Jogi,Ahmedabad,Gujarat,Webcam,Accessories,5,46041,10,230205,44214.89,2025-03-14
ORD01811,CUST0651,Shivani Kumar,Bangalore,Karnataka,Laptop,Electronics,5,41628,5,208140,58291.73,2025-12-06
ORD01812,CUST0069,Kiran Reddy,Delhi,Delhi,Headphones,Accessories,2,10963,10,21926,2826.62,2025-04-16
ORD01813,CUST0094,Vivaan Yadav,Mumbai,Maharashtra,Headphones,Accessories,1,9701,20,9701,1663.21,2025-03-19
ORD01814,CUST0415,Shivani Verma,Kolkata,West Bengal,Mouse,Accessories,1,37813,10,37813,10925.42,2025-03-16
ORD01815,CUST0812,Aditya Sharma,Hyderabad,Telangana,Printer,Office,3,34071,10,102213,28894.94,2025-12-05
ORD01816,CUST0280,Meera Patel,Ahmedabad,Gujarat,Monitor,Electronics,1,13576,0,13576,3863.99,2025-03-29
ORD01817,CUST0338,Aarav Kumar,Chennai,Tamil Nadu,USB Cable,Accessories,3,13891,15,41673,3734.46,2025-04-12
ORD01818,CUST0685,Priya Reddy,Mumbai,Maharashtra,Mouse,Accessories,5,15328,20,76640,12722.77,2025-05-19
ORD01819,CUST0792,Aarav Naidu,Ahmedabad,Gujarat,Mouse,Accessories,1,43670,15,43670,7574.78,2025-11-04
ORD01820,CUST0685,Priya Reddy,Mumbai,Maharashtra,Printer,Office,3,33816,15,101448,19487.73,2025-06-14
ORD01821,CUST0171,Rahul Naidu,Hyderabad,Telangana,Tablet,Electronics,4,40733,15,162932,25521.36,2025-10-07
ORD01822,CUST0672,Shivani Yadav,Mumbai,Maharashtra,Tablet,Electronics,5,13121,20,65605,16071.53,2025-12-19
ORD01823,CUST0265,Priya Naidu,Chennai,Tamil Nadu,Headphones,Accessories,4,20756,0,83024,10524.67,2025-07-23
ORD01824,CUST0832,Vivaan Jogi,Bangalore,Karnataka,Laptop,Electronics,5,45649,10,228245,18675.24,2025-03-04
ORD01825,CUST0633,Aarav Sharma,Delhi,Delhi,Speaker,Electronics,3,18688,5,56064,16040.48,2025-11-25
ORD01826,CUST0870,Aarav Patel,Chennai,Tamil Nadu,Keyboard,Accessories,2,23526,0,47052,13049.32,2025-08-31
ORD01827,CUST0846,Priya Verma,Hyderabad,Telangana,Headphones,Accessories,4,3860,15,15440,3407.67,2025-06-16
ORD01828,CUST0552,Sai Singh,Ahmedabad,Gujarat,Headphones,Accessories,3,28310,15,84930,7450.67,2025-03-22
ORD01829,CUST0057,Arjun Patel,Delhi,Delhi,Webcam,Accessories,5,49769,15,248845,47063.61,2025-10-28
ORD01830,CUST0836,Diya Reddy,Chennai,Tamil Nadu,Headphones,Accessories,2,20182,10,40364,8705.92,2025-10-17
ORD01831,CUST0002,Shivani Kumar,Delhi,Delhi,Headphones,Accessories,5,36663,20,183315,37004.55,2025-08-03
ORD01832,CUST0242,Sai Patel,Pune,Maharashtra,Tablet,Electronics,2,22729,5,45458,12125.42,2025-10-27
ORD01833,CUST0385,Rahul Yadav,Mumbai,Maharashtra,Headphones,Accessories,1,27174,10,27174,5754.9,2025-06-28
ORD01834,CUST0057,Arjun Patel,Delhi,Delhi,Tablet,Electronics,2,15973,20,31946,8740.9,2025-03-16
ORD01835,CUST0806,Rohan Reddy,Delhi,Delhi,Tablet,Electronics,2,22955,0,45910,8398.93,2025-08-15
ORD01836,CUST0988,Meera Sharma,Mumbai,Maharashtra,Monitor,Electronics,4,42958,15,171832,18045.68,2025-08-02
ORD01837,CUST0753,Rahul Patel,Kolkata,West Bengal,Tablet,Electronics,1,13498,15,13498,3265.49,2025-07-27
ORD01838,CUST0690,Sai Singh,Ahmedabad,Gujarat,Printer,Office,4,43710,5,174840,45449.34,2025-07-25
ORD01839,CUST0223,Sai Reddy,Kolkata,West Bengal,Keyboard,Accessories,4,11247,20,44988,12639.15,2025-02-24
ORD01840,CUST0849,Sneha Yadav,Bangalore,Karnataka,Webcam,Accessories,3,43706,15,131118,38945.99,2025-09-23
ORD01841,CUST0955,Ananya Gupta,Kolkata,West Bengal,Mouse,Accessories,4,16967,10,67868,8963.44,2025-03-04
ORD01842,CUST0077,Sai Reddy,Chennai,Tamil Nadu,Printer,Office,1,28564,0,28564,4554.11,2025-05-28
ORD01843,CUST0512,Aditya Sharma,Hyderabad,Telangana,Monitor,Electronics,5,9949,20,49745,4909.47,2025-03-05
ORD01844,CUST0430,Kiran Patel,Bangalore,Karnataka,Mouse,Accessories,4,11032,15,44128,11663.37,2025-04-13
ORD01845,CUST0908,Ananya Patel,Delhi,Delhi,Speaker,Electronics,4,45623,15,182492,30612.88,2025-02-07
ORD01846,CUST0642,Meera Singh,Bangalore,Karnataka,USB Cable,Accessories,2,13902,5,27804,4234.6,2025-10-09
ORD01847,CUST0753,Rahul Patel,Kolkata,West Bengal,Keyboard,Accessories,3,16275,20,48825,13293.17,2025-01-02
ORD01848,CUST0718,Vihaan Kumar,Kolkata,West Bengal,Mouse,Accessories,4,9445,0,37780,11211.88,2025-02-14
ORD01849,CUST0285,Priya Reddy,Chennai,Tamil Nadu,Keyboard,Accessories,3,5703,10,17109,3640.67,2025-07-29
ORD01850,CUST0021,Ananya Yadav,Pune,Maharashtra,Headphones,Accessories,1,4153,0,4153,590.99,2025-09-16
ORD01851,CUST0846,Priya Verma,Hyderabad,Telangana,USB Cable,Accessories,3,32421,15,97263,15392.35,2025-10-13
ORD01852,CUST0026,Arjun Naidu,Mumbai,Maharashtra,Mouse,Accessories,2,3982,0,7964,1598.82,2025-12-15
ORD01853,CUST0887,Meera Jogi,Mumbai,Maharashtra,Keyboard,Accessories,1,16232,15,16232,4617.53,2025-07-06
ORD01854,CUST0930,Sai Gupta,Mumbai,Maharashtra,Printer,Office,2,11398,20,22796,2019.79,2025-02-17
ORD01855,CUST0918,Rohan Kumar,Bangalore,Karnataka,Keyboard,Accessories,4,48429,20,193716,49743.66,2025-05-07
ORD01856,CUST0549,Diya Singh,Bangalore,Karnataka,Tablet,Electronics,1,15138,10,15138,2744.65,2025-11-01
ORD01857,CUST0628,Sai Kumar,Pune,Maharashtra,USB Cable,Accessories,4,39306,20,157224,38737.16,2025-06-08
ORD01858,CUST0589,Diya Kumar,Mumbai,Maharashtra,USB Cable,Accessories,3,24636,10,73908,21898.21,2025-06-22
ORD01859,CUST0381,Sai Singh,Hyderabad,Telangana,Mouse,Accessories,3,15614,20,46842,10508.33,2025-01-23
ORD01860,CUST0607,Aditya Gupta,Ahmedabad,Gujarat,Printer,Office,5,25578,20,127890,13793.45,2025-03-07
ORD01861,CUST0490,Vihaan Naidu,Mumbai,Maharashtra,Monitor,Electronics,1,26331,20,26331,2717.3,2025-09-29
ORD01862,CUST0717,Rahul Singh,Ahmedabad,Gujarat,Keyboard,Accessories,5,36017,15,180085,28395.56,2025-02-28
ORD01863,CUST0226,Arjun Reddy,Delhi,Delhi,Headphones,Accessories,4,42157,20,168628,44639.89,2025-09-20
ORD01864,CUST0215,Vivaan Reddy,Mumbai,Maharashtra,Laptop,Electronics,5,9341,10,46705,8080.3,2025-11-05
ORD01865,CUST0537,Arjun Naidu,Pune,Maharashtra,Monitor,Electronics,5,21335,0,106675,21838.69,2025-12-22
ORD01866,CUST0035,Rohan Kumar,Pune,Maharashtra,Printer,Office,5,13286,5,66430,14620.35,2025-03-15
ORD01867,CUST0099,Meera Sharma,Hyderabad,Telangana,Laptop,Electronics,2,1162,15,2324,359.14,2025-04-21
ORD01868,CUST0653,Vivaan Verma,Hyderabad,Telangana,Laptop,Electronics,1,49837,10,49837,6769.6,2025-11-20
ORD01869,CUST0924,Aditya Naidu,Chennai,Tamil Nadu,Printer,Office,1,46428,15,46428,13907.18,2025-09-10
ORD01870,CUST0692,Kiran Jogi,Mumbai,Maharashtra,Printer,Office,5,37553,20,187765,29153.12,2025-01-04
ORD01871,CUST0648,Kiran Patel,Hyderabad,Telangana,Mouse,Accessories,1,39978,5,39978,11512.63,2025-02-01
ORD01872,CUST0377,Aditya Kumar,Bangalore,Karnataka,USB Cable,Accessories,1,3171,10,3171,586.4,2025-06-02
ORD01873,CUST0516,Aarav Sharma,Ahmedabad,Gujarat,Laptop,Electronics,4,18069,0,72276,16186.79,2025-07-15
ORD01874,CUST0754,Aarav Verma,Chennai,Tamil Nadu,Printer,Office,4,46740,5,186960,34843.68,2025-11-06
ORD01875,CUST0183,Rohan Singh,Pune,Maharashtra,Webcam,Accessories,5,18035,20,90175,14823.72,2025-01-19
ORD01876,CUST0862,Aditya Jogi,Mumbai,Maharashtra,Keyboard,Accessories,3,14387,15,43161,8122.14,2025-08-19
ORD01877,CUST0133,Vivaan Gupta,Chennai,Tamil Nadu,Laptop,Electronics,4,47136,5,188544,47130.29,2025-02-11
ORD01878,CUST0842,Shivani Jogi,Mumbai,Maharashtra,Mouse,Accessories,1,20848,15,20848,2331.91,2025-07-13
ORD01879,CUST0104,Arjun Jogi,Pune,Maharashtra,Headphones,Accessories,2,1152,0,2304,194.01,2025-09-21
ORD01880,CUST0253,Aarav Gupta,Chennai,Tamil Nadu,Mouse,Accessories,3,20839,5,62517,17221.12,2025-02-15
ORD01881,CUST0363,Priya Reddy,Ahmedabad,Gujarat,Laptop,Electronics,2,44716,20,89432,22349.59,2025-01-31
ORD01882,CUST0666,Aarav Reddy,Ahmedabad,Gujarat,Mouse,Accessories,5,12232,10,61160,14747.1,2025-03-18
ORD01883,CUST0454,Ananya Kumar,Bangalore,Karnataka,Laptop,Electronics,2,35098,5,70196,10614.77,2025-01-19
ORD01884,CUST0670,Arjun Gupta,Mumbai,Maharashtra,Speaker,Electronics,5,2117,10,10585,2065.39,2025-03-22
ORD01885,CUST0227,Vihaan Kumar,Kolkata,West Bengal,Headphones,Accessories,4,23702,15,94808,22211.87,2025-09-17
ORD01886,CUST0264,Vivaan Gupta,Kolkata,West Bengal,Monitor,Electronics,1,40545,5,40545,3328.86,2025-10-05
ORD01887,CUST0329,Ananya Yadav,Chennai,Tamil Nadu,Speaker,Electronics,4,27533,5,110132,11877.94,2025-02-11
ORD01888,CUST0795,Rahul Yadav,Chennai,Tamil Nadu,Laptop,Electronics,5,6584,10,32920,4102.01,2025-04-14
ORD01889,CUST0010,Aarav Reddy,Delhi,Delhi,USB Cable,Accessories,5,25997,5,129985,21680.79,2025-10-26
ORD01890,CUST0791,Arjun Kumar,Hyderabad,Telangana,Speaker,Electronics,4,46504,15,186016,43621.23,2025-06-28
ORD01891,CUST0338,Aarav Kumar,Chennai,Tamil Nadu,Headphones,Accessories,4,43202,15,172808,26553.71,2025-10-09
ORD01892,CUST0183,Rohan Singh,Pune,Maharashtra,Headphones,Accessories,4,7132,0,28528,6649.96,2025-09-15
ORD01893,CUST0087,Diya Patel,Chennai,Tamil Nadu,Laptop,Electronics,1,49548,20,49548,5811.23,2025-09-10
ORD01894,CUST0296,Diya Naidu,Chennai,Tamil Nadu,Webcam,Accessories,5,43094,10,215470,21593.29,2025-10-25
ORD01895,CUST0645,Sneha Patel,Mumbai,Maharashtra,Speaker,Electronics,1,32770,5,32770,5457.79,2025-04-07
ORD01896,CUST0946,Shivani Sharma,Hyderabad,Telangana,Keyboard,Accessories,3,21900,20,65700,10523.42,2025-05-09
ORD01897,CUST0279,Shivani Gupta,Kolkata,West Bengal,Mouse,Accessories,2,45341,5,90682,9679.62,2025-09-30
ORD01898,CUST0878,Sai Yadav,Pune,Maharashtra,Speaker,Electronics,5,41110,0,205550,41318.77,2025-05-18
ORD01899,CUST0599,Vivaan Singh,Pune,Maharashtra,Headphones,Accessories,1,23185,15,23185,3306.77,2025-07-28
ORD01900,CUST0857,Arjun Yadav,Ahmedabad,Gujarat,Webcam,Accessories,2,12616,15,25232,4580.36,2025-05-28
ORD01901,CUST0081,Rohan Kumar,Hyderabad,Telangana,Webcam,Accessories,5,41214,0,206070,32535.79,2025-01-07
ORD01902,CUST0587,Vivaan Yadav,Mumbai,Maharashtra,Webcam,Accessories,3,7404,15,22212,6468.3,2025-02-06
ORD01903,CUST0361,Arjun Kumar,Hyderabad,Telangana,Laptop,Electronics,5,43355,0,216775,39511.65,2025-08-26
ORD01904,CUST0820,Rahul Sharma,Mumbai,Maharashtra,Laptop,Electronics,2,21850,15,43700,5936.89,2025-06-06
ORD01905,CUST0152,Sneha Verma,Kolkata,West Bengal,Keyboard,Accessories,4,5827,0,23308,6538.5,2025-12-26
ORD01906,CUST0724,Meera Patel,Kolkata,West Bengal,Mouse,Accessories,5,35709,20,178545,19096.08,2025-05-24
ORD01907,CUST0570,Shivani Verma,Chennai,Tamil Nadu,Monitor,Electronics,2,4507,5,9014,1699.65,2025-02-18
ORD01908,CUST0129,Rohan Gupta,Delhi,Delhi,Speaker,Electronics,2,3032,10,6064,1202.9,2025-02-27
ORD01909,CUST0155,Arjun Kumar,Hyderabad,Telangana,Mouse,Accessories,1,7843,15,7843,1477.14,2025-11-21
ORD01910,CUST0275,Kiran Sharma,Kolkata,West Bengal,Monitor,Electronics,2,31657,15,63314,18207.49,2025-02-22
ORD01911,CUST0142,Diya Gupta,Delhi,Delhi,Tablet,Electronics,3,32433,15,97299,18736.86,2025-01-03
ORD01912,CUST0720,Sneha Gupta,Bangalore,Karnataka,Printer,Office,5,32131,5,160655,30804.09,2025-11-27
ORD01913,CUST0547,Aarav Singh,Hyderabad,Telangana,Keyboard,Accessories,2,36476,0,72952,15572.68,2025-12-02
ORD01914,CUST0917,Rahul Naidu,Delhi,Delhi,Speaker,Electronics,4,16093,5,64372,10459.27,2025-06-11
ORD01915,CUST0562,Arjun Reddy,Mumbai,Maharashtra,Tablet,Electronics,3,27024,10,81072,11013.74,2025-12-25
ORD01916,CUST0604,Vihaan Patel,Chennai,Tamil Nadu,Speaker,Electronics,1,29193,10,29193,6591.5,2025-12-05
ORD01917,CUST0621,Rohan Yadav,Delhi,Delhi,Printer,Office,1,4983,10,4983,695.53,2025-01-13
ORD01918,CUST0884,Vivaan Patel,Ahmedabad,Gujarat,Webcam,Accessories,2,33452,20,66904,12292.41,2025-02-10
ORD01919,CUST0170,Rohan Verma,Chennai,Tamil Nadu,Monitor,Electronics,4,27344,0,109376,12659.6,2025-08-29
ORD01920,CUST0514,Arjun Sharma,Delhi,Delhi,Monitor,Electronics,2,35456,0,70912,16545.57,2025-08-24
ORD01921,CUST0213,Sneha Verma,Chennai,Tamil Nadu,Laptop,Electronics,5,21627,0,108135,13811.19,2025-03-14
ORD01922,CUST0506,Diya Kumar,Ahmedabad,Gujarat,Keyboard,Accessories,4,18488,10,73952,10932.8,2025-06-05
ORD01923,CUST0639,Arjun Kumar,Chennai,Tamil Nadu,Speaker,Electronics,2,1794,15,3588,449.25,2025-08-09
ORD01924,CUST0667,Diya Yadav,Delhi,Delhi,Tablet,Electronics,5,34371,20,171855,13922.36,2025-02-19
ORD01925,CUST0050,Rahul Patel,Pune,Maharashtra,Monitor,Electronics,5,43842,15,219210,19268.22,2025-03-28
ORD01926,CUST0205,Rahul Gupta,Bangalore,Karnataka,Tablet,Electronics,1,32387,20,32387,9274.49,2025-11-19
ORD01927,CUST0556,Arjun Patel,Kolkata,West Bengal,USB Cable,Accessories,5,25648,10,128240,36746.16,2025-08-04
ORD01928,CUST0411,Aditya Singh,Ahmedabad,Gujarat,Webcam,Accessories,5,5310,20,26550,2784.78,2025-06-29
ORD01929,CUST0404,Diya Reddy,Delhi,Delhi,Laptop,Electronics,3,17291,10,51873,6963.01,2025-07-04
ORD01930,CUST0661,Meera Patel,Chennai,Tamil Nadu,Headphones,Accessories,5,48239,20,241195,29915.22,2025-03-12
ORD01931,CUST0361,Arjun Kumar,Hyderabad,Telangana,Webcam,Accessories,2,28275,15,56550,4752.68,2025-06-20
ORD01932,CUST0148,Meera Jogi,Kolkata,West Bengal,USB Cable,Accessories,5,39199,0,195995,38198.04,2025-06-23
ORD01933,CUST0674,Diya Naidu,Delhi,Delhi,Tablet,Electronics,5,17586,5,87930,9895.14,2025-03-25
ORD01934,CUST0035,Rohan Kumar,Pune,Maharashtra,Tablet,Electronics,5,23916,10,119580,20165.31,2025-12-19
ORD01935,CUST0852,Rahul Singh,Hyderabad,Telangana,USB Cable,Accessories,5,45592,0,227960,54646.48,2025-03-03
ORD01936,CUST0230,Rahul Gupta,Hyderabad,Telangana,Headphones,Accessories,2,17035,20,34070,5787.38,2025-04-03
ORD01937,CUST0956,Priya Singh,Delhi,Delhi,Headphones,Accessories,3,25943,20,77829,19838.17,2025-09-21
ORD01938,CUST0342,Rahul Verma,Ahmedabad,Gujarat,Printer,Office,3,46144,0,138432,23145.54,2025-07-15
ORD01939,CUST0888,Rohan Singh,Bangalore,Karnataka,Monitor,Electronics,1,40983,10,40983,4845.2,2025-01-16
ORD01940,CUST0030,Rohan Patel,Delhi,Delhi,Mouse,Accessories,3,38282,10,114846,23115.92,2025-06-06
ORD01941,CUST0959,Rohan Jogi,Delhi,Delhi,Mouse,Accessories,5,15393,5,76965,11266.89,2025-04-10
ORD01942,CUST0533,Rahul Naidu,Chennai,Tamil Nadu,Printer,Office,3,40235,0,120705,28363.8,2025-07-16
ORD01943,CUST0472,Sai Reddy,Chennai,Tamil Nadu,Speaker,Electronics,3,3883,5,11649,3182.43,2025-11-07
ORD01944,CUST0960,Rohan Reddy,Ahmedabad,Gujarat,Laptop,Electronics,3,24776,15,74328,8588.14,2025-09-16
ORD01945,CUST0125,Aditya Jogi,Mumbai,Maharashtra,Mouse,Accessories,4,49917,20,199668,32236.38,2025-12-10
ORD01946,CUST0626,Rohan Sharma,Mumbai,Maharashtra,Keyboard,Accessories,2,34514,5,69028,6179.24,2025-01-24
ORD01947,CUST0810,Ananya Yadav,Delhi,Delhi,Tablet,Electronics,4,29199,10,116796,19795.13,2025-10-05
ORD01948,CUST0574,Priya Gupta,Hyderabad,Telangana,Laptop,Electronics,2,37788,0,75576,7220.02,2025-04-03
ORD01949,CUST0931,Meera Verma,Chennai,Tamil Nadu,Monitor,Electronics,2,18949,20,37898,9550.66,2025-05-07
ORD01950,CUST0037,Aarav Naidu,Ahmedabad,Gujarat,Printer,Office,5,15213,10,76065,15990.62,2025-07-09
ORD01951,CUST0916,Diya Yadav,Mumbai,Maharashtra,USB Cable,Accessories,4,27331,10,109324,28530.4,2025-06-30
ORD01952,CUST0250,Arjun Jogi,Hyderabad,Telangana,Tablet,Electronics,5,19921,20,99605,28010.92,2025-02-12
ORD01953,CUST0974,Sneha Patel,Ahmedabad,Gujarat,Webcam,Accessories,4,8408,20,33632,9880.95,2025-02-24
ORD01954,CUST0109,Meera Reddy,Hyderabad,Telangana,Tablet,Electronics,3,15700,5,47100,11011.08,2025-04-27
ORD01955,CUST0639,Arjun Kumar,Chennai,Tamil Nadu,Headphones,Accessories,2,42446,0,84892,11825.01,2025-05-25
ORD01956,CUST0116,Sai Naidu,Hyderabad,Telangana,Printer,Office,1,44302,15,44302,11467.67,2025-05-05
ORD01957,CUST0324,Shivani Jogi,Hyderabad,Telangana,Monitor,Electronics,5,34426,0,172130,23264.57,2025-02-09
ORD01958,CUST0262,Arjun Sharma,Hyderabad,Telangana,Laptop,Electronics,4,45155,20,180620,50774.73,2025-10-30
ORD01959,CUST0940,Aarav Sharma,Bangalore,Karnataka,Keyboard,Accessories,4,48726,5,194904,20872.93,2025-03-14
ORD01960,CUST0302,Sneha Yadav,Pune,Maharashtra,Webcam,Accessories,3,13946,5,41838,9790.29,2025-09-22
ORD01961,CUST0609,Vihaan Patel,Hyderabad,Telangana,Laptop,Electronics,4,39688,0,158752,45669.8,2025-11-08
ORD01962,CUST0503,Ananya Reddy,Ahmedabad,Gujarat,Mouse,Accessories,4,720,0,2880,548.53,2025-03-13
ORD01963,CUST0561,Aditya Naidu,Bangalore,Karnataka,Printer,Office,2,18159,15,36318,9066.79,2025-11-05
ORD01964,CUST0666,Aarav Reddy,Ahmedabad,Gujarat,Webcam,Accessories,5,6898,5,34490,4761.2,2025-03-24
ORD01965,CUST0699,Aarav Yadav,Ahmedabad,Gujarat,Speaker,Electronics,1,35829,5,35829,5608.42,2025-07-04
ORD01966,CUST0118,Kiran Kumar,Pune,Maharashtra,Webcam,Accessories,3,38618,5,115854,31256.94,2025-01-28
ORD01967,CUST0454,Ananya Kumar,Bangalore,Karnataka,Speaker,Electronics,1,38982,5,38982,4937.34,2025-11-23
ORD01968,CUST0097,Priya Sharma,Chennai,Tamil Nadu,USB Cable,Accessories,5,25116,10,125580,34954.85,2025-08-31
ORD01969,CUST0066,Sai Kumar,Pune,Maharashtra,Laptop,Electronics,1,15186,10,15186,3387.79,2025-04-08
ORD01970,CUST0258,Priya Patel,Bangalore,Karnataka,USB Cable,Accessories,5,23576,10,117880,32634.46,2025-02-17
ORD01971,CUST0389,Sai Jogi,Ahmedabad,Gujarat,Mouse,Accessories,4,19741,20,78964,7175.54,2025-07-06
ORD01972,CUST0787,Priya Jogi,Ahmedabad,Gujarat,Monitor,Electronics,5,1751,15,8755,791.24,2025-01-10
ORD01973,CUST0992,Sneha Jogi,Kolkata,West Bengal,Mouse,Accessories,4,36455,5,145820,31784.21,2025-04-06
ORD01974,CUST0960,Rohan Reddy,Ahmedabad,Gujarat,Laptop,Electronics,5,43530,20,217650,20046.77,2025-03-04
ORD01975,CUST0114,Priya Patel,Ahmedabad,Gujarat,Headphones,Accessories,1,2642,20,2642,250.64,2025-12-12
ORD01976,CUST0491,Vivaan Jogi,Kolkata,West Bengal,Laptop,Electronics,2,12656,5,25312,7272.31,2025-05-19
ORD01977,CUST0300,Ananya Kumar,Ahmedabad,Gujarat,Keyboard,Accessories,1,44587,5,44587,9625.2,2025-12-16
ORD01978,CUST0763,Vihaan Patel,Delhi,Delhi,Tablet,Electronics,4,42847,20,171388,23238.38,2025-06-20
ORD01979,CUST0259,Aditya Yadav,Hyderabad,Telangana,Headphones,Accessories,5,35735,20,178675,35746.35,2025-12-29
ORD01980,CUST0914,Ananya Gupta,Ahmedabad,Gujarat,USB Cable,Accessories,1,4191,20,4191,961.57,2025-10-29
ORD01981,CUST0905,Rohan Patel,Chennai,Tamil Nadu,Laptop,Electronics,1,28976,20,28976,3566.91,2025-04-12
ORD01982,CUST0091,Rohan Kumar,Pune,Maharashtra,Webcam,Accessories,4,2481,20,9924,2405.11,2025-07-31
ORD01983,CUST0165,Priya Verma,Delhi,Delhi,Webcam,Accessories,5,33013,0,165065,18864.23,2025-04-01
ORD01984,CUST0693,Vihaan Reddy,Mumbai,Maharashtra,Keyboard,Accessories,3,2354,15,7062,983.23,2025-07-06
ORD01985,CUST0570,Shivani Verma,Chennai,Tamil Nadu,Webcam,Accessories,4,45986,20,183944,33691.36,2025-10-04
ORD01986,CUST0825,Arjun Sharma,Pune,Maharashtra,Speaker,Electronics,1,21129,0,21129,4148.39,2025-05-09
ORD01987,CUST0125,Aditya Jogi,Mumbai,Maharashtra,Webcam,Accessories,5,37896,5,189480,50069.56,2025-07-26
ORD01988,CUST0883,Priya Gupta,Kolkata,West Bengal,Webcam,Accessories,5,48012,10,240060,54145.04,2025-07-13
ORD01989,CUST0701,Shivani Yadav,Hyderabad,Telangana,Webcam,Accessories,4,11920,0,47680,10931.91,2025-10-31
ORD01990,CUST0355,Vivaan Jogi,Chennai,Tamil Nadu,Webcam,Accessories,5,41699,15,208495,59294.04,2025-04-24
ORD01991,CUST0280,Meera Patel,Ahmedabad,Gujarat,USB Cable,Accessories,5,16414,5,82070,19803.35,2025-01-12
ORD01992,CUST0050,Rahul Patel,Pune,Maharashtra,Keyboard,Accessories,4,1016,20,4064,746.2,2025-05-08
ORD01993,CUST0156,Kiran Reddy,Bangalore,Karnataka,Webcam,Accessories,4,16544,15,66176,13287.92,2025-01-09
ORD01994,CUST0251,Rohan Gupta,Delhi,Delhi,Tablet,Electronics,3,16050,10,48150,14416.47,2025-08-14
ORD01995,CUST0901,Kiran Kumar,Hyderabad,Telangana,Tablet,Electronics,4,30596,5,122384,30339.58,2025-12-06
ORD01996,CUST0320,Rohan Singh,Pune,Maharashtra,USB Cable,Accessories,5,16264,5,81320,13036.83,2025-04-27
ORD01997,CUST0449,Arjun Singh,Bangalore,Karnataka,Mouse,Accessories,5,25037,5,125185,35122.98,2025-09-24
ORD01998,CUST0600,Ananya Gupta,Ahmedabad,Gujarat,USB Cable,Accessories,3,15129,15,45387,11447.51,2025-12-28
ORD01999,CUST0783,Aditya Yadav,Ahmedabad,Gujarat,Mouse,Accessories,1,889,10,889,192.89,2025-10-13
ORD02000,CUST0370,Shivani Sharma,Mumbai,Maharashtra,Mouse,Accessories,4,31188,5,124752,17291.85,2025-12-19
ORD02001,CUST0556,Arjun Patel,Kolkata,West Bengal,Monitor,Electronics,3,20161,10,60483,12502.06,2025-04-09
ORD02002,CUST0297,Shivani Naidu,Pune,Maharashtra,Tablet,Electronics,4,21792,20,87168,23044.42,2025-02-26
ORD02003,CUST0234,Aditya Gupta,Pune,Maharashtra,Mouse,Accessories,5,34357,20,171785,49103.45,2025-04-23
ORD02004,CUST0757,Sai Patel,Delhi,Delhi,Printer,Office,5,42951,5,214755,57061.8,2025-10-02
ORD02005,CUST0824,Sneha Naidu,Delhi,Delhi,Mouse,Accessories,5,49733,15,248665,20102.15,2025-08-15
ORD02006,CUST0504,Priya Singh,Mumbai,Maharashtra,Laptop,Electronics,4,5315,15,21260,6326.44,2025-04-19
ORD02007,CUST0967,Aditya Gupta,Kolkata,West Bengal,Tablet,Electronics,3,34252,10,102756,20005.04,2025-07-26
ORD02008,CUST0542,Arjun Singh,Ahmedabad,Gujarat,Tablet,Electronics,5,9999,15,49995,4806.04,2025-01-01
ORD02009,CUST0108,Shivani Naidu,Kolkata,West Bengal,Webcam,Accessories,2,31224,20,62448,11510.4,2025-12-27
ORD02010,CUST0178,Meera Singh,Mumbai,Maharashtra,Keyboard,Accessories,3,25090,20,75270,13961.32,2025-05-17
ORD02011,CUST0443,Sai Gupta,Bangalore,Karnataka,Monitor,Electronics,5,23389,5,116945,30620.36,2025-06-16
ORD02012,CUST0095,Priya Kumar,Hyderabad,Telangana,Mouse,Accessories,2,45448,5,90896,8550.58,2025-12-17
ORD02013,CUST0911,Kiran Patel,Hyderabad,Telangana,Keyboard,Accessories,4,27006,5,108024,30713.95,2025-12-03
ORD02014,CUST0377,Aditya Kumar,Bangalore,Karnataka,Tablet,Electronics,2,48396,15,96792,18129.36,2025-10-15
ORD02015,CUST0217,Vihaan Kumar,Delhi,Delhi,Tablet,Electronics,4,25013,15,100052,27854.37,2025-05-02
ORD02016,CUST0389,Sai Jogi,Ahmedabad,Gujarat,Monitor,Electronics,4,10871,10,43484,6197.23,2025-08-12
ORD02017,CUST0334,Priya Yadav,Kolkata,West Bengal,USB Cable,Accessories,2,24879,15,49758,13320.18,2025-12-04
ORD02018,CUST0114,Priya Patel,Ahmedabad,Gujarat,USB Cable,Accessories,3,47637,15,142911,16774.21,2025-05-30
ORD02019,CUST0572,Priya Verma,Mumbai,Maharashtra,USB Cable,Accessories,5,5031,10,25155,3048.37,2025-05-05
ORD02020,CUST0878,Sai Yadav,Pune,Maharashtra,Headphones,Accessories,3,10268,0,30804,3273.35,2025-11-28
ORD02021,CUST0915,Meera Sharma,Mumbai,Maharashtra,Printer,Office,4,42302,5,169208,23754.9,2025-08-22
ORD02022,CUST0398,Arjun Sharma,Delhi,Delhi,Monitor,Electronics,5,7150,0,35750,8384.32,2025-11-03
ORD02023,CUST0890,Vivaan Gupta,Mumbai,Maharashtra,Monitor,Electronics,4,4755,10,19020,2584.07,2025-04-30
ORD02024,CUST0266,Kiran Patel,Pune,Maharashtra,Monitor,Electronics,1,1944,20,1944,259.75,2025-05-01
ORD02025,CUST0457,Sai Patel,Delhi,Delhi,Mouse,Accessories,5,22576,20,112880,24233.2,2025-02-07
ORD02026,CUST0104,Arjun Jogi,Pune,Maharashtra,Webcam,Accessories,3,13018,10,39054,10102.66,2025-12-11
ORD02027,CUST0807,Aditya Yadav,Bangalore,Karnataka,Printer,Office,1,40872,0,40872,9839.62,2025-03-09
ORD02028,CUST0948,Rahul Kumar,Hyderabad,Telangana,Keyboard,Accessories,2,6870,15,13740,2065.87,2025-11-09
ORD02029,CUST0270,Priya Gupta,Chennai,Tamil Nadu,Webcam,Accessories,4,10182,10,40728,9988.92,2025-03-11
ORD02030,CUST0140,Rahul Naidu,Delhi,Delhi,Keyboard,Accessories,2,14616,15,29232,5435.12,2025-04-03
ORD02031,CUST0309,Vivaan Patel,Kolkata,West Bengal,Speaker,Electronics,2,36407,5,72814,9400.8,2025-07-21
ORD02032,CUST0571,Meera Patel,Hyderabad,Telangana,Webcam,Accessories,1,10049,10,10049,1663.44,2025-03-11
ORD02033,CUST0826,Vivaan Singh,Ahmedabad,Gujarat,Tablet,Electronics,3,4741,15,14223,2054.9,2025-02-15
ORD02034,CUST0752,Sai Gupta,Pune,Maharashtra,Speaker,Electronics,3,6451,5,19353,4822.81,2025-10-19
ORD02035,CUST0318,Sai Naidu,Hyderabad,Telangana,USB Cable,Accessories,5,4522,5,22610,4454.57,2025-09-14
ORD02036,CUST0823,Meera Kumar,Chennai,Tamil Nadu,Tablet,Electronics,5,49921,10,249605,57748.73,2025-02-02
ORD02037,CUST0863,Sneha Patel,Ahmedabad,Gujarat,USB Cable,Accessories,3,46172,15,138516,24082.51,2025-07-20
ORD02038,CUST0575,Rahul Patel,Bangalore,Karnataka,Laptop,Electronics,4,41303,10,165212,17178.25,2025-12-12
ORD02039,CUST0902,Vivaan Sharma,Mumbai,Maharashtra,Tablet,Electronics,3,33421,15,100263,10810.13,2025-07-17
ORD02040,CUST0055,Meera Reddy,Hyderabad,Telangana,USB Cable,Accessories,1,42094,0,42094,6375.38,2025-05-06
ORD02041,CUST0717,Rahul Singh,Ahmedabad,Gujarat,Printer,Office,3,48763,20,146289,15317.81,2025-10-09
ORD02042,CUST0866,Sai Singh,Bangalore,Karnataka,Speaker,Electronics,1,19594,10,19594,3390.81,2025-04-03
ORD02043,CUST0478,Aarav Naidu,Ahmedabad,Gujarat,Webcam,Accessories,3,30573,20,91719,19317.44,2025-12-22
ORD02044,CUST0616,Ananya Reddy,Delhi,Delhi,Mouse,Accessories,1,12400,10,12400,1283.24,2025-02-18
ORD02045,CUST0768,Vivaan Gupta,Hyderabad,Telangana,Speaker,Electronics,4,20860,15,83440,8438.28,2025-03-16
ORD02046,CUST0682,Ananya Kumar,Mumbai,Maharashtra,Mouse,Accessories,2,35677,15,71354,17249.89,2025-02-25
ORD02047,CUST0702,Sneha Patel,Mumbai,Maharashtra,Tablet,Electronics,2,43204,5,86408,10338.56,2025-09-25
ORD02048,CUST0109,Meera Reddy,Hyderabad,Telangana,USB Cable,Accessories,2,46009,10,92018,24974.79,2025-12-17
ORD02049,CUST0297,Shivani Naidu,Pune,Maharashtra,Printer,Office,3,2927,10,8781,1951.47,2025-09-26
ORD02050,CUST0718,Vihaan Kumar,Kolkata,West Bengal,Keyboard,Accessories,2,6360,20,12720,1987.97,2025-10-11
ORD02051,CUST0146,Rahul Verma,Kolkata,West Bengal,Keyboard,Accessories,2,7334,5,14668,3515.24,2025-02-16
ORD02052,CUST0026,Arjun Naidu,Mumbai,Maharashtra,Mouse,Accessories,2,45295,0,90590,19899.22,2025-11-19
ORD02053,CUST0174,Ananya Singh,Bangalore,Karnataka,Laptop,Electronics,1,10964,15,10964,1611.02,2025-04-04
ORD02054,CUST0790,Sai Jogi,Chennai,Tamil Nadu,Mouse,Accessories,5,43189,15,215945,59016.3,2025-04-10
ORD02055,CUST0345,Priya Jogi,Pune,Maharashtra,Laptop,Electronics,2,6545,20,13090,2886.33,2025-09-04
ORD02056,CUST0544,Aditya Singh,Delhi,Delhi,USB Cable,Accessories,1,22134,20,22134,3606.38,2025-01-17
ORD02057,CUST0813,Arjun Verma,Kolkata,West Bengal,Speaker,Electronics,5,18592,5,92960,26769.42,2025-11-11
ORD02058,CUST0918,Rohan Kumar,Bangalore,Karnataka,Tablet,Electronics,2,9784,0,19568,3122.06,2025-05-02
ORD02059,CUST0481,Aarav Kumar,Bangalore,Karnataka,Monitor,Electronics,4,5835,0,23340,4291.49,2025-08-26
ORD02060,CUST0764,Meera Kumar,Bangalore,Karnataka,Speaker,Electronics,4,46543,0,186172,53059.85,2025-05-22
ORD02061,CUST0813,Arjun Verma,Kolkata,West Bengal,Monitor,Electronics,5,33368,20,166840,44217.95,2025-05-24
ORD02062,CUST0135,Aditya Gupta,Pune,Maharashtra,Mouse,Accessories,4,787,10,3148,474.58,2025-07-09
ORD02063,CUST0062,Sneha Sharma,Bangalore,Karnataka,Laptop,Electronics,5,37784,15,188920,21083.67,2025-11-21
ORD02064,CUST0602,Shivani Sharma,Kolkata,West Bengal,Laptop,Electronics,2,30499,15,60998,16480.02,2025-06-21
ORD02065,CUST0269,Priya Patel,Ahmedabad,Gujarat,USB Cable,Accessories,1,40133,5,40133,6999.9,2025-05-22
ORD02066,CUST0820,Rahul Sharma,Mumbai,Maharashtra,Printer,Office,1,45617,20,45617,11689.87,2025-07-20
ORD02067,CUST0485,Sneha Singh,Delhi,Delhi,USB Cable,Accessories,2,29510,15,59020,9333.08,2025-01-11
ORD02068,CUST0575,Rahul Patel,Bangalore,Karnataka,Laptop,Electronics,4,22279,0,89116,10130.77,2025-02-03
ORD02069,CUST0248,Arjun Jogi,Pune,Maharashtra,Monitor,Electronics,3,14676,15,44028,7297.15,2025-11-20
ORD02070,CUST0365,Sneha Reddy,Delhi,Delhi,Headphones,Accessories,1,7871,10,7871,925.55,2025-01-06
ORD02071,CUST0031,Shivani Reddy,Delhi,Delhi,Headphones,Accessories,2,39198,10,78396,13634.99,2025-08-06
ORD02072,CUST0029,Shivani Yadav,Chennai,Tamil Nadu,Monitor,Electronics,4,20443,10,81772,14382.58,2025-08-30
ORD02073,CUST0679,Sai Singh,Mumbai,Maharashtra,Mouse,Accessories,2,8074,0,16148,2893.63,2025-02-05
ORD02074,CUST0182,Aarav Kumar,Bangalore,Karnataka,Mouse,Accessories,3,20083,0,60249,13082.35,2025-09-16
ORD02075,CUST0287,Shivani Reddy,Bangalore,Karnataka,Headphones,Accessories,1,15406,0,15406,3733.64,2025-09-23
ORD02076,CUST0292,Sneha Gupta,Hyderabad,Telangana,Keyboard,Accessories,2,40835,0,81670,20281.03,2025-05-02
ORD02077,CUST0815,Priya Gupta,Hyderabad,Telangana,Webcam,Accessories,1,7142,10,7142,621.44,2025-03-23
ORD02078,CUST0979,Kiran Singh,Ahmedabad,Gujarat,Monitor,Electronics,5,44191,20,220955,57700.67,2025-03-08
ORD02079,CUST0020,Sneha Sharma,Hyderabad,Telangana,Mouse,Accessories,2,44417,20,88834,11672.09,2025-05-21
ORD02080,CUST0467,Rohan Patel,Chennai,Tamil Nadu,Keyboard,Accessories,2,3423,10,6846,693.99,2025-08-27
ORD02081,CUST0771,Sai Kumar,Chennai,Tamil Nadu,Mouse,Accessories,4,9904,15,39616,3312.1,2025-10-14
ORD02082,CUST0934,Rahul Kumar,Hyderabad,Telangana,Keyboard,Accessories,5,10997,20,54985,7404.78,2025-11-09
ORD02083,CUST0800,Aarav Reddy,Bangalore,Karnataka,Monitor,Electronics,5,24917,0,124585,32208.98,2025-05-24
ORD02084,CUST0609,Vihaan Patel,Hyderabad,Telangana,Webcam,Accessories,3,10258,0,30774,7984.59,2025-01-13
ORD02085,CUST0943,Ananya Gupta,Kolkata,West Bengal,Laptop,Electronics,2,29137,5,58274,16939.4,2025-07-08
ORD02086,CUST0093,Rohan Verma,Mumbai,Maharashtra,Webcam,Accessories,5,38664,5,193320,24676.97,2025-10-03
ORD02087,CUST0742,Sneha Reddy,Mumbai,Maharashtra,Mouse,Accessories,4,43775,20,175100,43590.21,2025-09-02
ORD02088,CUST0003,Kiran Verma,Ahmedabad,Gujarat,Printer,Office,3,30112,0,90336,21467.54,2025-12-29
ORD02089,CUST0536,Shivani Sharma,Delhi,Delhi,Speaker,Electronics,4,25855,5,103420,12689.95,2025-10-14
ORD02090,CUST0788,Sai Yadav,Kolkata,West Bengal,Mouse,Accessories,2,14298,5,28596,5899.18,2025-03-29
ORD02091,CUST0653,Vivaan Verma,Hyderabad,Telangana,Monitor,Electronics,2,21660,5,43320,7554.91,2025-11-05
ORD02092,CUST0047,Rahul Verma,Chennai,Tamil Nadu,Printer,Office,5,32942,5,164710,30154.45,2025-11-19
ORD02093,CUST0198,Aditya Reddy,Delhi,Delhi,Laptop,Electronics,1,23457,0,23457,6706.48,2025-12-30
ORD02094,CUST1000,Kiran Kumar,Hyderabad,Telangana,Webcam,Accessories,5,1245,20,6225,1349.59,2025-01-06
ORD02095,CUST0945,Kiran Yadav,Delhi,Delhi,Keyboard,Accessories,2,39016,20,78032,8121.69,2025-04-28
ORD02096,CUST0745,Aarav Jogi,Hyderabad,Telangana,Keyboard,Accessories,3,27502,15,82506,19728.4,2025-12-31
ORD02097,CUST0493,Diya Jogi,Chennai,Tamil Nadu,Printer,Office,1,5559,15,5559,612.11,2025-06-30
ORD02098,CUST0307,Rohan Jogi,Mumbai,Maharashtra,Printer,Office,3,47795,15,143385,36376.25,2025-06-23
ORD02099,CUST0132,Arjun Kumar,Delhi,Delhi,Keyboard,Accessories,2,25956,0,51912,6325.85,2025-07-08
ORD02100,CUST0646,Shivani Reddy,Pune,Maharashtra,Webcam,Accessories,1,858,5,858,201.36,2025-09-30
ORD02101,CUST0341,Ananya Naidu,Kolkata,West Bengal,Speaker,Electronics,1,9525,10,9525,1226.05,2025-07-07
ORD02102,CUST0465,Arjun Naidu,Delhi,Delhi,Tablet,Electronics,3,8181,15,24543,3322.47,2025-04-28
ORD02103,CUST0573,Ananya Singh,Kolkata,West Bengal,USB Cable,Accessories,1,5882,10,5882,857.17,2025-02-22
ORD02104,CUST0945,Kiran Yadav,Delhi,Delhi,Laptop,Electronics,2,28948,0,57896,14889.59,2025-04-11
ORD02105,CUST0291,Aditya Jogi,Chennai,Tamil Nadu,Speaker,Electronics,4,32068,15,128272,29912.36,2025-08-07
ORD02106,CUST0446,Rohan Gupta,Chennai,Tamil Nadu,Mouse,Accessories,2,35285,0,70570,14050.06,2025-09-10
ORD02107,CUST0466,Meera Sharma,Delhi,Delhi,Mouse,Accessories,2,38055,10,76110,21883.47,2025-03-08
ORD02108,CUST0271,Aditya Singh,Kolkata,West Bengal,Mouse,Accessories,5,39804,10,199020,44585.91,2025-10-13
ORD02109,CUST0655,Shivani Singh,Pune,Maharashtra,USB Cable,Accessories,3,36854,15,110562,28232.39,2025-11-17
ORD02110,CUST0657,Vivaan Patel,Mumbai,Maharashtra,Mouse,Accessories,4,25293,20,101172,16824.19,2025-06-07
ORD02111,CUST0133,Vivaan Gupta,Chennai,Tamil Nadu,Webcam,Accessories,2,49560,0,99120,19635.16,2025-09-18
ORD02112,CUST0017,Priya Naidu,Delhi,Delhi,Laptop,Electronics,3,6964,0,20892,4174.85,2025-02-24
ORD02113,CUST0162,Ananya Reddy,Hyderabad,Telangana,Monitor,Electronics,1,40287,10,40287,9142.12,2025-06-06
ORD02114,CUST0761,Ananya Patel,Chennai,Tamil Nadu,Speaker,Electronics,1,31016,5,31016,3756.9,2025-10-16
ORD02115,CUST0397,Aditya Verma,Kolkata,West Bengal,Keyboard,Accessories,2,32082,10,64164,7693.13,2025-05-26
ORD02116,CUST0569,Ananya Sharma,Hyderabad,Telangana,Tablet,Electronics,3,42103,0,126309,10304.86,2025-05-18
ORD02117,CUST0939,Rohan Verma,Hyderabad,Telangana,Webcam,Accessories,4,39159,10,156636,39621.96,2025-03-02
ORD02118,CUST0252,Vihaan Singh,Chennai,Tamil Nadu,Laptop,Electronics,2,26798,5,53596,7890.08,2025-11-10
ORD02119,CUST0811,Aarav Singh,Delhi,Delhi,USB Cable,Accessories,4,36494,5,145976,17175.38,2025-03-10
ORD02120,CUST0837,Rahul Verma,Bangalore,Karnataka,Webcam,Accessories,5,21587,15,107935,21398.46,2025-10-12
ORD02121,CUST0197,Shivani Singh,Pune,Maharashtra,USB Cable,Accessories,3,20051,5,60153,11557.02,2025-10-17
ORD02122,CUST0907,Priya Reddy,Kolkata,West Bengal,Printer,Office,5,21498,5,107490,21155.72,2025-01-27
ORD02123,CUST0419,Sneha Kumar,Delhi,Delhi,Monitor,Electronics,2,41361,10,82722,20319.36,2025-07-23
ORD02124,CUST0499,Sai Reddy,Chennai,Tamil Nadu,Tablet,Electronics,4,48169,5,192676,39281.73,2025-08-29
ORD02125,CUST0452,Rahul Reddy,Delhi,Delhi,Mouse,Accessories,4,34947,10,139788,23013.87,2025-06-01
ORD02126,CUST0769,Priya Reddy,Kolkata,West Bengal,Mouse,Accessories,3,44957,0,134871,33159.69,2025-11-30
ORD02127,CUST0255,Aditya Reddy,Pune,Maharashtra,Mouse,Accessories,1,42664,0,42664,3496.58,2025-05-11
ORD02128,CUST0408,Arjun Singh,Chennai,Tamil Nadu,Speaker,Electronics,1,31858,10,31858,8735.16,2025-04-12
ORD02129,CUST0717,Rahul Singh,Ahmedabad,Gujarat,Webcam,Accessories,2,42096,15,84192,19744.09,2025-04-24
ORD02130,CUST0784,Aditya Gupta,Pune,Maharashtra,Keyboard,Accessories,3,29258,20,87774,21823.71,2025-01-30
ORD02131,CUST0832,Vivaan Jogi,Bangalore,Karnataka,Laptop,Electronics,5,35157,10,175785,42154.04,2025-05-15
ORD02132,CUST0821,Ananya Verma,Kolkata,West Bengal,Mouse,Accessories,4,12006,15,48024,10079.57,2025-07-06
ORD02133,CUST0768,Vivaan Gupta,Hyderabad,Telangana,USB Cable,Accessories,3,19446,20,58338,11792.1,2025-05-31
ORD02134,CUST0557,Aditya Jogi,Mumbai,Maharashtra,Keyboard,Accessories,1,45064,15,45064,3842.34,2025-08-31
ORD02135,CUST0025,Shivani Verma,Chennai,Tamil Nadu,Speaker,Electronics,2,32919,15,65838,14257.59,2025-09-30
ORD02136,CUST0292,Sneha Gupta,Hyderabad,Telangana,USB Cable,Accessories,5,13394,15,66970,7897.96,2025-05-12
ORD02137,CUST0922,Aarav Sharma,Ahmedabad,Gujarat,Webcam,Accessories,1,46734,0,46734,8813.73,2025-05-09
ORD02138,CUST0089,Sai Verma,Hyderabad,Telangana,Keyboard,Accessories,4,24237,10,96948,28226.2,2025-08-03
ORD02139,CUST0441,Aarav Naidu,Mumbai,Maharashtra,Webcam,Accessories,4,41941,10,167764,45412.86,2025-10-16
ORD02140,CUST0390,Arjun Kumar,Pune,Maharashtra,Tablet,Electronics,2,24457,0,48914,7098.93,2025-03-13
ORD02141,CUST0343,Diya Singh,Hyderabad,Telangana,Printer,Office,1,28795,0,28795,2659.74,2025-07-14
ORD02142,CUST0252,Vihaan Singh,Chennai,Tamil Nadu,Printer,Office,4,21286,0,85144,14868.93,2025-10-23
ORD02143,CUST0772,Arjun Patel,Bangalore,Karnataka,Speaker,Electronics,2,38064,20,76128,17835.35,2025-11-03
ORD02144,CUST0308,Rohan Sharma,Pune,Maharashtra,Monitor,Electronics,4,5672,20,22688,5902.88,2025-07-27
ORD02145,CUST0588,Sneha Verma,Chennai,Tamil Nadu,Mouse,Accessories,4,12404,15,49616,13307.03,2025-12-04
ORD02146,CUST0682,Ananya Kumar,Mumbai,Maharashtra,Mouse,Accessories,2,29750,10,59500,15215.54,2025-11-04
ORD02147,CUST0827,Meera Kumar,Pune,Maharashtra,Printer,Office,1,12974,15,12974,3083.26,2025-10-27
ORD02148,CUST0877,Arjun Kumar,Chennai,Tamil Nadu,Webcam,Accessories,5,17516,0,87580,18898.59,2025-09-10
ORD02149,CUST0051,Aditya Gupta,Kolkata,West Bengal,Printer,Office,2,41268,10,82536,14389.65,2025-11-23
ORD02150,CUST0152,Sneha Verma,Kolkata,West Bengal,USB Cable,Accessories,5,45157,5,225785,39848.49,2025-04-26
ORD02151,CUST0257,Arjun Sharma,Mumbai,Maharashtra,Keyboard,Accessories,5,47581,15,237905,21326.62,2025-01-16
ORD02152,CUST0208,Diya Yadav,Bangalore,Karnataka,Laptop,Electronics,2,36637,20,73274,12399.6,2025-12-27
ORD02153,CUST0337,Diya Patel,Ahmedabad,Gujarat,Tablet,Electronics,2,8320,0,16640,4229.01,2025-01-11
ORD02154,CUST0664,Arjun Naidu,Pune,Maharashtra,Monitor,Electronics,3,43698,15,131094,13610.14,2025-05-05
ORD02155,CUST0897,Aditya Sharma,Bangalore,Karnataka,USB Cable,Accessories,3,18911,5,56733,6594.09,2025-07-31
ORD02156,CUST0413,Shivani Kumar,Ahmedabad,Gujarat,Headphones,Accessories,4,23110,15,92440,27134.35,2025-07-18
ORD02157,CUST0729,Ananya Jogi,Hyderabad,Telangana,Monitor,Electronics,2,46160,20,92320,20361.58,2025-12-27
ORD02158,CUST0971,Shivani Reddy,Ahmedabad,Gujarat,Printer,Office,3,11340,15,34020,8943.53,2025-10-19
ORD02159,CUST0063,Vivaan Gupta,Delhi,Delhi,Speaker,Electronics,1,38909,20,38909,4857.11,2025-04-22
ORD02160,CUST0758,Sneha Kumar,Delhi,Delhi,USB Cable,Accessories,1,31819,20,31819,4204.13,2025-11-21
ORD02161,CUST0855,Rahul Reddy,Ahmedabad,Gujarat,Mouse,Accessories,2,19126,10,38252,4752.26,2025-10-09
ORD02162,CUST0920,Rohan Kumar,Hyderabad,Telangana,Tablet,Electronics,1,6840,0,6840,1898.89,2025-02-09
ORD02163,CUST0491,Vivaan Jogi,Kolkata,West Bengal,Keyboard,Accessories,5,8369,5,41845,4604.62,2025-05-26
ORD02164,CUST0270,Priya Gupta,Chennai,Tamil Nadu,Printer,Office,2,28296,15,56592,11974.13,2025-04-03
ORD02165,CUST0135,Aditya Gupta,Pune,Maharashtra,Tablet,Electronics,2,40308,15,80616,10132.68,2025-08-16
ORD02166,CUST0122,Arjun Naidu,Mumbai,Maharashtra,Keyboard,Accessories,2,29401,5,58802,8813.43,2025-12-05
ORD02167,CUST0454,Ananya Kumar,Bangalore,Karnataka,Mouse,Accessories,5,15158,10,75790,12668.6,2025-04-29
ORD02168,CUST0663,Ananya Verma,Kolkata,West Bengal,Webcam,Accessories,1,5277,5,5277,820.46,2025-05-21
ORD02169,CUST0515,Vihaan Gupta,Ahmedabad,Gujarat,USB Cable,Accessories,1,22964,20,22964,6494.58,2025-09-27
ORD02170,CUST0756,Kiran Patel,Pune,Maharashtra,Mouse,Accessories,5,7101,15,35505,9003.25,2025-02-27
ORD02171,CUST0195,Priya Jogi,Bangalore,Karnataka,Tablet,Electronics,1,13947,15,13947,4052.58,2025-04-02
ORD02172,CUST0534,Sai Reddy,Pune,Maharashtra,Monitor,Electronics,4,2423,5,9692,2771.2,2025-02-12
ORD02173,CUST0117,Sai Naidu,Hyderabad,Telangana,Monitor,Electronics,2,40477,10,80954,7437.75,2025-10-13
ORD02174,CUST0759,Aditya Naidu,Bangalore,Karnataka,Monitor,Electronics,1,16292,5,16292,1694.48,2025-08-24
ORD02175,CUST0570,Shivani Verma,Chennai,Tamil Nadu,Printer,Office,3,13556,10,40668,7287.27,2025-12-04
ORD02176,CUST0691,Vihaan Yadav,Chennai,Tamil Nadu,Laptop,Electronics,2,37752,20,75504,13004.78,2025-02-14
ORD02177,CUST0783,Aditya Yadav,Ahmedabad,Gujarat,Printer,Office,1,26931,15,26931,2641.24,2025-02-03
ORD02178,CUST0043,Shivani Naidu,Ahmedabad,Gujarat,Laptop,Electronics,4,21660,10,86640,24340.36,2025-05-07
ORD02179,CUST0410,Aditya Sharma,Hyderabad,Telangana,Tablet,Electronics,4,33080,15,132320,37835.49,2025-03-10
ORD02180,CUST0783,Aditya Yadav,Ahmedabad,Gujarat,Laptop,Electronics,4,38538,20,154152,28419.59,2025-04-13
ORD02181,CUST0962,Kiran Gupta,Delhi,Delhi,Monitor,Electronics,3,31599,0,94797,24244.26,2025-12-15
ORD02182,CUST0806,Rohan Reddy,Delhi,Delhi,Keyboard,Accessories,5,961,5,4805,1031.33,2025-06-28
ORD02183,CUST0208,Diya Yadav,Bangalore,Karnataka,Tablet,Electronics,3,13285,20,39855,3218.63,2025-09-18
ORD02184,CUST0743,Sai Jogi,Chennai,Tamil Nadu,USB Cable,Accessories,3,26043,10,78129,15015.99,2025-05-21
ORD02185,CUST0579,Sai Reddy,Bangalore,Karnataka,USB Cable,Accessories,4,40644,15,162576,38917.81,2025-06-08
ORD02186,CUST0796,Priya Reddy,Bangalore,Karnataka,Printer,Office,3,27797,10,83391,7602.46,2025-01-12
ORD02187,CUST0739,Sneha Singh,Chennai,Tamil Nadu,Webcam,Accessories,5,34593,10,172965,26284.1,2025-05-23
ORD02188,CUST0095,Priya Kumar,Hyderabad,Telangana,Headphones,Accessories,1,10091,15,10091,2770.1,2025-02-10
ORD02189,CUST0521,Shivani Sharma,Bangalore,Karnataka,Printer,Office,3,18633,5,55899,14049.21,2025-10-06
ORD02190,CUST0921,Rahul Kumar,Chennai,Tamil Nadu,USB Cable,Accessories,1,4928,0,4928,1146.68,2025-04-07
ORD02191,CUST0561,Aditya Naidu,Bangalore,Karnataka,Monitor,Electronics,1,28601,5,28601,4156.23,2025-04-29
ORD02192,CUST0438,Meera Jogi,Chennai,Tamil Nadu,Speaker,Electronics,5,10392,20,51960,9295.97,2025-02-11
ORD02193,CUST0720,Sneha Gupta,Bangalore,Karnataka,Tablet,Electronics,3,4316,10,12948,2221.92,2025-07-10
ORD02194,CUST0113,Meera Kumar,Chennai,Tamil Nadu,Keyboard,Accessories,2,17403,0,34806,4940.18,2025-02-15
ORD02195,CUST0820,Rahul Sharma,Mumbai,Maharashtra,Speaker,Electronics,5,31784,20,158920,18585.42,2025-01-19
ORD02196,CUST0428,Kiran Reddy,Chennai,Tamil Nadu,Printer,Office,3,16836,10,50508,9958.42,2025-11-17
ORD02197,CUST0363,Priya Reddy,Ahmedabad,Gujarat,Printer,Office,4,21963,10,87852,22143.33,2025-05-27
ORD02198,CUST0126,Vivaan Jogi,Delhi,Delhi,Mouse,Accessories,4,40241,20,160964,25720.62,2025-03-13
ORD02199,CUST0811,Aarav Singh,Delhi,Delhi,Monitor,Electronics,4,43458,15,173832,41737.48,2025-01-25
ORD02200,CUST0768,Vivaan Gupta,Hyderabad,Telangana,Keyboard,Accessories,1,1674,0,1674,381.11,2025-05-25
ORD02201,CUST0035,Rohan Kumar,Pune,Maharashtra,Mouse,Accessories,3,22875,15,68625,8601.6,2025-08-19
ORD02202,CUST0121,Rahul Kumar,Delhi,Delhi,USB Cable,Accessories,2,41586,15,83172,10071.12,2025-05-02
ORD02203,CUST0691,Vihaan Yadav,Chennai,Tamil Nadu,Printer,Office,1,25428,0,25428,6640.06,2025-08-17
ORD02204,CUST0165,Priya Verma,Delhi,Delhi,Keyboard,Accessories,2,16461,20,32922,6951.64,2025-02-15
ORD02205,CUST0068,Diya Gupta,Mumbai,Maharashtra,Mouse,Accessories,3,9255,5,27765,5668.39,2025-06-09
ORD02206,CUST0956,Priya Singh,Delhi,Delhi,USB Cable,Accessories,1,34413,20,34413,5323.79,2025-08-05
ORD02207,CUST0865,Meera Singh,Pune,Maharashtra,Headphones,Accessories,1,28019,5,28019,3090.24,2025-04-27
ORD02208,CUST0214,Vivaan Singh,Bangalore,Karnataka,Laptop,Electronics,1,17890,0,17890,3471.91,2025-01-06
ORD02209,CUST0485,Sneha Singh,Delhi,Delhi,Keyboard,Accessories,3,37784,0,113352,14342.62,2025-02-17
ORD02210,CUST0673,Rahul Patel,Kolkata,West Bengal,USB Cable,Accessories,5,37800,0,189000,42165.43,2025-03-17
ORD02211,CUST0564,Sneha Gupta,Delhi,Delhi,Webcam,Accessories,4,25257,20,101028,22499.93,2025-05-08
ORD02212,CUST0009,Ananya Gupta,Mumbai,Maharashtra,Headphones,Accessories,3,21187,15,63561,17861.25,2025-10-23
ORD02213,CUST0588,Sneha Verma,Chennai,Tamil Nadu,Laptop,Electronics,4,30825,15,123300,11546.72,2025-08-23
ORD02214,CUST0225,Vihaan Gupta,Mumbai,Maharashtra,Tablet,Electronics,4,13138,10,52552,10144.84,2025-09-08
ORD02215,CUST0410,Aditya Sharma,Hyderabad,Telangana,Keyboard,Accessories,5,6101,0,30505,3850.23,2025-03-07
ORD02216,CUST0943,Ananya Gupta,Kolkata,West Bengal,Webcam,Accessories,2,20897,10,41794,4948.77,2025-07-01
ORD02217,CUST0748,Kiran Yadav,Kolkata,West Bengal,Keyboard,Accessories,2,45761,20,91522,14329.98,2025-02-27
ORD02218,CUST0834,Vivaan Singh,Hyderabad,Telangana,USB Cable,Accessories,3,4392,20,13176,1521.93,2025-02-28
ORD02219,CUST0711,Sai Singh,Delhi,Delhi,Monitor,Electronics,3,11040,20,33120,8933.98,2025-05-10
ORD02220,CUST0334,Priya Yadav,Kolkata,West Bengal,Webcam,Accessories,1,27445,10,27445,2410.03,2025-05-28
ORD02221,CUST0192,Shivani Yadav,Chennai,Tamil Nadu,Printer,Office,3,4117,5,12351,2219.91,2025-05-28
ORD02222,CUST0181,Sai Jogi,Chennai,Tamil Nadu,Headphones,Accessories,2,32785,15,65570,9991.33,2025-08-12
ORD02223,CUST0900,Vivaan Jogi,Delhi,Delhi,Keyboard,Accessories,1,19581,15,19581,3864.12,2025-08-11
ORD02224,CUST0881,Sneha Naidu,Hyderabad,Telangana,USB Cable,Accessories,3,19587,5,58761,8003.34,2025-03-08
ORD02225,CUST0547,Aarav Singh,Hyderabad,Telangana,Tablet,Electronics,2,28964,15,57928,7975.87,2025-02-11
ORD02226,CUST0588,Sneha Verma,Chennai,Tamil Nadu,Keyboard,Accessories,1,14302,20,14302,1546.97,2025-01-25
ORD02227,CUST0324,Shivani Jogi,Hyderabad,Telangana,USB Cable,Accessories,5,45138,20,225690,59623.18,2025-02-01
ORD02228,CUST0088,Arjun Jogi,Kolkata,West Bengal,Printer,Office,3,40992,0,122976,14824.46,2025-12-26
ORD02229,CUST0843,Rahul Verma,Bangalore,Karnataka,Monitor,Electronics,5,9471,15,47355,6369.71,2025-01-04
ORD02230,CUST0869,Arjun Verma,Kolkata,West Bengal,Mouse,Accessories,1,40246,10,40246,10188.41,2025-04-23
ORD02231,CUST0275,Kiran Sharma,Kolkata,West Bengal,Keyboard,Accessories,1,14176,5,14176,1469.62,2025-08-22
ORD02232,CUST0907,Priya Reddy,Kolkata,West Bengal,Keyboard,Accessories,4,31551,15,126204,21824.16,2025-11-11
ORD02233,CUST0136,Vivaan Verma,Chennai,Tamil Nadu,Headphones,Accessories,2,47734,10,95468,24088.12,2025-03-29
ORD02234,CUST0220,Aarav Jogi,Ahmedabad,Gujarat,Mouse,Accessories,4,36166,0,144664,29895.38,2025-12-01
ORD02235,CUST0650,Aarav Yadav,Kolkata,West Bengal,Webcam,Accessories,2,15902,15,31804,4214.84,2025-01-15
ORD02236,CUST0417,Rohan Reddy,Bangalore,Karnataka,Webcam,Accessories,4,20790,10,83160,13851.47,2025-06-03
ORD02237,CUST0806,Rohan Reddy,Delhi,Delhi,Speaker,Electronics,2,21473,15,42946,7483.46,2025-07-05
ORD02238,CUST0929,Sai Patel,Pune,Maharashtra,Monitor,Electronics,2,24574,20,49148,14354.03,2025-11-29
ORD02239,CUST0554,Diya Naidu,Mumbai,Maharashtra,Keyboard,Accessories,1,48391,5,48391,8523.68,2025-10-10
ORD02240,CUST0365,Sneha Reddy,Delhi,Delhi,USB Cable,Accessories,3,24720,20,74160,6378.06,2025-11-04
ORD02241,CUST0003,Kiran Verma,Ahmedabad,Gujarat,Speaker,Electronics,4,42178,20,168712,29941.38,2025-12-25
ORD02242,CUST0664,Arjun Naidu,Pune,Maharashtra,Headphones,Accessories,1,20175,10,20175,4926.73,2025-02-10
ORD02243,CUST0211,Ananya Verma,Delhi,Delhi,Tablet,Electronics,4,12522,20,50088,5593.04,2025-08-30
ORD02244,CUST0611,Vihaan Reddy,Hyderabad,Telangana,Printer,Office,3,45522,15,136566,35942.99,2025-11-24
ORD02245,CUST0150,Vivaan Verma,Hyderabad,Telangana,Laptop,Electronics,4,45632,10,182528,51248.44,2025-07-12
ORD02246,CUST0545,Rahul Reddy,Chennai,Tamil Nadu,USB Cable,Accessories,1,38027,15,38027,4858.71,2025-05-09
ORD02247,CUST0388,Rohan Naidu,Mumbai,Maharashtra,USB Cable,Accessories,3,19605,5,58815,17277.22,2025-07-27
ORD02248,CUST0033,Priya Naidu,Kolkata,West Bengal,Speaker,Electronics,3,45241,10,135723,36455.61,2025-10-29
ORD02249,CUST0656,Vivaan Patel,Bangalore,Karnataka,Speaker,Electronics,5,48198,5,240990,31443.43,2025-10-17
ORD02250,CUST0828,Arjun Naidu,Ahmedabad,Gujarat,Printer,Office,1,11606,0,11606,2539.06,2025-05-20
ORD02251,CUST0159,Shivani Yadav,Mumbai,Maharashtra,Headphones,Accessories,3,49818,5,149454,42425.58,2025-12-12
ORD02252,CUST0571,Meera Patel,Hyderabad,Telangana,Keyboard,Accessories,2,12090,10,24180,4347.27,2025-08-17
ORD02253,CUST0326,Priya Verma,Kolkata,West Bengal,USB Cable,Accessories,4,16131,5,64524,16266.86,2025-11-17
ORD02254,CUST0036,Arjun Gupta,Mumbai,Maharashtra,Keyboard,Accessories,4,47415,5,189660,40926.49,2025-05-28
ORD02255,CUST0639,Arjun Kumar,Chennai,Tamil Nadu,Keyboard,Accessories,4,35764,5,143056,20038.3,2025-02-24
ORD02256,CUST0722,Kiran Gupta,Ahmedabad,Gujarat,Speaker,Electronics,5,1756,10,8780,2618.67,2025-05-10
ORD02257,CUST0766,Vivaan Sharma,Ahmedabad,Gujarat,Tablet,Electronics,1,13547,5,13547,1368.78,2025-08-31
ORD02258,CUST0030,Rohan Patel,Delhi,Delhi,Headphones,Accessories,2,25069,20,50138,14474.71,2025-12-02
ORD02259,CUST0774,Rohan Patel,Kolkata,West Bengal,Printer,Office,4,25615,20,102460,29887.45,2025-05-13
ORD02260,CUST0372,Sneha Reddy,Bangalore,Karnataka,Webcam,Accessories,5,43850,20,219250,40624.4,2025-04-25
ORD02261,CUST0596,Diya Jogi,Pune,Maharashtra,Speaker,Electronics,1,48513,15,48513,8981.77,2025-08-04
ORD02262,CUST0710,Meera Yadav,Hyderabad,Telangana,Printer,Office,4,19032,20,76128,8936.19,2025-10-07
ORD02263,CUST0166,Diya Gupta,Bangalore,Karnataka,Speaker,Electronics,2,23731,0,47462,6279.01,2025-05-29
ORD02264,CUST0632,Sai Naidu,Ahmedabad,Gujarat,Speaker,Electronics,5,36174,20,180870,40484.9,2025-07-22
ORD02265,CUST0783,Aditya Yadav,Ahmedabad,Gujarat,USB Cable,Accessories,1,30693,20,30693,3393.0,2025-12-13
ORD02266,CUST0185,Sai Reddy,Delhi,Delhi,Laptop,Electronics,5,22182,10,110910,20273.43,2025-01-23
ORD02267,CUST0121,Rahul Kumar,Delhi,Delhi,Laptop,Electronics,2,10538,10,21076,2050.9,2025-06-02
ORD02268,CUST0868,Rohan Singh,Hyderabad,Telangana,Headphones,Accessories,1,40884,15,40884,10744.63,2025-06-13
ORD02269,CUST0156,Kiran Reddy,Bangalore,Karnataka,USB Cable,Accessories,1,5589,20,5589,547.18,2025-01-08
ORD02270,CUST0616,Ananya Reddy,Delhi,Delhi,USB Cable,Accessories,3,22983,15,68949,9233.34,2025-07-30
ORD02271,CUST0633,Aarav Sharma,Delhi,Delhi,Webcam,Accessories,2,16294,5,32588,5264.25,2025-05-25
ORD02272,CUST0228,Vivaan Kumar,Kolkata,West Bengal,Mouse,Accessories,5,26195,5,130975,22906.03,2025-03-19
ORD02273,CUST0191,Rohan Verma,Ahmedabad,Gujarat,Tablet,Electronics,1,906,10,906,266.21,2025-12-19
ORD02274,CUST0265,Priya Naidu,Chennai,Tamil Nadu,Mouse,Accessories,4,10865,15,43460,12438.13,2025-09-06
ORD02275,CUST0256,Ananya Verma,Pune,Maharashtra,Speaker,Electronics,5,44896,5,224480,46204.36,2025-04-25
ORD02276,CUST0612,Diya Patel,Chennai,Tamil Nadu,Tablet,Electronics,2,5872,15,11744,1549.51,2025-09-29
ORD02277,CUST0608,Vivaan Singh,Kolkata,West Bengal,Printer,Office,4,28628,10,114512,20715.93,2025-11-04
ORD02278,CUST0100,Sneha Kumar,Ahmedabad,Gujarat,Mouse,Accessories,3,27237,0,81711,13153.17,2025-02-27
ORD02279,CUST0310,Sneha Naidu,Mumbai,Maharashtra,USB Cable,Accessories,4,6758,0,27032,5953.86,2025-09-12
ORD02280,CUST0207,Priya Sharma,Mumbai,Maharashtra,Tablet,Electronics,5,22213,20,111065,20572.02,2025-05-23
ORD02281,CUST0741,Vihaan Sharma,Kolkata,West Bengal,Laptop,Electronics,3,36214,20,108642,9712.16,2025-05-27
ORD02282,CUST0381,Sai Singh,Hyderabad,Telangana,Speaker,Electronics,4,22691,0,90764,19245.22,2025-03-31
ORD02283,CUST0117,Sai Naidu,Hyderabad,Telangana,Mouse,Accessories,1,979,20,979,175.37,2025-05-14
ORD02284,CUST0273,Meera Reddy,Delhi,Delhi,Tablet,Electronics,5,36467,5,182335,31153.67,2025-05-19
ORD02285,CUST0966,Meera Reddy,Ahmedabad,Gujarat,Speaker,Electronics,4,36087,20,144348,35122.41,2025-01-06
ORD02286,CUST0199,Sai Yadav,Kolkata,West Bengal,Printer,Office,4,33156,15,132624,30394.47,2025-09-25
ORD02287,CUST0632,Sai Naidu,Ahmedabad,Gujarat,Mouse,Accessories,4,27046,20,108184,15999.41,2025-12-13
ORD02288,CUST0162,Ananya Reddy,Hyderabad,Telangana,USB Cable,Accessories,5,34260,20,171300,23266.17,2025-12-29
ORD02289,CUST0326,Priya Verma,Kolkata,West Bengal,Speaker,Electronics,1,20584,5,20584,1664.26,2025-06-15
ORD02290,CUST0493,Diya Jogi,Chennai,Tamil Nadu,Tablet,Electronics,2,11925,10,23850,4477.27,2025-10-21
ORD02291,CUST0531,Arjun Yadav,Mumbai,Maharashtra,Webcam,Accessories,3,18593,20,55779,12710.33,2025-09-11
ORD02292,CUST0453,Ananya Gupta,Kolkata,West Bengal,Headphones,Accessories,4,29482,20,117928,31578.84,2025-02-05
ORD02293,CUST0405,Meera Verma,Delhi,Delhi,Laptop,Electronics,1,26603,15,26603,4293.1,2025-05-02
ORD02294,CUST0429,Aditya Naidu,Chennai,Tamil Nadu,Mouse,Accessories,3,11091,15,33273,3591.49,2025-06-07
ORD02295,CUST0399,Rahul Singh,Chennai,Tamil Nadu,Speaker,Electronics,5,42369,0,211845,46548.12,2025-11-23
ORD02296,CUST0652,Aditya Yadav,Pune,Maharashtra,USB Cable,Accessories,5,6078,5,30390,3869.78,2025-07-07
ORD02297,CUST0491,Vivaan Jogi,Kolkata,West Bengal,Mouse,Accessories,2,23877,15,47754,7886.39,2025-02-16
ORD02298,CUST0758,Sneha Kumar,Delhi,Delhi,Webcam,Accessories,5,43070,20,215350,53869.79,2025-08-22
ORD02299,CUST0729,Ananya Jogi,Hyderabad,Telangana,Mouse,Accessories,4,30747,0,122988,15448.33,2025-03-31
ORD02300,CUST0336,Aditya Naidu,Chennai,Tamil Nadu,Headphones,Accessories,1,44510,5,44510,6873.5,2025-03-13
ORD02301,CUST0873,Arjun Sharma,Delhi,Delhi,Mouse,Accessories,5,8060,5,40300,8087.33,2025-02-24
ORD02302,CUST0321,Rahul Jogi,Pune,Maharashtra,Tablet,Electronics,4,23301,15,93204,19293.72,2025-06-03
ORD02303,CUST0442,Ananya Verma,Bangalore,Karnataka,Printer,Office,4,31453,0,125812,26242.31,2025-06-13
ORD02304,CUST0728,Aditya Yadav,Chennai,Tamil Nadu,Mouse,Accessories,5,43698,5,218490,56266.45,2025-02-20
ORD02305,CUST0350,Rahul Reddy,Hyderabad,Telangana,Mouse,Accessories,5,10747,20,53735,12647.23,2025-09-17
ORD02306,CUST0502,Arjun Singh,Mumbai,Maharashtra,USB Cable,Accessories,1,38757,5,38757,5878.54,2025-07-27
ORD02307,CUST0573,Ananya Singh,Kolkata,West Bengal,Webcam,Accessories,5,1066,0,5330,509.74,2025-01-02
ORD02308,CUST0595,Sai Naidu,Chennai,Tamil Nadu,Monitor,Electronics,1,38353,0,38353,7648.43,2025-11-07
ORD02309,CUST0150,Vivaan Verma,Hyderabad,Telangana,Monitor,Electronics,1,22851,10,22851,3649.3,2025-05-16
ORD02310,CUST0337,Diya Patel,Ahmedabad,Gujarat,Webcam,Accessories,3,46637,20,139911,27198.02,2025-01-30
ORD02311,CUST0256,Ananya Verma,Pune,Maharashtra,Speaker,Electronics,4,15352,15,61408,7654.32,2025-11-03
ORD02312,CUST0641,Ananya Yadav,Hyderabad,Telangana,Printer,Office,4,34411,15,137644,33677.41,2025-07-01
ORD02313,CUST0464,Rohan Sharma,Ahmedabad,Gujarat,Tablet,Electronics,3,19128,0,57384,10407.7,2025-10-18
ORD02314,CUST0447,Ananya Verma,Pune,Maharashtra,Tablet,Electronics,5,4186,5,20930,5228.36,2025-05-23
ORD02315,CUST0368,Kiran Verma,Hyderabad,Telangana,Webcam,Accessories,2,47348,0,94696,12515.0,2025-08-23
ORD02316,CUST0537,Arjun Naidu,Pune,Maharashtra,Monitor,Electronics,2,3945,0,7890,1101.54,2025-02-13
ORD02317,CUST0500,Sai Yadav,Bangalore,Karnataka,Headphones,Accessories,4,40090,5,160360,29129.76,2025-09-11
ORD02318,CUST0944,Arjun Naidu,Kolkata,West Bengal,Webcam,Accessories,5,2278,20,11390,3250.4,2025-10-30
ORD02319,CUST0239,Ananya Reddy,Hyderabad,Telangana,Mouse,Accessories,2,40984,20,81968,9404.13,2025-08-13
ORD02320,CUST0714,Rahul Naidu,Mumbai,Maharashtra,Printer,Office,5,6301,0,31505,8052.34,2025-07-06
ORD02321,CUST0646,Shivani Reddy,Pune,Maharashtra,Laptop,Electronics,5,36674,20,183370,43523.52,2025-12-27
ORD02322,CUST0353,Vihaan Reddy,Pune,Maharashtra,Printer,Office,3,17124,10,51372,5157.1,2025-06-27
ORD02323,CUST0457,Sai Patel,Delhi,Delhi,Laptop,Electronics,3,30883,0,92649,8397.07,2025-05-13
ORD02324,CUST0197,Shivani Singh,Pune,Maharashtra,USB Cable,Accessories,5,42259,10,211295,33601.43,2025-09-28
ORD02325,CUST0273,Meera Reddy,Delhi,Delhi,Webcam,Accessories,5,26061,10,130305,25032.67,2025-03-01
ORD02326,CUST0271,Aditya Singh,Kolkata,West Bengal,Monitor,Electronics,1,44588,0,44588,10628.43,2025-09-27
ORD02327,CUST0369,Aditya Gupta,Bangalore,Karnataka,USB Cable,Accessories,4,8353,5,33412,6952.88,2025-11-25
ORD02328,CUST0854,Rohan Jogi,Ahmedabad,Gujarat,Monitor,Electronics,5,49757,5,248785,70682.33,2025-12-08
ORD02329,CUST0534,Sai Reddy,Pune,Maharashtra,Webcam,Accessories,2,3652,0,7304,2152.8,2025-11-21
ORD02330,CUST0714,Rahul Naidu,Mumbai,Maharashtra,Keyboard,Accessories,5,38558,20,192790,36905.71,2025-12-28
ORD02331,CUST0108,Shivani Naidu,Kolkata,West Bengal,Monitor,Electronics,4,22692,20,90768,24173.5,2025-03-25
ORD02332,CUST0592,Kiran Yadav,Chennai,Tamil Nadu,Headphones,Accessories,4,41217,10,164868,41319.9,2025-03-09
ORD02333,CUST0749,Sai Jogi,Ahmedabad,Gujarat,Monitor,Electronics,3,49779,0,149337,44123.29,2025-05-15
ORD02334,CUST0654,Aditya Jogi,Pune,Maharashtra,Tablet,Electronics,5,2813,20,14065,3311.68,2025-10-08
ORD02335,CUST0624,Aditya Jogi,Pune,Maharashtra,Tablet,Electronics,4,23297,15,93188,21954.15,2025-06-13
ORD02336,CUST0847,Arjun Patel,Pune,Maharashtra,Keyboard,Accessories,2,23206,0,46412,3831.19,2025-10-09
ORD02337,CUST0750,Meera Sharma,Mumbai,Maharashtra,Monitor,Electronics,5,1813,15,9065,971.36,2025-12-26
ORD02338,CUST0776,Shivani Gupta,Delhi,Delhi,Mouse,Accessories,5,41339,10,206695,60174.34,2025-05-27
ORD02339,CUST0305,Diya Reddy,Bangalore,Karnataka,Keyboard,Accessories,5,13102,0,65510,16447.08,2025-05-12
ORD02340,CUST0160,Sneha Verma,Kolkata,West Bengal,Webcam,Accessories,4,1614,15,6456,1745.48,2025-04-10
ORD02341,CUST0430,Kiran Patel,Bangalore,Karnataka,Webcam,Accessories,1,44829,5,44829,6375.55,2025-02-13
ORD02342,CUST0137,Aditya Reddy,Mumbai,Maharashtra,Keyboard,Accessories,3,2668,0,8004,2208.3,2025-10-17
ORD02343,CUST0595,Sai Naidu,Chennai,Tamil Nadu,Tablet,Electronics,1,15863,5,15863,3348.56,2025-07-03
ORD02344,CUST0841,Aditya Patel,Bangalore,Karnataka,Webcam,Accessories,1,25324,5,25324,2220.91,2025-03-06
ORD02345,CUST0815,Priya Gupta,Hyderabad,Telangana,Webcam,Accessories,1,3116,10,3116,620.23,2025-10-17
ORD02346,CUST0762,Sneha Naidu,Bangalore,Karnataka,Tablet,Electronics,4,36294,15,145176,39847.81,2025-05-27
ORD02347,CUST0853,Arjun Singh,Pune,Maharashtra,Headphones,Accessories,3,25842,10,77526,18284.09,2025-11-06
ORD02348,CUST0390,Arjun Kumar,Pune,Maharashtra,USB Cable,Accessories,5,37961,0,189805,48930.45,2025-01-03
ORD02349,CUST0816,Rohan Verma,Ahmedabad,Gujarat,Webcam,Accessories,5,16389,15,81945,22876.74,2025-06-03
ORD02350,CUST0103,Ananya Jogi,Hyderabad,Telangana,Monitor,Electronics,1,11212,0,11212,2591.72,2025-01-30
ORD02351,CUST0057,Arjun Patel,Delhi,Delhi,USB Cable,Accessories,1,8169,10,8169,2233.46,2025-01-30
ORD02352,CUST0529,Ananya Jogi,Mumbai,Maharashtra,Tablet,Electronics,5,2636,5,13180,2805.97,2025-06-24
ORD02353,CUST0720,Sneha Gupta,Bangalore,Karnataka,Mouse,Accessories,2,43246,0,86492,17256.95,2025-11-19
ORD02354,CUST0207,Priya Sharma,Mumbai,Maharashtra,Printer,Office,5,45068,0,225340,18162.46,2025-03-25
ORD02355,CUST0514,Arjun Sharma,Delhi,Delhi,Headphones,Accessories,2,40535,20,81070,11291.74,2025-07-25
ORD02356,CUST0044,Vivaan Jogi,Kolkata,West Bengal,Tablet,Electronics,4,33952,20,135808,32011.36,2025-11-30
ORD02357,CUST0446,Rohan Gupta,Chennai,Tamil Nadu,Headphones,Accessories,4,28922,10,115688,15102.6,2025-02-24
ORD02358,CUST0162,Ananya Reddy,Hyderabad,Telangana,Laptop,Electronics,5,49775,20,248875,61390.36,2025-04-18
ORD02359,CUST0838,Rahul Verma,Ahmedabad,Gujarat,Laptop,Electronics,1,24757,5,24757,5894.61,2025-09-02
ORD02360,CUST0515,Vihaan Gupta,Ahmedabad,Gujarat,Tablet,Electronics,4,37779,0,151116,15434.41,2025-05-09
ORD02361,CUST0109,Meera Reddy,Hyderabad,Telangana,Headphones,Accessories,3,6585,0,19755,5764.37,2025-03-08
ORD02362,CUST0171,Rahul Naidu,Hyderabad,Telangana,Printer,Office,3,16535,10,49605,5374.32,2025-08-14
ORD02363,CUST0670,Arjun Gupta,Mumbai,Maharashtra,Tablet,Electronics,3,30025,5,90075,15654.71,2025-10-23
ORD02364,CUST0500,Sai Yadav,Bangalore,Karnataka,Keyboard,Accessories,1,20795,10,20795,3396.97,2025-12-27
ORD02365,CUST0830,Rahul Singh,Mumbai,Maharashtra,Mouse,Accessories,1,15819,5,15819,1890.61,2025-08-21
ORD02366,CUST0617,Sneha Singh,Bangalore,Karnataka,Headphones,Accessories,4,34440,10,137760,17712.82,2025-05-16
ORD02367,CUST0684,Ananya Kumar,Ahmedabad,Gujarat,Speaker,Electronics,1,27935,0,27935,5689.74,2025-07-22
ORD02368,CUST0764,Meera Kumar,Bangalore,Karnataka,Speaker,Electronics,2,41847,10,83694,23293.06,2025-04-28
ORD02369,CUST0268,Shivani Singh,Ahmedabad,Gujarat,Speaker,Electronics,4,22553,0,90212,24317.69,2025-08-10
ORD02370,CUST0540,Priya Verma,Bangalore,Karnataka,Laptop,Electronics,3,40326,15,120978,18001.24,2025-06-04
ORD02371,CUST0778,Shivani Kumar,Kolkata,West Bengal,Mouse,Accessories,1,15287,5,15287,4117.17,2025-06-21
ORD02372,CUST0629,Aarav Jogi,Mumbai,Maharashtra,Monitor,Electronics,1,12833,10,12833,3684.47,2025-02-22
ORD02373,CUST0496,Vihaan Singh,Bangalore,Karnataka,Tablet,Electronics,1,31359,5,31359,3380.88,2025-11-02
ORD02374,CUST0900,Vivaan Jogi,Delhi,Delhi,Headphones,Accessories,4,2837,15,11348,2881.48,2025-02-04
ORD02375,CUST0839,Kiran Naidu,Pune,Maharashtra,Headphones,Accessories,1,5914,10,5914,971.15,2025-06-07
ORD02376,CUST0462,Vihaan Gupta,Hyderabad,Telangana,Mouse,Accessories,4,5336,5,21344,1964.15,2025-06-30
ORD02377,CUST0601,Shivani Yadav,Chennai,Tamil Nadu,Webcam,Accessories,5,14037,10,70185,12221.26,2025-11-29
ORD02378,CUST0336,Aditya Naidu,Chennai,Tamil Nadu,Keyboard,Accessories,4,36420,10,145680,38924.05,2025-03-11
ORD02379,CUST0888,Rohan Singh,Bangalore,Karnataka,Tablet,Electronics,4,40250,10,161000,24413.54,2025-11-18
ORD02380,CUST0156,Kiran Reddy,Bangalore,Karnataka,Laptop,Electronics,2,41302,0,82604,20834.35,2025-06-23
ORD02381,CUST0408,Arjun Singh,Chennai,Tamil Nadu,Headphones,Accessories,4,35729,20,142916,11652.49,2025-04-07
ORD02382,CUST0061,Sai Gupta,Delhi,Delhi,Tablet,Electronics,4,45029,5,180116,49195.91,2025-03-01
ORD02383,CUST0831,Rahul Reddy,Chennai,Tamil Nadu,Monitor,Electronics,3,38968,5,116904,16732.49,2025-11-16
ORD02384,CUST0052,Vihaan Jogi,Mumbai,Maharashtra,Mouse,Accessories,2,2594,10,5188,1103.25,2025-08-09
ORD02385,CUST0594,Arjun Reddy,Kolkata,West Bengal,Printer,Office,2,16463,20,32926,5990.88,2025-11-13
ORD02386,CUST0876,Meera Sharma,Ahmedabad,Gujarat,Keyboard,Accessories,5,4251,20,21255,5666.14,2025-12-11
ORD02387,CUST0966,Meera Reddy,Ahmedabad,Gujarat,Printer,Office,2,4739,20,9478,909.18,2025-01-14
ORD02388,CUST0407,Rohan Sharma,Kolkata,West Bengal,Tablet,Electronics,4,2316,20,9264,1947.29,2025-04-06
ORD02389,CUST0698,Sneha Kumar,Chennai,Tamil Nadu,USB Cable,Accessories,3,42278,10,126834,25006.75,2025-06-01
ORD02390,CUST0517,Sneha Kumar,Ahmedabad,Gujarat,Monitor,Electronics,2,35568,5,71136,16316.78,2025-10-15
ORD02391,CUST0105,Sai Gupta,Mumbai,Maharashtra,Printer,Office,1,25998,15,25998,2538.86,2025-09-12
ORD02392,CUST0889,Vihaan Sharma,Bangalore,Karnataka,Keyboard,Accessories,3,35160,0,105480,18568.82,2025-09-22
ORD02393,CUST0921,Rahul Kumar,Chennai,Tamil Nadu,Tablet,Electronics,2,31178,0,62356,6812.21,2025-03-06
ORD02394,CUST0082,Rahul Kumar,Hyderabad,Telangana,Speaker,Electronics,5,48907,20,244535,73185.35,2025-04-09
ORD02395,CUST0461,Vihaan Kumar,Delhi,Delhi,Keyboard,Accessories,2,28027,5,56054,14186.7,2025-01-21
ORD02396,CUST0961,Meera Sharma,Ahmedabad,Gujarat,Webcam,Accessories,3,22596,5,67788,18551.96,2025-01-11
ORD02397,CUST0063,Vivaan Gupta,Delhi,Delhi,Webcam,Accessories,2,27738,15,55476,7500.52,2025-12-06
ORD02398,CUST0890,Vivaan Gupta,Mumbai,Maharashtra,USB Cable,Accessories,2,15777,0,31554,6128.13,2025-09-30
ORD02399,CUST0902,Vivaan Sharma,Mumbai,Maharashtra,Laptop,Electronics,4,10416,15,41664,6267.81,2025-01-25
ORD02400,CUST0805,Ananya Gupta,Chennai,Tamil Nadu,Webcam,Accessories,2,5879,15,11758,2373.47,2025-08-06
ORD02401,CUST0501,Vivaan Sharma,Pune,Maharashtra,Mouse,Accessories,2,34315,5,68630,16578.89,2025-01-14
ORD02402,CUST0807,Aditya Yadav,Bangalore,Karnataka,Mouse,Accessories,5,19380,0,96900,28195.94,2025-04-08
ORD02403,CUST0956,Priya Singh,Delhi,Delhi,Mouse,Accessories,3,24407,15,73221,17561.16,2025-08-03
ORD02404,CUST0892,Aarav Kumar,Chennai,Tamil Nadu,Mouse,Accessories,3,10320,20,30960,4275.66,2025-12-21
ORD02405,CUST0491,Vivaan Jogi,Kolkata,West Bengal,USB Cable,Accessories,2,9246,10,18492,2424.65,2025-09-13
ORD02406,CUST0739,Sneha Singh,Chennai,Tamil Nadu,USB Cable,Accessories,3,36427,0,109281,27754.53,2025-08-14
ORD02407,CUST0150,Vivaan Verma,Hyderabad,Telangana,Speaker,Electronics,3,780,20,2340,690.61,2025-08-22
ORD02408,CUST0502,Arjun Singh,Mumbai,Maharashtra,Tablet,Electronics,4,26279,5,105116,9729.78,2025-08-25
ORD02409,CUST0885,Rohan Reddy,Bangalore,Karnataka,Printer,Office,1,36575,5,36575,8491.78,2025-02-19
ORD02410,CUST0315,Aarav Yadav,Bangalore,Karnataka,Monitor,Electronics,1,10427,10,10427,1352.24,2025-04-17
ORD02411,CUST0978,Meera Reddy,Delhi,Delhi,Speaker,Electronics,2,35975,0,71950,16955.03,2025-12-06
ORD02412,CUST0691,Vihaan Yadav,Chennai,Tamil Nadu,Webcam,Accessories,3,6979,15,20937,2039.39,2025-05-12
ORD02413,CUST0212,Vivaan Jogi,Bangalore,Karnataka,Keyboard,Accessories,4,14575,5,58300,14374.85,2025-09-16
ORD02414,CUST0665,Diya Reddy,Pune,Maharashtra,Mouse,Accessories,2,35143,15,70286,9067.73,2025-03-24
ORD02415,CUST0075,Diya Singh,Pune,Maharashtra,Speaker,Electronics,2,30084,5,60168,17061.19,2025-11-19
ORD02416,CUST0770,Aarav Singh,Pune,Maharashtra,Tablet,Electronics,1,30896,15,30896,7717.79,2025-12-27
ORD02417,CUST0055,Meera Reddy,Hyderabad,Telangana,USB Cable,Accessories,1,35701,0,35701,6240.38,2025-09-21
ORD02418,CUST0769,Priya Reddy,Kolkata,West Bengal,Keyboard,Accessories,1,5288,5,5288,1324.68,2025-10-30
ORD02419,CUST0289,Sai Gupta,Bangalore,Karnataka,Laptop,Electronics,1,33294,15,33294,5793.34,2025-09-03
ORD02420,CUST0353,Vihaan Reddy,Pune,Maharashtra,Printer,Office,3,46050,0,138150,12647.4,2025-07-17
ORD02421,CUST0943,Ananya Gupta,Kolkata,West Bengal,Keyboard,Accessories,5,19921,10,99605,13768.14,2025-08-09
ORD02422,CUST0244,Arjun Singh,Hyderabad,Telangana,Laptop,Electronics,4,11220,15,44880,8876.55,2025-03-23
ORD02423,CUST0381,Sai Singh,Hyderabad,Telangana,Speaker,Electronics,1,41335,15,41335,11787.75,2025-12-22
ORD02424,CUST0688,Vivaan Naidu,Delhi,Delhi,Tablet,Electronics,5,7940,20,39700,4307.35,2025-08-08
ORD02425,CUST0762,Sneha Naidu,Bangalore,Karnataka,Tablet,Electronics,2,28423,10,56846,13505.33,2025-02-15
ORD02426,CUST0846,Priya Verma,Hyderabad,Telangana,Keyboard,Accessories,4,13014,0,52056,8660.14,2025-04-16
ORD02427,CUST0870,Aarav Patel,Chennai,Tamil Nadu,Mouse,Accessories,3,28704,0,86112,8466.73,2025-11-25
ORD02428,CUST0744,Arjun Patel,Ahmedabad,Gujarat,Laptop,Electronics,1,20733,10,20733,4536.01,2025-12-20
ORD02429,CUST0643,Aarav Patel,Mumbai,Maharashtra,Tablet,Electronics,2,22718,15,45436,9432.71,2025-10-02
ORD02430,CUST0289,Sai Gupta,Bangalore,Karnataka,Monitor,Electronics,5,35360,15,176800,48995.47,2025-10-15
ORD02431,CUST0716,Aditya Singh,Kolkata,West Bengal,Speaker,Electronics,4,40506,0,162024,36469.71,2025-04-17
ORD02432,CUST0260,Aarav Patel,Hyderabad,Telangana,Webcam,Accessories,2,12127,20,24254,3196.52,2025-05-31
ORD02433,CUST0758,Sneha Kumar,Delhi,Delhi,Printer,Office,3,11615,15,34845,7580.83,2025-12-27
ORD02434,CUST0139,Vihaan Naidu,Delhi,Delhi,Keyboard,Accessories,3,24560,10,73680,12966.97,2025-04-18
ORD02435,CUST0436,Sneha Naidu,Delhi,Delhi,USB Cable,Accessories,4,10400,15,41600,8660.86,2025-01-24
ORD02436,CUST0015,Rohan Jogi,Bangalore,Karnataka,Webcam,Accessories,4,31734,0,126936,27225.44,2025-01-05
ORD02437,CUST0673,Rahul Patel,Kolkata,West Bengal,USB Cable,Accessories,2,24711,5,49422,7328.59,2025-02-07
ORD02438,CUST0748,Kiran Yadav,Kolkata,West Bengal,Headphones,Accessories,3,4694,0,14082,3173.87,2025-03-18
ORD02439,CUST0838,Rahul Verma,Ahmedabad,Gujarat,Headphones,Accessories,5,2822,20,14110,3166.45,2025-10-08
ORD02440,CUST0960,Rohan Reddy,Ahmedabad,Gujarat,USB Cable,Accessories,3,41590,10,124770,31422.96,2025-02-09
ORD02441,CUST0214,Vivaan Singh,Bangalore,Karnataka,Printer,Office,2,20304,0,40608,3432.62,2025-07-28
ORD02442,CUST0312,Vivaan Naidu,Ahmedabad,Gujarat,Webcam,Accessories,5,15524,0,77620,14665.11,2025-01-29
ORD02443,CUST0174,Ananya Singh,Bangalore,Karnataka,Speaker,Electronics,4,44021,15,176084,33052.3,2025-01-18
ORD02444,CUST0233,Priya Naidu,Ahmedabad,Gujarat,Mouse,Accessories,4,14479,5,57916,9474.48,2025-12-23
ORD02445,CUST0802,Kiran Naidu,Hyderabad,Telangana,Speaker,Electronics,5,49242,20,246210,34447.53,2025-11-01
ORD02446,CUST0278,Shivani Patel,Chennai,Tamil Nadu,Tablet,Electronics,4,9741,20,38964,10931.55,2025-06-09
ORD02447,CUST0556,Arjun Patel,Kolkata,West Bengal,Tablet,Electronics,3,6951,20,20853,6111.27,2025-03-17
ORD02448,CUST0916,Diya Yadav,Mumbai,Maharashtra,Speaker,Electronics,1,11349,20,11349,2106.38,2025-10-09
ORD02449,CUST0939,Rohan Verma,Hyderabad,Telangana,Monitor,Electronics,1,49754,10,49754,7075.25,2025-02-24
ORD02450,CUST0874,Vihaan Singh,Ahmedabad,Gujarat,Keyboard,Accessories,2,6703,5,13406,1302.79,2025-04-02
ORD02451,CUST0664,Arjun Naidu,Pune,Maharashtra,Printer,Office,3,37898,15,113694,13960.88,2025-07-25
ORD02452,CUST0103,Ananya Jogi,Hyderabad,Telangana,Laptop,Electronics,4,4306,5,17224,1566.69,2025-12-30
ORD02453,CUST0912,Vihaan Patel,Kolkata,West Bengal,Mouse,Accessories,4,48347,10,193388,40222.12,2025-08-11
ORD02454,CUST0367,Shivani Gupta,Chennai,Tamil Nadu,Webcam,Accessories,1,704,0,704,198.56,2025-08-05
ORD02455,CUST0463,Priya Naidu,Hyderabad,Telangana,Webcam,Accessories,1,43537,0,43537,10323.1,2025-04-27
ORD02456,CUST0192,Shivani Yadav,Chennai,Tamil Nadu,Webcam,Accessories,2,22460,20,44920,9374.94,2025-03-20
ORD02457,CUST0471,Sneha Kumar,Hyderabad,Telangana,Headphones,Accessories,4,7571,10,30284,7415.3,2025-09-12
ORD02458,CUST0432,Aarav Patel,Delhi,Delhi,Keyboard,Accessories,1,32643,10,32643,3259.59,2025-07-13
ORD02459,CUST0191,Rohan Verma,Ahmedabad,Gujarat,USB Cable,Accessories,4,9171,20,36684,4347.65,2025-09-25
ORD02460,CUST0041,Ananya Reddy,Kolkata,West Bengal,Keyboard,Accessories,1,8531,20,8531,2496.85,2025-08-07
ORD02461,CUST0615,Vihaan Reddy,Mumbai,Maharashtra,Tablet,Electronics,2,42956,5,85912,20034.27,2025-12-31
ORD02462,CUST0696,Meera Sharma,Mumbai,Maharashtra,Mouse,Accessories,5,19877,10,99385,13221.8,2025-03-07
ORD02463,CUST0444,Aditya Jogi,Pune,Maharashtra,Laptop,Electronics,5,1146,10,5730,1088.1,2025-05-11
ORD02464,CUST0546,Priya Yadav,Bangalore,Karnataka,Keyboard,Accessories,2,6990,20,13980,2112.1,2025-10-31
ORD02465,CUST0868,Rohan Singh,Hyderabad,Telangana,Webcam,Accessories,3,25913,10,77739,15218.06,2025-08-01
ORD02466,CUST0871,Rahul Sharma,Bangalore,Karnataka,Keyboard,Accessories,4,16736,10,66944,13337.45,2025-05-11
ORD02467,CUST0721,Shivani Kumar,Ahmedabad,Gujarat,Speaker,Electronics,1,6732,20,6732,1057.18,2025-07-11
ORD02468,CUST0850,Aarav Sharma,Kolkata,West Bengal,Tablet,Electronics,3,16046,20,48138,5060.89,2025-11-12
ORD02469,CUST0494,Meera Gupta,Mumbai,Maharashtra,Printer,Office,2,48464,0,96928,10292.41,2025-01-13
ORD02470,CUST0674,Diya Naidu,Delhi,Delhi,Printer,Office,2,34861,20,69722,17784.45,2025-04-04
ORD02471,CUST0128,Shivani Patel,Kolkata,West Bengal,Printer,Office,1,44290,15,44290,5964.48,2025-12-14
ORD02472,CUST0257,Arjun Sharma,Mumbai,Maharashtra,Keyboard,Accessories,5,36096,20,180480,52972.2,2025-06-04
ORD02473,CUST0497,Vihaan Gupta,Mumbai,Maharashtra,Tablet,Electronics,1,48816,0,48816,14050.43,2025-07-20
ORD02474,CUST0364,Sneha Yadav,Ahmedabad,Gujarat,USB Cable,Accessories,3,23763,5,71289,10791.94,2025-09-08
ORD02475,CUST0515,Vihaan Gupta,Ahmedabad,Gujarat,Webcam,Accessories,5,11199,10,55995,8407.05,2025-01-04
ORD02476,CUST0420,Vihaan Naidu,Chennai,Tamil Nadu,Monitor,Electronics,3,2789,10,8367,1614.11,2025-10-29
ORD02477,CUST0284,Kiran Singh,Bangalore,Karnataka,Speaker,Electronics,2,29144,20,58288,8680.33,2025-03-18
ORD02478,CUST0620,Vihaan Gupta,Ahmedabad,Gujarat,USB Cable,Accessories,4,4008,5,16032,4112.7,2025-08-17
ORD02479,CUST0129,Rohan Gupta,Delhi,Delhi,Laptop,Electronics,2,17940,20,35880,6310.37,2025-12-16
ORD02480,CUST0873,Arjun Sharma,Delhi,Delhi,Mouse,Accessories,2,1501,20,3002,704.59,2025-04-08
ORD02481,CUST0748,Kiran Yadav,Kolkata,West Bengal,Speaker,Electronics,4,30131,20,120524,27326.63,2025-04-30
ORD02482,CUST0079,Sneha Yadav,Mumbai,Maharashtra,Keyboard,Accessories,3,24162,10,72486,11823.67,2025-12-05
ORD02483,CUST0506,Diya Kumar,Ahmedabad,Gujarat,Monitor,Electronics,4,12335,20,49340,11021.0,2025-07-28
ORD02484,CUST0798,Vihaan Patel,Chennai,Tamil Nadu,Speaker,Electronics,2,5083,20,10166,2614.14,2025-08-11
ORD02485,CUST0154,Vivaan Jogi,Mumbai,Maharashtra,Tablet,Electronics,5,43986,5,219930,39170.89,2025-10-25
ORD02486,CUST0036,Arjun Gupta,Mumbai,Maharashtra,Tablet,Electronics,3,5605,0,16815,4215.36,2025-05-19
ORD02487,CUST0511,Sai Naidu,Pune,Maharashtra,Speaker,Electronics,2,21757,20,43514,12444.93,2025-04-26
ORD02488,CUST0527,Vivaan Patel,Mumbai,Maharashtra,Keyboard,Accessories,2,2004,5,4008,1071.96,2025-05-28
ORD02489,CUST0936,Meera Singh,Pune,Maharashtra,Keyboard,Accessories,4,36707,20,146828,27382.7,2025-04-29
ORD02490,CUST0361,Arjun Kumar,Hyderabad,Telangana,Webcam,Accessories,3,30663,20,91989,15159.67,2025-04-29
ORD02491,CUST0064,Rahul Sharma,Bangalore,Karnataka,Printer,Office,3,15872,10,47616,11492.94,2025-06-04
ORD02492,CUST0557,Aditya Jogi,Mumbai,Maharashtra,Speaker,Electronics,1,13150,0,13150,1257.37,2025-01-25
ORD02493,CUST0151,Ananya Reddy,Kolkata,West Bengal,Webcam,Accessories,3,30919,0,92757,27201.22,2025-05-28
ORD02494,CUST0524,Priya Yadav,Hyderabad,Telangana,Keyboard,Accessories,4,20023,5,80092,20332.43,2025-03-01
ORD02495,CUST0203,Vihaan Patel,Kolkata,West Bengal,Tablet,Electronics,2,22490,5,44980,4583.38,2025-12-05
ORD02496,CUST0917,Rahul Naidu,Delhi,Delhi,Webcam,Accessories,4,49164,10,196656,33037.81,2025-02-19
ORD02497,CUST0161,Meera Jogi,Hyderabad,Telangana,Keyboard,Accessories,4,24004,0,96016,16414.48,2025-07-14
ORD02498,CUST0959,Rohan Jogi,Delhi,Delhi,Printer,Office,1,35131,5,35131,8347.07,2025-01-04
ORD02499,CUST0111,Rahul Singh,Mumbai,Maharashtra,Keyboard,Accessories,5,10590,20,52950,4432.05,2025-01-11
ORD02500,CUST0796,Priya Reddy,Bangalore,Karnataka,Laptop,Electronics,2,43200,20,86400,23416.99,2025-10-12
ORD02501,CUST0407,Rohan Sharma,Kolkata,West Bengal,Speaker,Electronics,1,40974,0,40974,11748.79,2025-01-28
ORD02502,CUST0177,Priya Verma,Kolkata,West Bengal,Laptop,Electronics,1,29292,15,29292,4372.97,2025-11-23
ORD02503,CUST0704,Shivani Reddy,Pune,Maharashtra,Mouse,Accessories,1,36787,15,36787,3196.44,2025-07-30
ORD02504,CUST0770,Aarav Singh,Pune,Maharashtra,Monitor,Electronics,4,566,15,2264,536.47,2025-10-10
ORD02505,CUST0541,Priya Jogi,Kolkata,West Bengal,Monitor,Electronics,4,39940,5,159760,38779.48,2025-07-15
ORD02506,CUST0666,Aarav Reddy,Ahmedabad,Gujarat,Speaker,Electronics,4,26160,20,104640,29066.96,2025-12-14
ORD02507,CUST0584,Shivani Verma,Chennai,Tamil Nadu,Tablet,Electronics,5,36580,0,182900,28392.13,2025-05-13
ORD02508,CUST0907,Priya Reddy,Kolkata,West Bengal,USB Cable,Accessories,4,25760,20,103040,29740.08,2025-03-23
ORD02509,CUST0611,Vihaan Reddy,Hyderabad,Telangana,USB Cable,Accessories,3,35891,5,107673,28371.97,2025-08-27
ORD02510,CUST0023,Ananya Verma,Kolkata,West Bengal,Monitor,Electronics,4,25607,10,102428,13594.1,2025-05-13
ORD02511,CUST0064,Rahul Sharma,Bangalore,Karnataka,Mouse,Accessories,3,20093,5,60279,7805.94,2025-03-07
ORD02512,CUST0297,Shivani Naidu,Pune,Maharashtra,Tablet,Electronics,2,32131,5,64262,15774.85,2025-06-30
ORD02513,CUST0056,Priya Sharma,Pune,Maharashtra,Headphones,Accessories,1,21111,20,21111,3508.05,2025-07-31
ORD02514,CUST0682,Ananya Kumar,Mumbai,Maharashtra,Webcam,Accessories,3,28144,15,84432,9006.81,2025-11-14
ORD02515,CUST0935,Vivaan Sharma,Ahmedabad,Gujarat,Tablet,Electronics,3,35760,5,107280,24291.92,2025-03-21
ORD02516,CUST0090,Sai Patel,Kolkata,West Bengal,Mouse,Accessories,3,49118,15,147354,23088.32,2025-03-04
ORD02517,CUST0382,Ananya Patel,Pune,Maharashtra,Headphones,Accessories,2,9125,10,18250,2647.63,2025-12-28
ORD02518,CUST0362,Shivani Gupta,Bangalore,Karnataka,Keyboard,Accessories,5,20397,15,101985,25254.32,2025-10-29
ORD02519,CUST0556,Arjun Patel,Kolkata,West Bengal,Speaker,Electronics,1,27994,10,27994,7141.79,2025-10-23
ORD02520,CUST0383,Aditya Yadav,Kolkata,West Bengal,Laptop,Electronics,5,5142,20,25710,5744.33,2025-07-23
ORD02521,CUST0794,Ananya Reddy,Chennai,Tamil Nadu,Laptop,Electronics,2,41079,5,82158,11616.1,2025-11-16
ORD02522,CUST0698,Sneha Kumar,Chennai,Tamil Nadu,Keyboard,Accessories,4,45074,15,180296,44525.73,2025-09-07
ORD02523,CUST0436,Sneha Naidu,Delhi,Delhi,Headphones,Accessories,5,34636,15,173180,17406.47,2025-09-06
ORD02524,CUST0124,Vihaan Naidu,Kolkata,West Bengal,Webcam,Accessories,2,36615,5,73230,10860.6,2025-12-23
ORD02525,CUST0146,Rahul Verma,Kolkata,West Bengal,Headphones,Accessories,2,32533,10,65066,13831.38,2025-07-31
ORD02526,CUST0355,Vivaan Jogi,Chennai,Tamil Nadu,Speaker,Electronics,1,2123,15,2123,570.27,2025-07-14
ORD02527,CUST0739,Sneha Singh,Chennai,Tamil Nadu,Keyboard,Accessories,2,780,20,1560,302.16,2025-12-17
ORD02528,CUST0756,Kiran Patel,Pune,Maharashtra,Keyboard,Accessories,1,19479,0,19479,3705.36,2025-05-21
ORD02529,CUST0275,Kiran Sharma,Kolkata,West Bengal,Printer,Office,3,35536,5,106608,8977.52,2025-06-26
ORD02530,CUST0658,Meera Naidu,Pune,Maharashtra,Keyboard,Accessories,3,18376,15,55128,8273.33,2025-05-13
ORD02531,CUST0381,Sai Singh,Hyderabad,Telangana,USB Cable,Accessories,3,17057,10,51171,7572.43,2025-06-09
ORD02532,CUST0121,Rahul Kumar,Delhi,Delhi,Headphones,Accessories,5,14657,5,73285,8954.1,2025-03-04
ORD02533,CUST0807,Aditya Yadav,Bangalore,Karnataka,Monitor,Electronics,1,30733,15,30733,6125.8,2025-01-27
ORD02534,CUST0139,Vihaan Naidu,Delhi,Delhi,USB Cable,Accessories,4,42894,15,171576,21965.0,2025-12-23
ORD02535,CUST1000,Kiran Kumar,Hyderabad,Telangana,Speaker,Electronics,3,43070,0,129210,37320.04,2025-11-18
ORD02536,CUST0979,Kiran Singh,Ahmedabad,Gujarat,Speaker,Electronics,2,15073,10,30146,8630.9,2025-10-24
ORD02537,CUST0446,Rohan Gupta,Chennai,Tamil Nadu,Printer,Office,1,5984,5,5984,1699.38,2025-07-25
ORD02538,CUST0839,Kiran Naidu,Pune,Maharashtra,Keyboard,Accessories,2,14802,15,29604,4128.81,2025-12-08
ORD02539,CUST0755,Arjun Sharma,Pune,Maharashtra,USB Cable,Accessories,4,5052,10,20208,4286.31,2025-01-28
ORD02540,CUST0697,Aarav Yadav,Chennai,Tamil Nadu,Monitor,Electronics,2,30763,10,61526,14209.51,2025-05-24
ORD02541,CUST0164,Ananya Kumar,Hyderabad,Telangana,Laptop,Electronics,4,14983,15,59932,17099.32,2025-04-26
ORD02542,CUST0228,Vivaan Kumar,Kolkata,West Bengal,Printer,Office,1,15886,0,15886,3903.49,2025-01-08
ORD02543,CUST0931,Meera Verma,Chennai,Tamil Nadu,Webcam,Accessories,1,15478,20,15478,3010.13,2025-09-24
ORD02544,CUST0860,Shivani Verma,Hyderabad,Telangana,Laptop,Electronics,1,17837,15,17837,4535.02,2025-12-16
ORD02545,CUST0402,Sneha Yadav,Mumbai,Maharashtra,Mouse,Accessories,1,29441,15,29441,8832.0,2025-09-12
ORD02546,CUST0061,Sai Gupta,Delhi,Delhi,Tablet,Electronics,3,39934,0,119802,19355.61,2025-07-09
ORD02547,CUST0768,Vivaan Gupta,Hyderabad,Telangana,Headphones,Accessories,2,3111,5,6222,1738.09,2025-07-18
ORD02548,CUST0366,Meera Jogi,Mumbai,Maharashtra,Monitor,Electronics,5,32810,15,164050,13752.68,2025-02-07
ORD02549,CUST0960,Rohan Reddy,Ahmedabad,Gujarat,USB Cable,Accessories,3,48782,15,146346,31424.78,2025-08-13
ORD02550,CUST0897,Aditya Sharma,Bangalore,Karnataka,Tablet,Electronics,1,28936,20,28936,7708.21,2025-05-04
ORD02551,CUST0291,Aditya Jogi,Chennai,Tamil Nadu,USB Cable,Accessories,3,38418,0,115254,32801.16,2025-09-10
ORD02552,CUST0589,Diya Kumar,Mumbai,Maharashtra,Tablet,Electronics,3,4656,10,13968,2973.45,2025-05-19
ORD02553,CUST0347,Meera Gupta,Chennai,Tamil Nadu,Mouse,Accessories,3,30263,0,90789,18790.09,2025-07-19
ORD02554,CUST0008,Sneha Gupta,Ahmedabad,Gujarat,Printer,Office,4,17831,10,71324,17368.91,2025-04-15
ORD02555,CUST0562,Arjun Reddy,Mumbai,Maharashtra,Tablet,Electronics,4,42913,20,171652,35700.38,2025-01-07
ORD02556,CUST0401,Priya Yadav,Chennai,Tamil Nadu,Webcam,Accessories,5,48650,15,243250,26359.04,2025-08-18
ORD02557,CUST0229,Rohan Yadav,Chennai,Tamil Nadu,Mouse,Accessories,2,49530,20,99060,27434.77,2025-06-07
ORD02558,CUST0409,Priya Naidu,Mumbai,Maharashtra,USB Cable,Accessories,4,1574,5,6296,771.01,2025-05-22
ORD02559,CUST0006,Rahul Jogi,Delhi,Delhi,Monitor,Electronics,5,47776,20,238880,35236.85,2025-10-17
ORD02560,CUST0879,Sai Singh,Kolkata,West Bengal,Laptop,Electronics,3,34050,15,102150,8192.04,2025-09-19
ORD02561,CUST0299,Rohan Patel,Delhi,Delhi,Webcam,Accessories,4,8599,20,34396,8864.56,2025-02-27
ORD02562,CUST0960,Rohan Reddy,Ahmedabad,Gujarat,Tablet,Electronics,1,47033,15,47033,11557.92,2025-04-29
ORD02563,CUST0617,Sneha Singh,Bangalore,Karnataka,Tablet,Electronics,4,35504,0,142016,23316.21,2025-07-06
ORD02564,CUST0786,Rohan Yadav,Bangalore,Karnataka,Webcam,Accessories,5,9948,0,49740,4136.5,2025-08-23
ORD02565,CUST0224,Meera Gupta,Bangalore,Karnataka,Monitor,Electronics,5,29100,20,145500,14753.86,2025-01-01
ORD02566,CUST0279,Shivani Gupta,Kolkata,West Bengal,Keyboard,Accessories,1,12537,20,12537,1748.83,2025-01-16
ORD02567,CUST0012,Sneha Naidu,Delhi,Delhi,Printer,Office,1,28089,10,28089,6159.31,2025-11-27
ORD02568,CUST0151,Ananya Reddy,Kolkata,West Bengal,Speaker,Electronics,1,30402,15,30402,2900.66,2025-12-18
ORD02569,CUST0859,Vivaan Reddy,Delhi,Delhi,Tablet,Electronics,4,37279,10,149116,41568.9,2025-06-29
ORD02570,CUST0919,Aarav Yadav,Delhi,Delhi,Tablet,Electronics,4,33634,10,134536,30771.36,2025-10-09
ORD02571,CUST0961,Meera Sharma,Ahmedabad,Gujarat,Mouse,Accessories,4,22492,0,89968,10262.48,2025-07-11
ORD02572,CUST0040,Diya Yadav,Mumbai,Maharashtra,Laptop,Electronics,1,36447,15,36447,7675.04,2025-06-08
ORD02573,CUST0412,Kiran Verma,Ahmedabad,Gujarat,Keyboard,Accessories,3,35822,20,107466,27790.91,2025-09-12
ORD02574,CUST0512,Aditya Sharma,Hyderabad,Telangana,Mouse,Accessories,4,12464,0,49856,10653.76,2025-02-20
ORD02575,CUST0760,Vivaan Kumar,Ahmedabad,Gujarat,Webcam,Accessories,2,30005,15,60010,14519.59,2025-11-17
ORD02576,CUST0314,Meera Kumar,Chennai,Tamil Nadu,Laptop,Electronics,5,39785,10,198925,29208.79,2025-06-08
ORD02577,CUST0372,Sneha Reddy,Bangalore,Karnataka,Printer,Office,4,21742,0,86968,20172.11,2025-04-04
ORD02578,CUST0265,Priya Naidu,Chennai,Tamil Nadu,Webcam,Accessories,2,26719,10,53438,6086.61,2025-07-23
ORD02579,CUST0858,Priya Gupta,Bangalore,Karnataka,Webcam,Accessories,1,4655,0,4655,721.49,2025-07-17
ORD02580,CUST0204,Kiran Sharma,Bangalore,Karnataka,Laptop,Electronics,2,15231,0,30462,8490.95,2025-06-18
ORD02581,CUST0900,Vivaan Jogi,Delhi,Delhi,Keyboard,Accessories,3,26897,15,80691,22452.7,2025-01-15
ORD02582,CUST0708,Aarav Reddy,Kolkata,West Bengal,Keyboard,Accessories,1,48869,10,48869,5223.41,2025-02-13
ORD02583,CUST0748,Kiran Yadav,Kolkata,West Bengal,Headphones,Accessories,5,15489,10,77445,21305.41,2025-04-04
ORD02584,CUST0990,Diya Jogi,Delhi,Delhi,Mouse,Accessories,4,41091,10,164364,29459.64,2025-08-03
ORD02585,CUST0385,Rahul Yadav,Mumbai,Maharashtra,Headphones,Accessories,5,19215,5,96075,27931.57,2025-03-18
ORD02586,CUST0330,Sneha Naidu,Chennai,Tamil Nadu,Mouse,Accessories,1,38604,0,38604,10110.06,2025-07-29
ORD02587,CUST0071,Arjun Verma,Kolkata,West Bengal,Printer,Office,5,2515,20,12575,1555.05,2025-09-04
ORD02588,CUST0145,Shivani Naidu,Ahmedabad,Gujarat,Webcam,Accessories,2,16425,20,32850,8162.74,2025-05-21
ORD02589,CUST0571,Meera Patel,Hyderabad,Telangana,Keyboard,Accessories,3,26058,10,78174,13791.04,2025-08-05
ORD02590,CUST0499,Sai Reddy,Chennai,Tamil Nadu,Keyboard,Accessories,2,28551,5,57102,9709.41,2025-08-05
ORD02591,CUST0763,Vihaan Patel,Delhi,Delhi,USB Cable,Accessories,3,38191,20,114573,13033.13,2025-03-06
ORD02592,CUST0183,Rohan Singh,Pune,Maharashtra,Speaker,Electronics,1,46566,0,46566,13920.96,2025-10-10
ORD02593,CUST0812,Aditya Sharma,Hyderabad,Telangana,Mouse,Accessories,1,5873,10,5873,805.84,2025-11-05
ORD02594,CUST0468,Vivaan Singh,Delhi,Delhi,Headphones,Accessories,2,11048,10,22096,5952.45,2025-05-13
ORD02595,CUST0086,Sneha Patel,Hyderabad,Telangana,Laptop,Electronics,5,3983,10,19915,1665.45,2025-05-01
ORD02596,CUST0598,Rahul Patel,Kolkata,West Bengal,Webcam,Accessories,1,29519,0,29519,6218.89,2025-01-02
ORD02597,CUST0902,Vivaan Sharma,Mumbai,Maharashtra,USB Cable,Accessories,3,31255,0,93765,10772.46,2025-12-03
ORD02598,CUST0784,Aditya Gupta,Pune,Maharashtra,Printer,Office,2,21782,0,43564,12169.13,2025-04-29
ORD02599,CUST0041,Ananya Reddy,Kolkata,West Bengal,Monitor,Electronics,3,8189,20,24567,7137.54,2025-07-25
ORD02600,CUST0181,Sai Jogi,Chennai,Tamil Nadu,Mouse,Accessories,2,15640,20,31280,4110.19,2025-03-31
ORD02601,CUST0727,Aarav Patel,Hyderabad,Telangana,Printer,Office,2,42180,5,84360,13277.71,2025-10-15
ORD02602,CUST0061,Sai Gupta,Delhi,Delhi,Mouse,Accessories,5,32689,10,163445,38978.12,2025-12-11
ORD02603,CUST0232,Ananya Reddy,Hyderabad,Telangana,Tablet,Electronics,2,5211,5,10422,2452.26,2025-11-21
ORD02604,CUST0063,Vivaan Gupta,Delhi,Delhi,Monitor,Electronics,3,42273,15,126819,12400.93,2025-08-11
ORD02605,CUST0180,Priya Yadav,Mumbai,Maharashtra,Webcam,Accessories,4,5072,20,20288,1898.67,2025-07-16
ORD02606,CUST0440,Aarav Reddy,Pune,Maharashtra,Monitor,Electronics,4,12789,5,51156,13521.33,2025-02-25
ORD02607,CUST0651,Shivani Kumar,Bangalore,Karnataka,Monitor,Electronics,2,23215,15,46430,10775.67,2025-12-17
ORD02608,CUST0334,Priya Yadav,Kolkata,West Bengal,Keyboard,Accessories,4,32666,0,130664,16179.09,2025-07-26
ORD02609,CUST0082,Rahul Kumar,Hyderabad,Telangana,Laptop,Electronics,3,44549,15,133647,30455.23,2025-03-30
ORD02610,CUST0993,Sneha Patel,Delhi,Delhi,USB Cable,Accessories,5,3896,0,19480,4902.92,2025-09-21
ORD02611,CUST0162,Ananya Reddy,Hyderabad,Telangana,Webcam,Accessories,2,2700,10,5400,728.67,2025-12-27
ORD02612,CUST0852,Rahul Singh,Hyderabad,Telangana,Printer,Office,2,49029,10,98058,10007.69,2025-12-22
ORD02613,CUST0475,Shivani Verma,Bangalore,Karnataka,USB Cable,Accessories,4,42048,0,168192,31891.58,2025-09-13
ORD02614,CUST0482,Ananya Patel,Bangalore,Karnataka,Headphones,Accessories,3,1755,15,5265,454.56,2025-05-03
ORD02615,CUST0111,Rahul Singh,Mumbai,Maharashtra,Mouse,Accessories,4,47516,0,190064,21498.1,2025-12-13
ORD02616,CUST0162,Ananya Reddy,Hyderabad,Telangana,USB Cable,Accessories,4,8414,0,33656,4002.59,2025-01-12
ORD02617,CUST0690,Sai Singh,Ahmedabad,Gujarat,USB Cable,Accessories,5,48298,20,241490,69862.44,2025-01-24
ORD02618,CUST0739,Sneha Singh,Chennai,Tamil Nadu,Monitor,Electronics,1,48600,5,48600,8563.26,2025-12-14
ORD02619,CUST0636,Diya Reddy,Bangalore,Karnataka,Printer,Office,4,34580,5,138320,27602.37,2025-12-29
ORD02620,CUST0402,Sneha Yadav,Mumbai,Maharashtra,Monitor,Electronics,1,45619,10,45619,5349.12,2025-05-28
ORD02621,CUST0071,Arjun Verma,Kolkata,West Bengal,Laptop,Electronics,4,33579,15,134316,16799.28,2025-11-24
ORD02622,CUST0372,Sneha Reddy,Bangalore,Karnataka,Printer,Office,2,1281,10,2562,284.23,2025-03-06
ORD02623,CUST0075,Diya Singh,Pune,Maharashtra,USB Cable,Accessories,3,40810,15,122430,14177.17,2025-04-02
ORD02624,CUST0624,Aditya Jogi,Pune,Maharashtra,Webcam,Accessories,4,5582,15,22328,3341.45,2025-09-02
ORD02625,CUST0037,Aarav Naidu,Ahmedabad,Gujarat,Keyboard,Accessories,4,7029,20,28116,2592.08,2025-10-25
ORD02626,CUST0629,Aarav Jogi,Mumbai,Maharashtra,Laptop,Electronics,4,33381,10,133524,36638.84,2025-10-24
ORD02627,CUST0267,Ananya Reddy,Chennai,Tamil Nadu,Keyboard,Accessories,5,17891,10,89455,19778.63,2025-06-17
ORD02628,CUST0060,Aarav Patel,Delhi,Delhi,Speaker,Electronics,4,13319,15,53276,9498.44,2025-02-23
ORD02629,CUST0469,Vivaan Gupta,Pune,Maharashtra,Webcam,Accessories,1,33242,15,33242,8853.45,2025-04-19
ORD02630,CUST0769,Priya Reddy,Kolkata,West Bengal,Keyboard,Accessories,3,14309,20,42927,4134.54,2025-12-12
ORD02631,CUST0497,Vihaan Gupta,Mumbai,Maharashtra,USB Cable,Accessories,2,8791,10,17582,2052.19,2025-09-20
ORD02632,CUST0629,Aarav Jogi,Mumbai,Maharashtra,Monitor,Electronics,5,5837,20,29185,4161.69,2025-09-05
ORD02633,CUST0432,Aarav Patel,Delhi,Delhi,Headphones,Accessories,1,40701,0,40701,3256.28,2025-04-06
ORD02634,CUST0970,Arjun Verma,Kolkata,West Bengal,Mouse,Accessories,1,3974,20,3974,1103.27,2025-11-02
ORD02635,CUST0376,Shivani Sharma,Kolkata,West Bengal,Monitor,Electronics,5,1665,0,8325,1075.24,2025-07-06
ORD02636,CUST0314,Meera Kumar,Chennai,Tamil Nadu,Laptop,Electronics,3,11289,5,33867,5918.25,2025-01-13
ORD02637,CUST0538,Vihaan Patel,Bangalore,Karnataka,Printer,Office,1,1833,15,1833,349.02,2025-04-12
ORD02638,CUST0180,Priya Yadav,Mumbai,Maharashtra,Headphones,Accessories,4,9534,0,38136,8530.26,2025-11-03
ORD02639,CUST0005,Rohan Patel,Mumbai,Maharashtra,USB Cable,Accessories,4,16269,20,65076,18468.11,2025-01-22
ORD02640,CUST0299,Rohan Patel,Delhi,Delhi,Headphones,Accessories,2,14775,15,29550,8221.53,2025-05-01
ORD02641,CUST0121,Rahul Kumar,Delhi,Delhi,USB Cable,Accessories,5,10001,15,50005,4474.97,2025-05-17
ORD02642,CUST0213,Sneha Verma,Chennai,Tamil Nadu,Printer,Office,3,8297,15,24891,3015.69,2025-03-25
ORD02643,CUST0038,Meera Jogi,Bangalore,Karnataka,Printer,Office,3,42201,15,126603,11733.17,2025-12-23
ORD02644,CUST0469,Vivaan Gupta,Pune,Maharashtra,Mouse,Accessories,5,46840,20,234200,66664.95,2025-06-29
ORD02645,CUST0683,Kiran Sharma,Delhi,Delhi,Headphones,Accessories,5,37233,10,186165,21710.0,2025-12-05
ORD02646,CUST0752,Sai Gupta,Pune,Maharashtra,Laptop,Electronics,5,37363,0,186815,50892.17,2025-09-07
ORD02647,CUST0264,Vivaan Gupta,Kolkata,West Bengal,Mouse,Accessories,3,24460,5,73380,13642.42,2025-03-12
ORD02648,CUST0795,Rahul Yadav,Chennai,Tamil Nadu,Monitor,Electronics,2,40984,20,81968,21768.59,2025-09-03
ORD02649,CUST0535,Priya Patel,Ahmedabad,Gujarat,Mouse,Accessories,4,36640,5,146560,31957.96,2025-07-08
ORD02650,CUST0728,Aditya Yadav,Chennai,Tamil Nadu,Mouse,Accessories,3,27901,10,83703,18051.69,2025-02-07
ORD02651,CUST0073,Aditya Sharma,Delhi,Delhi,Keyboard,Accessories,3,22462,0,67386,19205.11,2025-04-02
ORD02652,CUST0672,Shivani Yadav,Mumbai,Maharashtra,Mouse,Accessories,2,22657,15,45314,11637.67,2025-11-30
ORD02653,CUST0178,Meera Singh,Mumbai,Maharashtra,Keyboard,Accessories,3,33682,10,101046,11394.47,2025-02-20
ORD02654,CUST0338,Aarav Kumar,Chennai,Tamil Nadu,Keyboard,Accessories,1,39695,5,39695,9244.57,2025-11-16
ORD02655,CUST0711,Sai Singh,Delhi,Delhi,Tablet,Electronics,5,23024,0,115120,24568.04,2025-02-06
ORD02656,CUST0177,Priya Verma,Kolkata,West Bengal,Headphones,Accessories,2,10550,5,21100,5672.91,2025-09-09
ORD02657,CUST0302,Sneha Yadav,Pune,Maharashtra,Printer,Office,2,41477,0,82954,14617.12,2025-06-08
ORD02658,CUST0667,Diya Yadav,Delhi,Delhi,Printer,Office,4,31265,0,125060,10902.16,2025-11-28
ORD02659,CUST0993,Sneha Patel,Delhi,Delhi,Webcam,Accessories,3,10116,20,30348,8213.4,2025-08-17
ORD02660,CUST0052,Vihaan Jogi,Mumbai,Maharashtra,Webcam,Accessories,3,42976,5,128928,16876.4,2025-12-31
ORD02661,CUST0956,Priya Singh,Delhi,Delhi,Mouse,Accessories,5,49297,10,246485,61123.04,2025-05-14
ORD02662,CUST0055,Meera Reddy,Hyderabad,Telangana,USB Cable,Accessories,5,43601,20,218005,32672.96,2025-10-05
ORD02663,CUST0823,Meera Kumar,Chennai,Tamil Nadu,Speaker,Electronics,5,47596,10,237980,29806.15,2025-07-28
ORD02664,CUST0052,Vihaan Jogi,Mumbai,Maharashtra,Tablet,Electronics,3,34820,20,104460,30304.93,2025-02-25
ORD02665,CUST0214,Vivaan Singh,Bangalore,Karnataka,Printer,Office,3,49477,20,148431,38937.08,2025-07-22
ORD02666,CUST0362,Shivani Gupta,Bangalore,Karnataka,Mouse,Accessories,4,11838,10,47352,12587.69,2025-12-06
ORD02667,CUST0022,Ananya Jogi,Delhi,Delhi,Keyboard,Accessories,3,18934,0,56802,11706.01,2025-11-17
ORD02668,CUST0027,Ananya Yadav,Delhi,Delhi,Headphones,Accessories,4,42573,10,170292,50005.07,2025-12-09
ORD02669,CUST0920,Rohan Kumar,Hyderabad,Telangana,Keyboard,Accessories,2,6199,15,12398,3210.16,2025-06-13
ORD02670,CUST0417,Rohan Reddy,Bangalore,Karnataka,Monitor,Electronics,5,25405,10,127025,26991.72,2025-03-17
ORD02671,CUST0336,Aditya Naidu,Chennai,Tamil Nadu,Laptop,Electronics,2,2899,0,5798,1309.0,2025-07-07
ORD02672,CUST0764,Meera Kumar,Bangalore,Karnataka,USB Cable,Accessories,1,5409,20,5409,1058.37,2025-01-05
ORD02673,CUST0782,Kiran Yadav,Ahmedabad,Gujarat,Webcam,Accessories,4,10380,10,41520,10677.08,2025-12-27
ORD02674,CUST0570,Shivani Verma,Chennai,Tamil Nadu,Monitor,Electronics,4,25102,10,100408,9422.93,2025-10-06
ORD02675,CUST0196,Ananya Sharma,Pune,Maharashtra,Keyboard,Accessories,3,46878,10,140634,22919.93,2025-03-02
ORD02676,CUST0734,Shivani Yadav,Chennai,Tamil Nadu,Webcam,Accessories,2,11920,15,23840,6703.82,2025-04-18
ORD02677,CUST0575,Rahul Patel,Bangalore,Karnataka,Laptop,Electronics,5,36989,10,184945,18143.04,2025-09-12
ORD02678,CUST0694,Aditya Jogi,Ahmedabad,Gujarat,Laptop,Electronics,2,43646,0,87292,24162.47,2025-10-29
ORD02679,CUST0412,Kiran Verma,Ahmedabad,Gujarat,Printer,Office,3,22985,0,68955,17707.8,2025-06-20
ORD02680,CUST0438,Meera Jogi,Chennai,Tamil Nadu,Webcam,Accessories,4,3119,20,12476,2178.24,2025-01-19
ORD02681,CUST0072,Rahul Naidu,Chennai,Tamil Nadu,Tablet,Electronics,3,19077,20,57231,15426.91,2025-08-03
ORD02682,CUST0457,Sai Patel,Delhi,Delhi,Speaker,Electronics,2,32354,15,64708,8323.42,2025-02-18
ORD02683,CUST0394,Rohan Reddy,Kolkata,West Bengal,Monitor,Electronics,3,835,0,2505,295.78,2025-08-30
ORD02684,CUST0930,Sai Gupta,Mumbai,Maharashtra,Laptop,Electronics,4,14056,10,56224,13354.59,2025-11-20
ORD02685,CUST0382,Ananya Patel,Pune,Maharashtra,Printer,Office,3,19338,0,58014,14116.16,2025-07-02
ORD02686,CUST0843,Rahul Verma,Bangalore,Karnataka,Keyboard,Accessories,2,22924,0,45848,4717.35,2025-11-28
ORD02687,CUST0511,Sai Naidu,Pune,Maharashtra,Tablet,Electronics,2,28682,20,57364,5156.4,2025-03-16
ORD02688,CUST0750,Meera Sharma,Mumbai,Maharashtra,Webcam,Accessories,5,15651,5,78255,17546.55,2025-10-25
ORD02689,CUST0859,Vivaan Reddy,Delhi,Delhi,Webcam,Accessories,2,42276,0,84552,17976.63,2025-10-11
ORD02690,CUST0726,Sneha Singh,Mumbai,Maharashtra,Headphones,Accessories,2,14839,10,29678,7563.25,2025-01-12
ORD02691,CUST0876,Meera Sharma,Ahmedabad,Gujarat,Headphones,Accessories,5,36286,20,181430,21559.8,2025-02-26
ORD02692,CUST0524,Priya Yadav,Hyderabad,Telangana,Printer,Office,4,45011,20,180044,18810.31,2025-04-08
ORD02693,CUST0090,Sai Patel,Kolkata,West Bengal,Tablet,Electronics,5,23941,15,119705,22920.5,2025-01-22
ORD02694,CUST0486,Aarav Reddy,Hyderabad,Telangana,Printer,Office,1,49996,0,49996,11309.32,2025-04-11
ORD02695,CUST0396,Rohan Gupta,Hyderabad,Telangana,Tablet,Electronics,2,4769,5,9538,2034.28,2025-06-08
ORD02696,CUST0309,Vivaan Patel,Kolkata,West Bengal,Monitor,Electronics,3,27801,10,83403,12158.57,2025-05-01
ORD02697,CUST0027,Ananya Yadav,Delhi,Delhi,Tablet,Electronics,3,25472,20,76416,10160.98,2025-04-13
ORD02698,CUST0501,Vivaan Sharma,Pune,Maharashtra,Monitor,Electronics,3,31570,5,94710,27198.6,2025-10-06
ORD02699,CUST0033,Priya Naidu,Kolkata,West Bengal,Monitor,Electronics,3,42418,5,127254,24631.94,2025-01-07
ORD02700,CUST0203,Vihaan Patel,Kolkata,West Bengal,Laptop,Electronics,2,11847,15,23694,4576.79,2025-03-31
ORD02701,CUST0567,Rohan Kumar,Kolkata,West Bengal,Printer,Office,4,45257,20,181028,20516.43,2025-07-20
ORD02702,CUST0183,Rohan Singh,Pune,Maharashtra,Mouse,Accessories,3,43442,5,130326,31643.31,2025-02-03
ORD02703,CUST0238,Priya Gupta,Ahmedabad,Gujarat,Headphones,Accessories,5,2063,0,10315,1541.41,2025-08-06
ORD02704,CUST0614,Vihaan Gupta,Hyderabad,Telangana,Printer,Office,4,28345,10,113380,9481.03,2025-12-21
ORD02705,CUST0112,Priya Singh,Chennai,Tamil Nadu,Tablet,Electronics,2,20802,0,41604,3727.62,2025-01-08
ORD02706,CUST0114,Priya Patel,Ahmedabad,Gujarat,Printer,Office,2,8201,15,16402,4499.93,2025-11-14
ORD02707,CUST0429,Aditya Naidu,Chennai,Tamil Nadu,Tablet,Electronics,1,7038,15,7038,959.92,2025-08-10
ORD02708,CUST0130,Sai Reddy,Hyderabad,Telangana,Laptop,Electronics,1,4156,20,4156,708.37,2025-07-01
ORD02709,CUST0761,Ananya Patel,Chennai,Tamil Nadu,USB Cable,Accessories,3,44696,20,134088,36971.96,2025-06-07
ORD02710,CUST0348,Diya Yadav,Delhi,Delhi,Tablet,Electronics,3,39420,15,118260,18194.01,2025-09-28
ORD02711,CUST0160,Sneha Verma,Kolkata,West Bengal,Tablet,Electronics,2,41692,0,83384,11925.41,2025-08-06
ORD02712,CUST0590,Aditya Gupta,Kolkata,West Bengal,Keyboard,Accessories,5,19483,20,97415,14598.42,2025-09-12
ORD02713,CUST0477,Rahul Gupta,Ahmedabad,Gujarat,Headphones,Accessories,5,8611,0,43055,9978.54,2025-02-13
ORD02714,CUST0789,Vivaan Jogi,Chennai,Tamil Nadu,Keyboard,Accessories,1,13166,10,13166,2117.24,2025-08-26
ORD02715,CUST0753,Rahul Patel,Kolkata,West Bengal,Speaker,Electronics,2,25784,0,51568,11034.24,2025-06-11
ORD02716,CUST0840,Vihaan Verma,Delhi,Delhi,Webcam,Accessories,4,1077,15,4308,522.08,2025-09-21
ORD02717,CUST0756,Kiran Patel,Pune,Maharashtra,Mouse,Accessories,2,44871,10,89742,11785.77,2025-07-27
ORD02718,CUST0996,Arjun Verma,Chennai,Tamil Nadu,Monitor,Electronics,5,11668,10,58340,8368.73,2025-09-18
ORD02719,CUST0403,Priya Verma,Chennai,Tamil Nadu,Keyboard,Accessories,1,11135,0,11135,3208.06,2025-10-30
ORD02720,CUST0746,Ananya Yadav,Hyderabad,Telangana,Webcam,Accessories,4,29080,0,116320,12596.95,2025-02-18
ORD02721,CUST0954,Arjun Jogi,Delhi,Delhi,USB Cable,Accessories,4,21553,15,86212,23090.14,2025-08-04
ORD02722,CUST0800,Aarav Reddy,Bangalore,Karnataka,Tablet,Electronics,4,23173,10,92692,18968.31,2025-02-06
ORD02723,CUST0384,Priya Jogi,Bangalore,Karnataka,Headphones,Accessories,3,30372,0,91116,16904.98,2025-01-14
ORD02724,CUST0810,Ananya Yadav,Delhi,Delhi,Laptop,Electronics,3,32288,15,96864,10781.38,2025-01-15
ORD02725,CUST0252,Vihaan Singh,Chennai,Tamil Nadu,Laptop,Electronics,4,29196,15,116784,10165.01,2025-03-11
ORD02726,CUST0266,Kiran Patel,Pune,Maharashtra,Mouse,Accessories,3,43484,15,130452,25810.42,2025-05-18
ORD02727,CUST0365,Sneha Reddy,Delhi,Delhi,Speaker,Electronics,2,47218,0,94436,25417.34,2025-04-07
ORD02728,CUST0694,Aditya Jogi,Ahmedabad,Gujarat,Keyboard,Accessories,1,34652,0,34652,5312.14,2025-08-11
ORD02729,CUST0431,Ananya Verma,Hyderabad,Telangana,Tablet,Electronics,2,41950,0,83900,8428.62,2025-02-09
ORD02730,CUST0710,Meera Yadav,Hyderabad,Telangana,Webcam,Accessories,5,29325,20,146625,36716.11,2025-09-21
ORD02731,CUST0987,Rohan Naidu,Chennai,Tamil Nadu,Mouse,Accessories,2,25267,0,50534,7759.04,2025-11-17
ORD02732,CUST0003,Kiran Verma,Ahmedabad,Gujarat,Printer,Office,3,10534,20,31602,3145.52,2025-12-27
ORD02733,CUST0008,Sneha Gupta,Ahmedabad,Gujarat,Tablet,Electronics,5,17817,0,89085,23343.48,2025-03-26
ORD02734,CUST0199,Sai Yadav,Kolkata,West Bengal,Keyboard,Accessories,3,6920,0,20760,3919.79,2025-05-14
ORD02735,CUST0888,Rohan Singh,Bangalore,Karnataka,Tablet,Electronics,2,14828,20,29656,4713.12,2025-05-02
ORD02736,CUST0344,Sneha Reddy,Ahmedabad,Gujarat,Printer,Office,4,40514,0,162056,27466.14,2025-09-20
ORD02737,CUST0325,Meera Singh,Hyderabad,Telangana,Headphones,Accessories,3,14761,20,44283,5513.0,2025-12-14
ORD02738,CUST0551,Sneha Patel,Kolkata,West Bengal,Mouse,Accessories,5,20834,5,104170,9692.27,2025-12-20
ORD02739,CUST0473,Priya Yadav,Delhi,Delhi,Mouse,Accessories,5,37955,10,189775,23776.56,2025-05-03
ORD02740,CUST0254,Aditya Kumar,Chennai,Tamil Nadu,Headphones,Accessories,4,39846,0,159384,39249.41,2025-10-29
ORD02741,CUST0132,Arjun Kumar,Delhi,Delhi,Mouse,Accessories,2,19655,0,39310,7724.28,2025-03-15
ORD02742,CUST0397,Aditya Verma,Kolkata,West Bengal,Webcam,Accessories,1,43558,5,43558,8007.66,2025-02-19
ORD02743,CUST0996,Arjun Verma,Chennai,Tamil Nadu,Tablet,Electronics,1,23424,20,23424,4205.75,2025-04-22
ORD02744,CUST0335,Rahul Jogi,Ahmedabad,Gujarat,Monitor,Electronics,5,44116,20,220580,48216.27,2025-12-09
ORD02745,CUST0839,Kiran Naidu,Pune,Maharashtra,Mouse,Accessories,4,29016,0,116064,21114.27,2025-11-28
ORD02746,CUST0344,Sneha Reddy,Ahmedabad,Gujarat,Laptop,Electronics,2,11354,15,22708,4893.85,2025-07-23
ORD02747,CUST0511,Sai Naidu,Pune,Maharashtra,Keyboard,Accessories,5,754,0,3770,384.11,2025-03-11
ORD02748,CUST0093,Rohan Verma,Mumbai,Maharashtra,Webcam,Accessories,1,3603,0,3603,347.22,2025-06-17
ORD02749,CUST0813,Arjun Verma,Kolkata,West Bengal,Tablet,Electronics,4,16393,15,65572,18169.7,2025-01-03
ORD02750,CUST0814,Rohan Gupta,Kolkata,West Bengal,USB Cable,Accessories,3,29595,20,88785,15375.96,2025-04-30
ORD02751,CUST0014,Sneha Reddy,Mumbai,Maharashtra,Speaker,Electronics,3,48027,20,144081,27025.17,2025-10-20
ORD02752,CUST0874,Vihaan Singh,Ahmedabad,Gujarat,Headphones,Accessories,2,14276,5,28552,3799.0,2025-05-25
ORD02753,CUST0210,Diya Sharma,Mumbai,Maharashtra,Headphones,Accessories,5,11924,15,59620,13822.96,2025-05-04
ORD02754,CUST0327,Priya Sharma,Pune,Maharashtra,Printer,Office,5,27277,15,136385,33676.25,2025-06-03
ORD02755,CUST0407,Rohan Sharma,Kolkata,West Bengal,Keyboard,Accessories,3,34859,20,104577,15951.62,2025-11-26
ORD02756,CUST0403,Priya Verma,Chennai,Tamil Nadu,Laptop,Electronics,2,23860,10,47720,5784.83,2025-11-27
ORD02757,CUST0686,Priya Kumar,Bangalore,Karnataka,Keyboard,Accessories,2,19582,15,39164,9517.2,2025-12-14
ORD02758,CUST0890,Vivaan Gupta,Mumbai,Maharashtra,Laptop,Electronics,5,9004,5,45020,6388.47,2025-01-17
ORD02759,CUST0922,Aarav Sharma,Ahmedabad,Gujarat,Webcam,Accessories,2,49198,5,98396,15520.88,2025-06-30
ORD02760,CUST0882,Aditya Sharma,Mumbai,Maharashtra,Speaker,Electronics,3,44857,10,134571,13009.06,2025-03-22
ORD02761,CUST0243,Arjun Yadav,Hyderabad,Telangana,Laptop,Electronics,2,17037,10,34074,6468.83,2025-07-07
ORD02762,CUST0076,Rahul Gupta,Bangalore,Karnataka,USB Cable,Accessories,1,43992,20,43992,6318.61,2025-10-25
ORD02763,CUST0307,Rohan Jogi,Mumbai,Maharashtra,Tablet,Electronics,1,26489,15,26489,2795.54,2025-01-16
ORD02764,CUST0231,Rahul Sharma,Bangalore,Karnataka,Tablet,Electronics,5,10935,0,54675,10035.92,2025-05-13
ORD02765,CUST0883,Priya Gupta,Kolkata,West Bengal,Headphones,Accessories,3,24658,10,73974,11723.2,2025-08-07
ORD02766,CUST0769,Priya Reddy,Kolkata,West Bengal,Printer,Office,5,9265,5,46325,10696.26,2025-02-03
ORD02767,CUST0440,Aarav Reddy,Pune,Maharashtra,USB Cable,Accessories,2,4507,15,9014,2591.17,2025-04-06
ORD02768,CUST0171,Rahul Naidu,Hyderabad,Telangana,Keyboard,Accessories,3,2922,10,8766,1012.17,2025-04-19
ORD02769,CUST0317,Diya Patel,Bangalore,Karnataka,USB Cable,Accessories,3,4613,20,13839,3932.7,2025-11-02
ORD02770,CUST0572,Priya Verma,Mumbai,Maharashtra,Keyboard,Accessories,1,41002,5,41002,5839.79,2025-08-07
ORD02771,CUST0548,Priya Gupta,Kolkata,West Bengal,Speaker,Electronics,5,38203,15,191015,36793.26,2025-04-07
ORD02772,CUST0566,Priya Yadav,Ahmedabad,Gujarat,Webcam,Accessories,3,44102,15,132306,33460.39,2025-02-07
ORD02773,CUST0383,Aditya Yadav,Kolkata,West Bengal,Laptop,Electronics,1,37756,20,37756,4894.21,2025-10-14
ORD02774,CUST0209,Aditya Jogi,Mumbai,Maharashtra,USB Cable,Accessories,4,2804,20,11216,2243.71,2025-07-23
ORD02775,CUST0918,Rohan Kumar,Bangalore,Karnataka,Monitor,Electronics,1,29457,15,29457,3376.52,2025-06-03
ORD02776,CUST0453,Ananya Gupta,Kolkata,West Bengal,Monitor,Electronics,2,31434,15,62868,14655.09,2025-12-23
ORD02777,CUST0138,Kiran Yadav,Bangalore,Karnataka,Headphones,Accessories,5,27206,15,136030,21353.06,2025-07-23
ORD02778,CUST0753,Rahul Patel,Kolkata,West Bengal,Mouse,Accessories,5,45160,15,225800,48542.58,2025-08-02
ORD02779,CUST0028,Ananya Sharma,Ahmedabad,Gujarat,Mouse,Accessories,4,2537,10,10148,2533.73,2025-08-05
ORD02780,CUST0303,Meera Naidu,Kolkata,West Bengal,Headphones,Accessories,4,22289,0,89156,17850.83,2025-01-01
ORD02781,CUST0899,Shivani Naidu,Chennai,Tamil Nadu,Laptop,Electronics,2,27750,20,55500,12065.32,2025-04-06
ORD02782,CUST0886,Arjun Kumar,Mumbai,Maharashtra,Speaker,Electronics,5,7726,15,38630,4564.86,2025-04-14
ORD02783,CUST0433,Rohan Naidu,Delhi,Delhi,Webcam,Accessories,5,42322,20,211610,31798.69,2025-09-29
ORD02784,CUST0127,Aarav Sharma,Ahmedabad,Gujarat,USB Cable,Accessories,5,16868,20,84340,6837.71,2025-02-19
ORD02785,CUST0610,Aditya Yadav,Bangalore,Karnataka,Printer,Office,1,41885,0,41885,6112.57,2025-03-28
ORD02786,CUST0983,Rahul Reddy,Pune,Maharashtra,Laptop,Electronics,4,27150,5,108600,11176.19,2025-08-06
ORD02787,CUST0471,Sneha Kumar,Hyderabad,Telangana,Laptop,Electronics,3,43161,5,129483,33473.05,2025-12-07
ORD02788,CUST0118,Kiran Kumar,Pune,Maharashtra,Tablet,Electronics,5,23964,20,119820,13724.86,2025-11-27
ORD02789,CUST0779,Ananya Kumar,Delhi,Delhi,Webcam,Accessories,3,14244,0,42732,3796.16,2025-12-14
ORD02790,CUST0634,Diya Jogi,Kolkata,West Bengal,Speaker,Electronics,3,6117,20,18351,3720.59,2025-05-08
ORD02791,CUST0012,Sneha Naidu,Delhi,Delhi,Headphones,Accessories,1,21398,5,21398,5340.97,2025-02-24
ORD02792,CUST0154,Vivaan Jogi,Mumbai,Maharashtra,Laptop,Electronics,5,43149,0,215745,62157.47,2025-04-01
ORD02793,CUST0492,Rohan Patel,Mumbai,Maharashtra,Keyboard,Accessories,3,28488,20,85464,21933.51,2025-04-13
ORD02794,CUST0025,Shivani Verma,Chennai,Tamil Nadu,Monitor,Electronics,5,13154,15,65770,11195.74,2025-08-01
ORD02795,CUST0793,Ananya Singh,Ahmedabad,Gujarat,USB Cable,Accessories,2,3467,5,6934,761.57,2025-12-20
ORD02796,CUST0333,Meera Yadav,Bangalore,Karnataka,Headphones,Accessories,4,47551,10,190204,25471.62,2025-12-28
ORD02797,CUST0611,Vihaan Reddy,Hyderabad,Telangana,USB Cable,Accessories,4,25867,5,103468,19558.52,2025-07-26
ORD02798,CUST0413,Shivani Kumar,Ahmedabad,Gujarat,Monitor,Electronics,4,41520,0,166080,13616.02,2025-03-28
ORD02799,CUST0831,Rahul Reddy,Chennai,Tamil Nadu,Webcam,Accessories,5,23019,0,115095,9548.27,2025-05-16
ORD02800,CUST0008,Sneha Gupta,Ahmedabad,Gujarat,Tablet,Electronics,1,13935,20,13935,1338.22,2025-04-21
ORD02801,CUST0644,Rahul Gupta,Mumbai,Maharashtra,Keyboard,Accessories,3,44891,15,134673,10780.18,2025-06-13
ORD02802,CUST0908,Ananya Patel,Delhi,Delhi,Mouse,Accessories,2,5248,0,10496,1183.86,2025-08-21
ORD02803,CUST0223,Sai Reddy,Kolkata,West Bengal,Laptop,Electronics,5,17653,5,88265,18596.26,2025-11-21
ORD02804,CUST0143,Arjun Sharma,Delhi,Delhi,Laptop,Electronics,1,24581,20,24581,4842.97,2025-03-26
ORD02805,CUST0452,Rahul Reddy,Delhi,Delhi,Headphones,Accessories,1,30943,10,30943,4893.59,2025-01-30
ORD02806,CUST0010,Aarav Reddy,Delhi,Delhi,Mouse,Accessories,5,31303,20,156515,24930.34,2025-08-08
ORD02807,CUST0587,Vivaan Yadav,Mumbai,Maharashtra,Webcam,Accessories,2,27606,10,55212,11965.67,2025-10-13
ORD02808,CUST0935,Vivaan Sharma,Ahmedabad,Gujarat,Keyboard,Accessories,4,44774,0,179096,40824.52,2025-09-18
ORD02809,CUST0681,Priya Singh,Delhi,Delhi,Printer,Office,4,2791,10,11164,1275.78,2025-02-03
ORD02810,CUST0551,Sneha Patel,Kolkata,West Bengal,USB Cable,Accessories,4,26503,10,106012,26006.83,2025-03-02
ORD02811,CUST0683,Kiran Sharma,Delhi,Delhi,USB Cable,Accessories,5,29780,10,148900,29637.76,2025-05-18
ORD02812,CUST0895,Shivani Reddy,Bangalore,Karnataka,Webcam,Accessories,5,49469,0,247345,71237.98,2025-02-11
ORD02813,CUST0414,Diya Reddy,Kolkata,West Bengal,Tablet,Electronics,2,45486,0,90972,26930.29,2025-11-26
ORD02814,CUST0154,Vivaan Jogi,Mumbai,Maharashtra,Tablet,Electronics,5,31083,20,155415,43795.64,2025-10-31
ORD02815,CUST0356,Shivani Yadav,Delhi,Delhi,Tablet,Electronics,1,42213,5,42213,11710.67,2025-08-27
ORD02816,CUST0799,Ananya Sharma,Pune,Maharashtra,Tablet,Electronics,4,728,0,2912,356.25,2025-06-19
ORD02817,CUST0211,Ananya Verma,Delhi,Delhi,Speaker,Electronics,1,40799,5,40799,6565.11,2025-02-12
ORD02818,CUST0016,Arjun Yadav,Ahmedabad,Gujarat,Speaker,Electronics,3,27557,0,82671,9683.82,2025-08-05
ORD02819,CUST0504,Priya Singh,Mumbai,Maharashtra,Webcam,Accessories,1,37369,20,37369,8244.46,2025-01-22
ORD02820,CUST0802,Kiran Naidu,Hyderabad,Telangana,Printer,Office,2,37079,0,74158,22208.54,2025-11-27
ORD02821,CUST0550,Rahul Sharma,Chennai,Tamil Nadu,Mouse,Accessories,4,38368,15,153472,26345.21,2025-07-10
ORD02822,CUST0042,Shivani Sharma,Bangalore,Karnataka,Laptop,Electronics,2,46538,15,93076,17106.54,2025-05-07
ORD02823,CUST0060,Aarav Patel,Delhi,Delhi,Speaker,Electronics,3,40187,10,120561,12952.36,2025-06-01
ORD02824,CUST0429,Aditya Naidu,Chennai,Tamil Nadu,Mouse,Accessories,1,28331,15,28331,4030.76,2025-03-05
ORD02825,CUST0087,Diya Patel,Chennai,Tamil Nadu,Mouse,Accessories,4,25099,20,100396,9731.95,2025-03-08
ORD02826,CUST0509,Vivaan Naidu,Chennai,Tamil Nadu,Webcam,Accessories,4,43812,10,175248,47909.69,2025-08-14
ORD02827,CUST0289,Sai Gupta,Bangalore,Karnataka,Webcam,Accessories,1,5956,20,5956,1408.33,2025-01-04
ORD02828,CUST0361,Arjun Kumar,Hyderabad,Telangana,Printer,Office,1,43235,20,43235,3906.93,2025-10-14
ORD02829,CUST0151,Ananya Reddy,Kolkata,West Bengal,Webcam,Accessories,5,5211,0,26055,6754.51,2025-10-14
ORD02830,CUST0738,Priya Sharma,Kolkata,West Bengal,Speaker,Electronics,2,21491,10,42982,10531.81,2025-06-01
ORD02831,CUST0458,Meera Gupta,Pune,Maharashtra,Printer,Office,5,43930,10,219650,53264.31,2025-08-19
ORD02832,CUST0119,Rahul Naidu,Chennai,Tamil Nadu,USB Cable,Accessories,1,31842,10,31842,3034.89,2025-08-18
ORD02833,CUST0870,Aarav Patel,Chennai,Tamil Nadu,Webcam,Accessories,4,35007,10,140028,16014.99,2025-09-24
ORD02834,CUST0348,Diya Yadav,Delhi,Delhi,Speaker,Electronics,3,4317,5,12951,2071.8,2025-09-09
ORD02835,CUST0543,Priya Kumar,Ahmedabad,Gujarat,Keyboard,Accessories,5,38654,0,193270,24877.82,2025-08-09
ORD02836,CUST0901,Kiran Kumar,Hyderabad,Telangana,Keyboard,Accessories,1,7575,10,7575,1644.47,2025-10-05
ORD02837,CUST0875,Shivani Patel,Bangalore,Karnataka,Keyboard,Accessories,4,35597,10,142388,20952.34,2025-01-22
ORD02838,CUST0784,Aditya Gupta,Pune,Maharashtra,Speaker,Electronics,5,34559,20,172795,41993.98,2025-12-21
ORD02839,CUST0388,Rohan Naidu,Mumbai,Maharashtra,Mouse,Accessories,2,29778,5,59556,12833.23,2025-02-08
ORD02840,CUST0304,Vivaan Patel,Bangalore,Karnataka,Laptop,Electronics,3,38735,10,116205,11084.48,2025-09-19
ORD02841,CUST0734,Shivani Yadav,Chennai,Tamil Nadu,Monitor,Electronics,2,48278,10,96556,9579.45,2025-05-05
ORD02842,CUST0988,Meera Sharma,Mumbai,Maharashtra,Webcam,Accessories,3,10138,0,30414,6658.85,2025-09-04
ORD02843,CUST0738,Priya Sharma,Kolkata,West Bengal,Monitor,Electronics,4,43966,5,175864,28362.02,2025-10-08
ORD02844,CUST0208,Diya Yadav,Bangalore,Karnataka,Speaker,Electronics,5,48759,15,243795,33024.62,2025-07-02
ORD02845,CUST0494,Meera Gupta,Mumbai,Maharashtra,Printer,Office,2,10716,0,21432,2608.67,2025-10-09
ORD02846,CUST0784,Aditya Gupta,Pune,Maharashtra,Speaker,Electronics,3,3317,0,9951,1123.42,2025-03-29
ORD02847,CUST0418,Priya Sharma,Bangalore,Karnataka,Tablet,Electronics,1,41629,0,41629,12179.76,2025-09-20
ORD02848,CUST0548,Priya Gupta,Kolkata,West Bengal,Monitor,Electronics,2,9466,5,18932,2697.1,2025-04-02
ORD02849,CUST0595,Sai Naidu,Chennai,Tamil Nadu,Printer,Office,5,37318,15,186590,46493.41,2025-10-10
ORD02850,CUST0678,Sai Singh,Bangalore,Karnataka,Webcam,Accessories,5,37302,20,186510,19889.93,2025-10-23
ORD02851,CUST0895,Shivani Reddy,Bangalore,Karnataka,Keyboard,Accessories,4,48781,5,195124,18312.28,2025-11-18
ORD02852,CUST0822,Rohan Singh,Kolkata,West Bengal,Laptop,Electronics,1,25117,10,25117,6227.06,2025-10-21
ORD02853,CUST0628,Sai Kumar,Pune,Maharashtra,Laptop,Electronics,1,10052,20,10052,1002.89,2025-07-03
ORD02854,CUST0918,Rohan Kumar,Bangalore,Karnataka,Printer,Office,4,28963,0,115852,30363.83,2025-07-12
ORD02855,CUST0111,Rahul Singh,Mumbai,Maharashtra,Tablet,Electronics,1,5744,0,5744,667.07,2025-02-20
ORD02856,CUST0283,Sai Gupta,Delhi,Delhi,Laptop,Electronics,4,46668,10,186672,46069.85,2025-09-10
ORD02857,CUST0188,Diya Singh,Delhi,Delhi,Tablet,Electronics,3,41050,20,123150,19044.66,2025-03-17
ORD02858,CUST0455,Ananya Jogi,Chennai,Tamil Nadu,USB Cable,Accessories,4,20193,20,80772,16516.69,2025-09-19
ORD02859,CUST0808,Rohan Yadav,Kolkata,West Bengal,Speaker,Electronics,4,37691,15,150764,12723.96,2025-10-19
ORD02860,CUST0019,Meera Verma,Bangalore,Karnataka,Keyboard,Accessories,5,22620,0,113100,31946.57,2025-08-01
ORD02861,CUST0446,Rohan Gupta,Chennai,Tamil Nadu,Monitor,Electronics,4,48427,15,193708,51224.41,2025-02-24
ORD02862,CUST0117,Sai Naidu,Hyderabad,Telangana,Monitor,Electronics,5,15825,20,79125,14915.46,2025-02-12
ORD02863,CUST0686,Priya Kumar,Bangalore,Karnataka,Webcam,Accessories,5,47360,0,236800,65703.0,2025-05-18
ORD02864,CUST0096,Kiran Kumar,Delhi,Delhi,Tablet,Electronics,4,24179,5,96716,23828.8,2025-10-03
ORD02865,CUST0204,Kiran Sharma,Bangalore,Karnataka,Keyboard,Accessories,2,37693,5,75386,8999.32,2025-10-05
ORD02866,CUST0368,Kiran Verma,Hyderabad,Telangana,Keyboard,Accessories,5,47807,5,239035,48843.98,2025-07-10
ORD02867,CUST0545,Rahul Reddy,Chennai,Tamil Nadu,Mouse,Accessories,2,7695,15,15390,3508.22,2025-10-10
ORD02868,CUST0619,Arjun Gupta,Hyderabad,Telangana,Webcam,Accessories,3,1242,5,3726,866.2,2025-10-24
ORD02869,CUST0690,Sai Singh,Ahmedabad,Gujarat,Keyboard,Accessories,4,17425,15,69700,14370.78,2025-05-04
ORD02870,CUST0267,Ananya Reddy,Chennai,Tamil Nadu,Mouse,Accessories,4,21715,0,86860,10585.21,2025-07-09
ORD02871,CUST0708,Aarav Reddy,Kolkata,West Bengal,Monitor,Electronics,4,44308,20,177232,43099.77,2025-12-03
ORD02872,CUST0408,Arjun Singh,Chennai,Tamil Nadu,Monitor,Electronics,3,46545,20,139635,41706.15,2025-01-03
ORD02873,CUST0834,Vivaan Singh,Hyderabad,Telangana,USB Cable,Accessories,2,49091,15,98182,19226.5,2025-11-04
ORD02874,CUST0890,Vivaan Gupta,Mumbai,Maharashtra,Webcam,Accessories,2,36300,20,72600,14854.78,2025-11-28
ORD02875,CUST0943,Ananya Gupta,Kolkata,West Bengal,Speaker,Electronics,1,48647,10,48647,11058.36,2025-04-30
ORD02876,CUST0674,Diya Naidu,Delhi,Delhi,Monitor,Electronics,1,46572,5,46572,11227.28,2025-12-07
ORD02877,CUST0271,Aditya Singh,Kolkata,West Bengal,Keyboard,Accessories,2,47299,20,94598,16386.98,2025-02-22
ORD02878,CUST0788,Sai Yadav,Kolkata,West Bengal,Keyboard,Accessories,2,9117,5,18234,2784.34,2025-06-14
ORD02879,CUST0396,Rohan Gupta,Hyderabad,Telangana,Speaker,Electronics,5,38467,5,192335,53167.45,2025-09-21
ORD02880,CUST0458,Meera Gupta,Pune,Maharashtra,Headphones,Accessories,2,6938,5,13876,4143.64,2025-07-28
ORD02881,CUST0624,Aditya Jogi,Pune,Maharashtra,Keyboard,Accessories,2,38193,5,76386,10509.8,2025-05-16
ORD02882,CUST0778,Shivani Kumar,Kolkata,West Bengal,Mouse,Accessories,2,44996,0,89992,17995.16,2025-10-16
ORD02883,CUST0944,Arjun Naidu,Kolkata,West Bengal,Mouse,Accessories,5,30734,20,153670,29142.4,2025-09-10
ORD02884,CUST0168,Ananya Singh,Kolkata,West Bengal,Monitor,Electronics,1,40619,5,40619,5869.97,2025-04-21
ORD02885,CUST0884,Vivaan Patel,Ahmedabad,Gujarat,Laptop,Electronics,2,23919,0,47838,11024.0,2025-03-22
ORD02886,CUST0299,Rohan Patel,Delhi,Delhi,Tablet,Electronics,1,6568,15,6568,1436.92,2025-07-22
ORD02887,CUST0311,Arjun Yadav,Mumbai,Maharashtra,USB Cable,Accessories,1,42931,10,42931,10125.76,2025-07-23
ORD02888,CUST0406,Diya Naidu,Hyderabad,Telangana,USB Cable,Accessories,1,27123,5,27123,3086.5,2025-03-25
ORD02889,CUST0071,Arjun Verma,Kolkata,West Bengal,USB Cable,Accessories,2,17398,15,34796,6313.79,2025-05-20
ORD02890,CUST0631,Diya Sharma,Chennai,Tamil Nadu,Laptop,Electronics,3,49467,10,148401,31925.7,2025-11-28
ORD02891,CUST0740,Arjun Naidu,Bangalore,Karnataka,USB Cable,Accessories,2,8802,10,17604,2307.84,2025-02-22
ORD02892,CUST0529,Ananya Jogi,Mumbai,Maharashtra,Headphones,Accessories,2,6081,20,12162,1188.83,2025-05-14
ORD02893,CUST0522,Vihaan Verma,Pune,Maharashtra,Tablet,Electronics,4,10498,20,41992,3629.92,2025-08-27
ORD02894,CUST0578,Rahul Verma,Bangalore,Karnataka,Headphones,Accessories,3,43210,20,129630,32512.81,2025-07-13
ORD02895,CUST0695,Arjun Jogi,Kolkata,West Bengal,Tablet,Electronics,1,42716,0,42716,7933.1,2025-03-03
ORD02896,CUST0646,Shivani Reddy,Pune,Maharashtra,Mouse,Accessories,1,15259,0,15259,3911.33,2025-10-30
ORD02897,CUST0529,Ananya Jogi,Mumbai,Maharashtra,Headphones,Accessories,5,11439,0,57195,10094.52,2025-06-27
ORD02898,CUST0742,Sneha Reddy,Mumbai,Maharashtra,Monitor,Electronics,1,45043,20,45043,7105.21,2025-10-17
ORD02899,CUST0243,Arjun Yadav,Hyderabad,Telangana,Headphones,Accessories,1,14160,10,14160,1488.22,2025-06-25
ORD02900,CUST0416,Diya Sharma,Ahmedabad,Gujarat,Monitor,Electronics,2,1821,5,3642,561.28,2025-01-06
ORD02901,CUST0400,Shivani Naidu,Delhi,Delhi,USB Cable,Accessories,3,8869,10,26607,2319.49,2025-05-17
ORD02902,CUST0493,Diya Jogi,Chennai,Tamil Nadu,Webcam,Accessories,3,31645,0,94935,11614.77,2025-06-09
ORD02903,CUST0765,Meera Patel,Mumbai,Maharashtra,Keyboard,Accessories,5,12659,10,63295,13035.68,2025-10-27
ORD02904,CUST0909,Vivaan Kumar,Pune,Maharashtra,Mouse,Accessories,3,40535,20,121605,14243.13,2025-10-25
ORD02905,CUST0761,Ananya Patel,Chennai,Tamil Nadu,Tablet,Electronics,3,11260,5,33780,6036.9,2025-07-06
ORD02906,CUST0395,Aarav Reddy,Chennai,Tamil Nadu,Mouse,Accessories,2,11981,15,23962,4113.29,2025-03-03
ORD02907,CUST0458,Meera Gupta,Pune,Maharashtra,Tablet,Electronics,2,48636,0,97272,11630.02,2025-06-11
ORD02908,CUST0350,Rahul Reddy,Hyderabad,Telangana,Printer,Office,5,7295,10,36475,8289.04,2025-05-03
ORD02909,CUST0507,Rohan Yadav,Hyderabad,Telangana,Monitor,Electronics,1,31512,5,31512,6697.61,2025-07-14
ORD02910,CUST0831,Rahul Reddy,Chennai,Tamil Nadu,Mouse,Accessories,1,5671,20,5671,712.41,2025-07-03
ORD02911,CUST0893,Shivani Patel,Ahmedabad,Gujarat,Printer,Office,1,25993,0,25993,6795.44,2025-12-15
ORD02912,CUST0051,Aditya Gupta,Kolkata,West Bengal,Webcam,Accessories,1,7564,0,7564,1458.11,2025-12-26
ORD02913,CUST0925,Meera Verma,Ahmedabad,Gujarat,Laptop,Electronics,5,30050,10,150250,29975.58,2025-02-23
ORD02914,CUST0219,Meera Singh,Mumbai,Maharashtra,Printer,Office,3,23771,15,71313,14094.66,2025-02-03
ORD02915,CUST0024,Sneha Jogi,Delhi,Delhi,Monitor,Electronics,3,25530,0,76590,17722.84,2025-11-10
ORD02916,CUST0148,Meera Jogi,Kolkata,West Bengal,Headphones,Accessories,5,7525,10,37625,4601.38,2025-02-25
ORD02917,CUST0704,Shivani Reddy,Pune,Maharashtra,Printer,Office,1,43411,10,43411,9327.89,2025-08-17
ORD02918,CUST0094,Vivaan Yadav,Mumbai,Maharashtra,Speaker,Electronics,5,33498,0,167490,15933.32,2025-12-23
ORD02919,CUST0943,Ananya Gupta,Kolkata,West Bengal,Webcam,Accessories,3,38119,10,114357,10403.89,2025-09-26
ORD02920,CUST0510,Rahul Patel,Bangalore,Karnataka,Printer,Office,4,37442,20,149768,43491.94,2025-12-29
ORD02921,CUST0562,Arjun Reddy,Mumbai,Maharashtra,USB Cable,Accessories,4,13657,10,54628,10476.47,2025-02-21
ORD02922,CUST0783,Aditya Yadav,Ahmedabad,Gujarat,USB Cable,Accessories,2,11334,15,22668,4914.34,2025-10-19
ORD02923,CUST0849,Sneha Yadav,Bangalore,Karnataka,Laptop,Electronics,3,45073,15,135219,30926.16,2025-02-03
ORD02924,CUST0080,Aditya Sharma,Kolkata,West Bengal,USB Cable,Accessories,3,41154,20,123462,24830.26,2025-06-28
ORD02925,CUST0493,Diya Jogi,Chennai,Tamil Nadu,Tablet,Electronics,3,24901,10,74703,14902.06,2025-09-25
ORD02926,CUST0993,Sneha Patel,Delhi,Delhi,Mouse,Accessories,4,27597,5,110388,23126.34,2025-09-15
ORD02927,CUST0468,Vivaan Singh,Delhi,Delhi,Headphones,Accessories,1,20174,15,20174,5087.68,2025-10-22
ORD02928,CUST0978,Meera Reddy,Delhi,Delhi,Headphones,Accessories,2,36979,5,73958,9021.64,2025-09-19
ORD02929,CUST0076,Rahul Gupta,Bangalore,Karnataka,Headphones,Accessories,5,31966,5,159830,36547.64,2025-05-23
ORD02930,CUST0267,Ananya Reddy,Chennai,Tamil Nadu,Keyboard,Accessories,4,30656,10,122624,17173.19,2025-08-04
ORD02931,CUST0705,Aarav Singh,Bangalore,Karnataka,Keyboard,Accessories,5,34092,0,170460,34889.34,2025-10-04
ORD02932,CUST0109,Meera Reddy,Hyderabad,Telangana,Mouse,Accessories,1,37300,5,37300,5877.61,2025-08-19
ORD02933,CUST0967,Aditya Gupta,Kolkata,West Bengal,Tablet,Electronics,3,45986,10,137958,25291.82,2025-05-08
ORD02934,CUST0225,Vihaan Gupta,Mumbai,Maharashtra,Mouse,Accessories,2,32752,10,65504,14124.59,2025-03-03
ORD02935,CUST0023,Ananya Verma,Kolkata,West Bengal,Monitor,Electronics,2,29759,10,59518,14225.69,2025-03-22
ORD02936,CUST0040,Diya Yadav,Mumbai,Maharashtra,Mouse,Accessories,2,33883,0,67766,9192.02,2025-06-01
ORD02937,CUST0789,Vivaan Jogi,Chennai,Tamil Nadu,Speaker,Electronics,2,47857,15,95714,12852.36,2025-07-31
ORD02938,CUST0278,Shivani Patel,Chennai,Tamil Nadu,USB Cable,Accessories,4,6612,15,26448,3572.45,2025-10-06
ORD02939,CUST0415,Shivani Verma,Kolkata,West Bengal,Laptop,Electronics,2,36084,5,72168,9279.3,2025-07-25
ORD02940,CUST0562,Arjun Reddy,Mumbai,Maharashtra,Laptop,Electronics,1,41985,0,41985,5845.28,2025-09-10
ORD02941,CUST0705,Aarav Singh,Bangalore,Karnataka,Keyboard,Accessories,1,38235,15,38235,8233.41,2025-04-09
ORD02942,CUST0418,Priya Sharma,Bangalore,Karnataka,Tablet,Electronics,3,1912,5,5736,939.86,2025-06-01
ORD02943,CUST0919,Aarav Yadav,Delhi,Delhi,Keyboard,Accessories,5,48978,15,244890,73053.13,2025-06-07
ORD02944,CUST0528,Aarav Reddy,Kolkata,West Bengal,Mouse,Accessories,1,32347,5,32347,7709.01,2025-09-25
ORD02945,CUST0775,Vivaan Singh,Bangalore,Karnataka,Webcam,Accessories,4,39380,0,157520,42584.62,2025-09-04
ORD02946,CUST0347,Meera Gupta,Chennai,Tamil Nadu,Laptop,Electronics,2,7259,15,14518,4315.57,2025-01-13
ORD02947,CUST0497,Vihaan Gupta,Mumbai,Maharashtra,Speaker,Electronics,4,2887,10,11548,979.36,2025-01-09
ORD02948,CUST0628,Sai Kumar,Pune,Maharashtra,Mouse,Accessories,3,45048,0,135144,23902.91,2025-10-24
ORD02949,CUST0430,Kiran Patel,Bangalore,Karnataka,Monitor,Electronics,3,9271,0,27813,6435.41,2025-06-23
ORD02950,CUST0567,Rohan Kumar,Kolkata,West Bengal,Tablet,Electronics,3,31741,10,95223,8244.13,2025-06-14
ORD02951,CUST0474,Aarav Singh,Pune,Maharashtra,Mouse,Accessories,5,49003,5,245015,34165.84,2025-05-29
ORD02952,CUST0946,Shivani Sharma,Hyderabad,Telangana,Headphones,Accessories,1,12422,10,12422,2960.79,2025-10-06
ORD02953,CUST0441,Aarav Naidu,Mumbai,Maharashtra,USB Cable,Accessories,4,35080,0,140320,33084.93,2025-06-09
ORD02954,CUST0133,Vivaan Gupta,Chennai,Tamil Nadu,Speaker,Electronics,3,27448,15,82344,11881.91,2025-06-15
ORD02955,CUST0356,Shivani Yadav,Delhi,Delhi,Tablet,Electronics,1,39599,10,39599,10378.54,2025-12-22
ORD02956,CUST0616,Ananya Reddy,Delhi,Delhi,Laptop,Electronics,3,37949,10,113847,14433.85,2025-02-03
ORD02957,CUST0738,Priya Sharma,Kolkata,West Bengal,Keyboard,Accessories,1,17654,15,17654,1623.25,2025-05-06
ORD02958,CUST0592,Kiran Yadav,Chennai,Tamil Nadu,Webcam,Accessories,1,12825,0,12825,2367.47,2025-05-20
ORD02959,CUST0676,Rahul Reddy,Chennai,Tamil Nadu,Laptop,Electronics,2,19899,15,39798,6326.21,2025-02-20
ORD02960,CUST0177,Priya Verma,Kolkata,West Bengal,Keyboard,Accessories,4,39229,20,156916,14192.21,2025-01-17
ORD02961,CUST0960,Rohan Reddy,Ahmedabad,Gujarat,Tablet,Electronics,5,41638,10,208190,47379.93,2025-01-21
ORD02962,CUST0536,Shivani Sharma,Delhi,Delhi,Keyboard,Accessories,1,33650,20,33650,7924.46,2025-11-03
ORD02963,CUST0385,Rahul Yadav,Mumbai,Maharashtra,Speaker,Electronics,5,7706,0,38530,11236.07,2025-12-27
ORD02964,CUST0627,Sneha Sharma,Bangalore,Karnataka,Tablet,Electronics,2,34040,0,68080,18273.77,2025-10-17
ORD02965,CUST0729,Ananya Jogi,Hyderabad,Telangana,Webcam,Accessories,4,48951,15,195804,27202.36,2025-11-16
ORD02966,CUST0864,Shivani Verma,Chennai,Tamil Nadu,Keyboard,Accessories,4,47802,15,191208,39234.4,2025-08-29
ORD02967,CUST0320,Rohan Singh,Pune,Maharashtra,Printer,Office,4,18099,5,72396,12633.09,2025-09-16
ORD02968,CUST0335,Rahul Jogi,Ahmedabad,Gujarat,Printer,Office,1,26608,5,26608,4223.34,2025-10-05
ORD02969,CUST0421,Diya Singh,Pune,Maharashtra,Webcam,Accessories,1,12365,10,12365,2982.33,2025-12-12
ORD02970,CUST0588,Sneha Verma,Chennai,Tamil Nadu,Tablet,Electronics,4,11725,10,46900,9103.89,2025-01-03
ORD02971,CUST0172,Aditya Reddy,Bangalore,Karnataka,Tablet,Electronics,5,12389,10,61945,14385.92,2025-04-05
ORD02972,CUST0404,Diya Reddy,Delhi,Delhi,Tablet,Electronics,5,7270,20,36350,4313.57,2025-02-05
ORD02973,CUST0795,Rahul Yadav,Chennai,Tamil Nadu,Laptop,Electronics,1,15823,5,15823,1348.15,2025-01-25
ORD02974,CUST0195,Priya Jogi,Bangalore,Karnataka,USB Cable,Accessories,4,23347,5,93388,19517.6,2025-10-25
ORD02975,CUST0907,Priya Reddy,Kolkata,West Bengal,USB Cable,Accessories,4,4448,20,17792,4873.01,2025-12-30
ORD02976,CUST0713,Rahul Reddy,Ahmedabad,Gujarat,Mouse,Accessories,1,1569,0,1569,201.25,2025-02-07
ORD02977,CUST0831,Rahul Reddy,Chennai,Tamil Nadu,Monitor,Electronics,3,36557,5,109671,21905.55,2025-01-15
ORD02978,CUST0396,Rohan Gupta,Hyderabad,Telangana,Headphones,Accessories,5,41989,20,209945,56349.88,2025-07-05
ORD02979,CUST0105,Sai Gupta,Mumbai,Maharashtra,USB Cable,Accessories,2,12556,5,25112,2680.74,2025-03-27
ORD02980,CUST0362,Shivani Gupta,Bangalore,Karnataka,USB Cable,Accessories,3,16682,0,50046,9304.48,2025-10-17
ORD02981,CUST0676,Rahul Reddy,Chennai,Tamil Nadu,Mouse,Accessories,4,7587,20,30348,3523.23,2025-07-07
ORD02982,CUST0962,Kiran Gupta,Delhi,Delhi,Webcam,Accessories,4,7980,0,31920,6268.37,2025-07-13
ORD02983,CUST0360,Aditya Sharma,Chennai,Tamil Nadu,Keyboard,Accessories,1,49280,20,49280,10890.47,2025-03-10
ORD02984,CUST0174,Ananya Singh,Bangalore,Karnataka,USB Cable,Accessories,1,46980,0,46980,7534.94,2025-04-15
ORD02985,CUST0856,Kiran Kumar,Ahmedabad,Gujarat,Speaker,Electronics,4,25118,5,100472,27467.19,2025-04-06
ORD02986,CUST0178,Meera Singh,Mumbai,Maharashtra,Monitor,Electronics,2,3604,15,7208,1191.28,2025-01-05
ORD02987,CUST0822,Rohan Singh,Kolkata,West Bengal,Tablet,Electronics,3,30066,15,90198,18543.31,2025-03-02
ORD02988,CUST0994,Kiran Yadav,Bangalore,Karnataka,Printer,Office,5,23760,15,118800,13748.95,2025-02-20
ORD02989,CUST0573,Ananya Singh,Kolkata,West Bengal,Monitor,Electronics,1,19949,10,19949,1847.09,2025-12-16
ORD02990,CUST0856,Kiran Kumar,Ahmedabad,Gujarat,USB Cable,Accessories,1,17346,15,17346,2552.89,2025-10-23
ORD02991,CUST0275,Kiran Sharma,Kolkata,West Bengal,Headphones,Accessories,5,41359,15,206795,29221.78,2025-03-26
ORD02992,CUST0561,Aditya Naidu,Bangalore,Karnataka,Keyboard,Accessories,1,18418,5,18418,3816.3,2025-11-12
ORD02993,CUST0187,Sneha Naidu,Kolkata,West Bengal,Speaker,Electronics,3,30764,20,92292,14092.3,2025-08-30
ORD02994,CUST0446,Rohan Gupta,Chennai,Tamil Nadu,Keyboard,Accessories,3,30455,10,91365,25496.64,2025-12-10
ORD02995,CUST0130,Sai Reddy,Hyderabad,Telangana,USB Cable,Accessories,3,46612,0,139836,15697.39,2025-09-22
ORD02996,CUST0982,Meera Verma,Kolkata,West Bengal,Laptop,Electronics,5,34965,10,174825,27934.6,2025-04-18
ORD02997,CUST0775,Vivaan Singh,Bangalore,Karnataka,Laptop,Electronics,2,42273,10,84546,23043.98,2025-10-20
ORD02998,CUST0272,Arjun Gupta,Pune,Maharashtra,USB Cable,Accessories,5,46669,0,233345,29026.65,2025-04-25
ORD02999,CUST0379,Vihaan Patel,Delhi,Delhi,Mouse,Accessories,4,2577,5,10308,3078.02,2025-12-21
ORD03000,CUST0539,Kiran Singh,Mumbai,Maharashtra,Printer,Office,3,38470,0,115410,30076.59,2025-03-06
ORD03001,CUST0771,Sai Kumar,Chennai,Tamil Nadu,Keyboard,Accessories,3,33952,15,101856,18388.75,2025-05-25
ORD03002,CUST0442,Ananya Verma,Bangalore,Karnataka,Monitor,Electronics,1,8760,5,8760,1750.25,2025-05-16
ORD03003,CUST0744,Arjun Patel,Ahmedabad,Gujarat,Keyboard,Accessories,4,31292,10,125168,12585.02,2025-06-26
ORD03004,CUST0474,Aarav Singh,Pune,Maharashtra,Printer,Office,1,47842,20,47842,12663.25,2025-08-17
ORD03005,CUST0789,Vivaan Jogi,Chennai,Tamil Nadu,USB Cable,Accessories,5,34974,15,174870,19126.38,2025-12-29
ORD03006,CUST0411,Aditya Singh,Ahmedabad,Gujarat,USB Cable,Accessories,1,49382,15,49382,9532.57,2025-06-05
ORD03007,CUST0364,Sneha Yadav,Ahmedabad,Gujarat,Mouse,Accessories,3,21190,15,63570,9661.14,2025-03-14
ORD03008,CUST0039,Aditya Verma,Kolkata,West Bengal,Laptop,Electronics,2,46113,5,92226,17052.5,2025-08-14
ORD03009,CUST0023,Ananya Verma,Kolkata,West Bengal,Printer,Office,3,28251,15,84753,15055.23,2025-02-17
ORD03010,CUST0006,Rahul Jogi,Delhi,Delhi,USB Cable,Accessories,4,23275,5,93100,13960.05,2025-11-14
ORD03011,CUST0246,Sai Jogi,Delhi,Delhi,Monitor,Electronics,3,29832,15,89496,22259.15,2025-09-19
ORD03012,CUST0888,Rohan Singh,Bangalore,Karnataka,USB Cable,Accessories,2,27536,0,55072,10489.14,2025-02-09
ORD03013,CUST0056,Priya Sharma,Pune,Maharashtra,Keyboard,Accessories,1,38815,20,38815,7187.9,2025-02-01
ORD03014,CUST0138,Kiran Yadav,Bangalore,Karnataka,Tablet,Electronics,4,27341,15,109364,27599.78,2025-12-15
ORD03015,CUST0282,Shivani Reddy,Hyderabad,Telangana,Tablet,Electronics,4,1648,20,6592,1538.71,2025-10-31
ORD03016,CUST0793,Ananya Singh,Ahmedabad,Gujarat,Mouse,Accessories,4,27794,10,111176,32879.19,2025-05-03
ORD03017,CUST0090,Sai Patel,Kolkata,West Bengal,Tablet,Electronics,3,4452,0,13356,1071.79,2025-11-26
ORD03018,CUST0884,Vivaan Patel,Ahmedabad,Gujarat,USB Cable,Accessories,1,10889,20,10889,2571.83,2025-11-10
ORD03019,CUST0884,Vivaan Patel,Ahmedabad,Gujarat,Tablet,Electronics,1,21675,10,21675,2991.3,2025-05-14
ORD03020,CUST0416,Diya Sharma,Ahmedabad,Gujarat,Keyboard,Accessories,5,45731,20,228655,51858.69,2025-02-04
ORD03021,CUST0395,Aarav Reddy,Chennai,Tamil Nadu,USB Cable,Accessories,1,47076,0,47076,11797.06,2025-02-15
ORD03022,CUST0896,Arjun Jogi,Kolkata,West Bengal,Tablet,Electronics,2,30086,10,60172,15861.66,2025-05-25
ORD03023,CUST0973,Diya Kumar,Chennai,Tamil Nadu,Keyboard,Accessories,2,39276,15,78552,8928.03,2025-03-13
ORD03024,CUST0340,Shivani Jogi,Mumbai,Maharashtra,Monitor,Electronics,5,11950,5,59750,5696.38,2025-07-17
ORD03025,CUST0779,Ananya Kumar,Delhi,Delhi,Mouse,Accessories,4,19640,0,78560,20105.61,2025-10-28
ORD03026,CUST0673,Rahul Patel,Kolkata,West Bengal,Mouse,Accessories,3,36412,15,109236,32084.51,2025-11-10
ORD03027,CUST0361,Arjun Kumar,Hyderabad,Telangana,Printer,Office,2,20171,5,40342,4322.75,2025-03-22
ORD03028,CUST0470,Rahul Gupta,Ahmedabad,Gujarat,Mouse,Accessories,4,19675,20,78700,18834.83,2025-03-18
ORD03029,CUST0764,Meera Kumar,Bangalore,Karnataka,Printer,Office,1,6439,15,6439,1030.44,2025-02-18
ORD03030,CUST0611,Vihaan Reddy,Hyderabad,Telangana,Printer,Office,2,7801,10,15602,1931.15,2025-02-16
ORD03031,CUST0363,Priya Reddy,Ahmedabad,Gujarat,Laptop,Electronics,4,37665,10,150660,16825.02,2025-03-25
ORD03032,CUST0286,Sneha Reddy,Delhi,Delhi,USB Cable,Accessories,3,19945,15,59835,12357.59,2025-09-13
ORD03033,CUST0652,Aditya Yadav,Pune,Maharashtra,Keyboard,Accessories,4,35680,5,142720,21625.09,2025-09-09
ORD03034,CUST0415,Shivani Verma,Kolkata,West Bengal,Webcam,Accessories,1,11557,20,11557,1733.07,2025-11-18
ORD03035,CUST0383,Aditya Yadav,Kolkata,West Bengal,Keyboard,Accessories,3,19799,10,59397,16996.08,2025-09-23
ORD03036,CUST0747,Rahul Jogi,Bangalore,Karnataka,Printer,Office,2,36023,15,72046,9844.1,2025-03-11
ORD03037,CUST0589,Diya Kumar,Mumbai,Maharashtra,USB Cable,Accessories,2,31097,10,62194,16041.87,2025-05-30
ORD03038,CUST0508,Priya Patel,Ahmedabad,Gujarat,Speaker,Electronics,3,11933,20,35799,4569.59,2025-10-19
ORD03039,CUST0900,Vivaan Jogi,Delhi,Delhi,Monitor,Electronics,3,44565,0,133695,36331.8,2025-09-25
ORD03040,CUST0834,Vivaan Singh,Hyderabad,Telangana,Webcam,Accessories,4,12366,5,49464,6506.08,2025-12-18
ORD03041,CUST0279,Shivani Gupta,Kolkata,West Bengal,Headphones,Accessories,2,33358,10,66716,9019.27,2025-04-27
ORD03042,CUST0926,Shivani Jogi,Delhi,Delhi,Keyboard,Accessories,2,36665,10,73330,6125.07,2025-05-11
ORD03043,CUST0940,Aarav Sharma,Bangalore,Karnataka,Keyboard,Accessories,2,31470,0,62940,7028.84,2025-06-17
ORD03044,CUST0364,Sneha Yadav,Ahmedabad,Gujarat,Tablet,Electronics,3,19388,10,58164,16657.39,2025-07-31
ORD03045,CUST0067,Rohan Kumar,Kolkata,West Bengal,Printer,Office,4,6892,0,27568,5973.3,2025-04-25
ORD03046,CUST0564,Sneha Gupta,Delhi,Delhi,Webcam,Accessories,5,4918,20,24590,5924.47,2025-06-27
ORD03047,CUST0680,Rohan Verma,Hyderabad,Telangana,USB Cable,Accessories,4,44531,10,178124,39698.82,2025-08-13
ORD03048,CUST0622,Aarav Gupta,Ahmedabad,Gujarat,Speaker,Electronics,1,30436,20,30436,5678.86,2025-04-28
ORD03049,CUST0494,Meera Gupta,Mumbai,Maharashtra,Mouse,Accessories,3,2805,0,8415,737.32,2025-10-02
ORD03050,CUST0332,Meera Sharma,Delhi,Delhi,Monitor,Electronics,2,17739,0,35478,8716.54,2025-08-05
ORD03051,CUST0446,Rohan Gupta,Chennai,Tamil Nadu,Mouse,Accessories,5,15247,20,76235,14842.62,2025-02-23
ORD03052,CUST0931,Meera Verma,Chennai,Tamil Nadu,Speaker,Electronics,1,2496,20,2496,290.57,2025-11-28
ORD03053,CUST0192,Shivani Yadav,Chennai,Tamil Nadu,USB Cable,Accessories,4,4914,10,19656,3754.31,2025-08-16
ORD03054,CUST0449,Arjun Singh,Bangalore,Karnataka,Mouse,Accessories,2,21799,0,43598,9866.74,2025-06-08
ORD03055,CUST0458,Meera Gupta,Pune,Maharashtra,Printer,Office,3,3679,20,11037,3164.65,2025-12-30
ORD03056,CUST0842,Shivani Jogi,Mumbai,Maharashtra,Headphones,Accessories,2,22784,10,45568,4719.82,2025-08-24
ORD03057,CUST0598,Rahul Patel,Kolkata,West Bengal,Speaker,Electronics,1,5318,20,5318,697.38,2025-05-01
ORD03058,CUST0045,Meera Naidu,Pune,Maharashtra,Mouse,Accessories,5,29214,0,146070,27909.78,2025-04-04
ORD03059,CUST0607,Aditya Gupta,Ahmedabad,Gujarat,Printer,Office,4,3348,5,13392,1107.4,2025-06-05
ORD03060,CUST0205,Rahul Gupta,Bangalore,Karnataka,Speaker,Electronics,2,2083,0,4166,1229.74,2025-07-23
ORD03061,CUST0223,Sai Reddy,Kolkata,West Bengal,Mouse,Accessories,2,12916,10,25832,6838.81,2025-12-16
ORD03062,CUST0526,Kiran Yadav,Hyderabad,Telangana,Keyboard,Accessories,4,44030,15,176120,48431.67,2025-02-19
ORD03063,CUST0703,Ananya Singh,Mumbai,Maharashtra,Mouse,Accessories,3,43852,20,131556,27303.81,2025-05-10
ORD03064,CUST0426,Aarav Reddy,Hyderabad,Telangana,Monitor,Electronics,1,12015,10,12015,2957.21,2025-08-06
ORD03065,CUST0219,Meera Singh,Mumbai,Maharashtra,Webcam,Accessories,4,6649,5,26596,5751.81,2025-01-25
ORD03066,CUST0021,Ananya Yadav,Pune,Maharashtra,Headphones,Accessories,1,2920,10,2920,686.48,2025-04-02
ORD03067,CUST0386,Aditya Sharma,Delhi,Delhi,Mouse,Accessories,2,38778,15,77556,21581.05,2025-11-10
ORD03068,CUST0483,Kiran Reddy,Kolkata,West Bengal,Tablet,Electronics,2,31598,10,63196,17332.23,2025-05-04
ORD03069,CUST0058,Priya Yadav,Hyderabad,Telangana,Speaker,Electronics,1,7357,20,7357,886.36,2025-06-17
ORD03070,CUST0511,Sai Naidu,Pune,Maharashtra,Speaker,Electronics,5,12570,20,62850,14403.46,2025-10-20
ORD03071,CUST0688,Vivaan Naidu,Delhi,Delhi,Speaker,Electronics,3,23974,5,71922,11584.2,2025-09-03
ORD03072,CUST0897,Aditya Sharma,Bangalore,Karnataka,Monitor,Electronics,3,32780,0,98340,14441.71,2025-08-20
ORD03073,CUST0810,Ananya Yadav,Delhi,Delhi,Headphones,Accessories,5,1369,10,6845,1516.72,2025-08-18
ORD03074,CUST0013,Vihaan Kumar,Delhi,Delhi,Mouse,Accessories,3,43267,15,129801,30650.29,2025-09-02
ORD03075,CUST0513,Priya Reddy,Pune,Maharashtra,Speaker,Electronics,2,11044,15,22088,2531.65,2025-10-08
ORD03076,CUST0929,Sai Patel,Pune,Maharashtra,Printer,Office,4,46283,0,185132,18720.6,2025-02-07
ORD03077,CUST0279,Shivani Gupta,Kolkata,West Bengal,USB Cable,Accessories,2,20156,0,40312,6552.55,2025-10-29
ORD03078,CUST0314,Meera Kumar,Chennai,Tamil Nadu,Headphones,Accessories,1,6819,15,6819,632.22,2025-10-10
ORD03079,CUST0816,Rohan Verma,Ahmedabad,Gujarat,Keyboard,Accessories,2,26286,0,52572,7878.93,2025-02-27
ORD03080,CUST0427,Diya Kumar,Bangalore,Karnataka,Printer,Office,3,5993,5,17979,3364.95,2025-05-25
ORD03081,CUST0719,Arjun Patel,Bangalore,Karnataka,Laptop,Electronics,4,24716,20,98864,16058.16,2025-01-11
ORD03082,CUST0525,Aarav Yadav,Mumbai,Maharashtra,Monitor,Electronics,2,39265,15,78530,15155.49,2025-02-02
ORD03083,CUST0158,Aarav Jogi,Pune,Maharashtra,Speaker,Electronics,2,46276,15,92552,16097.56,2025-10-07
ORD03084,CUST0425,Arjun Singh,Ahmedabad,Gujarat,Mouse,Accessories,2,6339,5,12678,1074.17,2025-08-28
ORD03085,CUST0364,Sneha Yadav,Ahmedabad,Gujarat,Laptop,Electronics,4,35415,5,141660,25600.85,2025-06-24
ORD03086,CUST0966,Meera Reddy,Ahmedabad,Gujarat,Keyboard,Accessories,5,21704,15,108520,19579.07,2025-10-18
ORD03087,CUST0205,Rahul Gupta,Bangalore,Karnataka,Webcam,Accessories,5,4593,0,22965,3646.86,2025-04-14
ORD03088,CUST0885,Rohan Reddy,Bangalore,Karnataka,Printer,Office,1,27669,0,27669,3266.4,2025-02-03
ORD03089,CUST0952,Rahul Gupta,Mumbai,Maharashtra,Speaker,Electronics,2,21328,15,42656,12531.97,2025-08-14
ORD03090,CUST0047,Rahul Verma,Chennai,Tamil Nadu,USB Cable,Accessories,5,36859,5,184295,46120.89,2025-07-23
ORD03091,CUST0272,Arjun Gupta,Pune,Maharashtra,Speaker,Electronics,3,33223,5,99669,27144.81,2025-08-15
ORD03092,CUST0925,Meera Verma,Ahmedabad,Gujarat,Headphones,Accessories,2,3000,15,6000,963.29,2025-04-24
ORD03093,CUST0211,Ananya Verma,Delhi,Delhi,Monitor,Electronics,1,21025,5,21025,1958.66,2025-05-11
ORD03094,CUST0265,Priya Naidu,Chennai,Tamil Nadu,Monitor,Electronics,1,43313,5,43313,6402.59,2025-04-14
ORD03095,CUST0747,Rahul Jogi,Bangalore,Karnataka,Laptop,Electronics,1,34363,10,34363,5517.57,2025-03-28
ORD03096,CUST0096,Kiran Kumar,Delhi,Delhi,Speaker,Electronics,2,3989,0,7978,1072.62,2025-09-23
ORD03097,CUST0390,Arjun Kumar,Pune,Maharashtra,Speaker,Electronics,4,45621,15,182484,44217.7,2025-10-13
ORD03098,CUST0125,Aditya Jogi,Mumbai,Maharashtra,Tablet,Electronics,2,30439,10,60878,9011.11,2025-03-03
ORD03099,CUST0052,Vihaan Jogi,Mumbai,Maharashtra,USB Cable,Accessories,2,15460,5,30920,6673.86,2025-05-30
ORD03100,CUST0673,Rahul Patel,Kolkata,West Bengal,Monitor,Electronics,5,3435,10,17175,3982.19,2025-02-09
ORD03101,CUST0257,Arjun Sharma,Mumbai,Maharashtra,Webcam,Accessories,1,9355,20,9355,2478.73,2025-09-21
ORD03102,CUST0408,Arjun Singh,Chennai,Tamil Nadu,Speaker,Electronics,1,19214,5,19214,2524.96,2025-05-21
ORD03103,CUST0163,Rohan Patel,Bangalore,Karnataka,Monitor,Electronics,2,17410,5,34820,6240.22,2025-06-27
ORD03104,CUST0013,Vihaan Kumar,Delhi,Delhi,Keyboard,Accessories,4,34948,10,139792,36258.0,2025-12-01
ORD03105,CUST0597,Sneha Jogi,Bangalore,Karnataka,Mouse,Accessories,4,2050,0,8200,2297.44,2025-04-10
ORD03106,CUST0414,Diya Reddy,Kolkata,West Bengal,Laptop,Electronics,3,24099,5,72297,13952.41,2025-07-23
ORD03107,CUST0766,Vivaan Sharma,Ahmedabad,Gujarat,Mouse,Accessories,3,10746,0,32238,5879.63,2025-11-17
ORD03108,CUST0699,Aarav Yadav,Ahmedabad,Gujarat,Webcam,Accessories,4,32817,10,131268,17509.24,2025-03-15
ORD03109,CUST0801,Meera Kumar,Bangalore,Karnataka,Headphones,Accessories,5,40451,10,202255,45829.6,2025-12-17
ORD03110,CUST0848,Sneha Gupta,Kolkata,West Bengal,Printer,Office,1,14056,5,14056,2591.62,2025-06-10
ORD03111,CUST0947,Sai Reddy,Ahmedabad,Gujarat,Webcam,Accessories,5,19555,20,97775,19780.37,2025-12-27
ORD03112,CUST0964,Rohan Gupta,Kolkata,West Bengal,Speaker,Electronics,3,43518,10,130554,15304.81,2025-08-04
ORD03113,CUST0092,Aarav Reddy,Ahmedabad,Gujarat,Monitor,Electronics,5,45455,0,227275,41554.95,2025-08-15
ORD03114,CUST0446,Rohan Gupta,Chennai,Tamil Nadu,Mouse,Accessories,5,43648,0,218240,34408.35,2025-12-06
ORD03115,CUST0584,Shivani Verma,Chennai,Tamil Nadu,Webcam,Accessories,4,15502,5,62008,15134.75,2025-11-18
ORD03116,CUST0953,Meera Jogi,Chennai,Tamil Nadu,USB Cable,Accessories,3,41795,0,125385,29684.71,2025-09-17
ORD03117,CUST0095,Priya Kumar,Hyderabad,Telangana,USB Cable,Accessories,3,46823,10,140469,40404.61,2025-07-08
ORD03118,CUST0909,Vivaan Kumar,Pune,Maharashtra,Laptop,Electronics,2,38433,10,76866,22971.5,2025-09-27
ORD03119,CUST0209,Aditya Jogi,Mumbai,Maharashtra,Speaker,Electronics,1,6814,10,6814,1858.84,2025-08-15
ORD03120,CUST0952,Rahul Gupta,Mumbai,Maharashtra,Headphones,Accessories,5,22052,0,110260,32508.63,2025-05-09
ORD03121,CUST0532,Sai Jogi,Bangalore,Karnataka,Headphones,Accessories,2,8115,20,16230,2535.08,2025-09-09
ORD03122,CUST0318,Sai Naidu,Hyderabad,Telangana,Monitor,Electronics,5,4494,20,22470,6473.52,2025-07-08
ORD03123,CUST0360,Aditya Sharma,Chennai,Tamil Nadu,Headphones,Accessories,3,28179,5,84537,13871.26,2025-01-04
ORD03124,CUST0014,Sneha Reddy,Mumbai,Maharashtra,Laptop,Electronics,2,42987,10,85974,17634.25,2025-11-01
ORD03125,CUST0885,Rohan Reddy,Bangalore,Karnataka,Speaker,Electronics,1,2518,5,2518,464.37,2025-01-16
ORD03126,CUST0180,Priya Yadav,Mumbai,Maharashtra,Webcam,Accessories,4,27166,5,108664,14512.51,2025-01-04
ORD03127,CUST0734,Shivani Yadav,Chennai,Tamil Nadu,Mouse,Accessories,4,32999,0,131996,30533.87,2025-06-16
ORD03128,CUST0153,Aarav Verma,Pune,Maharashtra,Tablet,Electronics,2,20116,0,40232,9483.58,2025-07-15
ORD03129,CUST0383,Aditya Yadav,Kolkata,West Bengal,Speaker,Electronics,3,5599,20,16797,3002.02,2025-06-18
ORD03130,CUST0658,Meera Naidu,Pune,Maharashtra,Webcam,Accessories,5,3470,5,17350,2593.05,2025-08-23
ORD03131,CUST0695,Arjun Jogi,Kolkata,West Bengal,Headphones,Accessories,4,31019,0,124076,11519.48,2025-06-14
ORD03132,CUST0317,Diya Patel,Bangalore,Karnataka,Tablet,Electronics,5,22401,5,112005,10517.3,2025-12-09
ORD03133,CUST0460,Rahul Gupta,Hyderabad,Telangana,Speaker,Electronics,2,26416,15,52832,11538.7,2025-01-20
ORD03134,CUST0216,Shivani Jogi,Hyderabad,Telangana,Tablet,Electronics,4,24372,10,97488,8603.58,2025-12-16
ORD03135,CUST0199,Sai Yadav,Kolkata,West Bengal,Keyboard,Accessories,1,44306,20,44306,13009.74,2025-09-10
ORD03136,CUST0904,Vivaan Singh,Delhi,Delhi,Tablet,Electronics,3,9473,15,28419,4604.69,2025-01-13
ORD03137,CUST0120,Meera Jogi,Mumbai,Maharashtra,USB Cable,Accessories,3,47202,20,141606,14163.28,2025-10-25
ORD03138,CUST0970,Arjun Verma,Kolkata,West Bengal,Keyboard,Accessories,1,20743,20,20743,2381.37,2025-06-23
ORD03139,CUST0342,Rahul Verma,Ahmedabad,Gujarat,Monitor,Electronics,3,35748,0,107244,29248.38,2025-04-27
ORD03140,CUST0552,Sai Singh,Ahmedabad,Gujarat,Tablet,Electronics,3,39707,15,119121,13632.44,2025-04-11
ORD03141,CUST0201,Ananya Reddy,Bangalore,Karnataka,Keyboard,Accessories,5,8132,10,40660,6347.31,2025-07-19
ORD03142,CUST0368,Kiran Verma,Hyderabad,Telangana,Tablet,Electronics,2,49938,0,99876,18683.37,2025-11-18
ORD03143,CUST0094,Vivaan Yadav,Mumbai,Maharashtra,Keyboard,Accessories,3,11229,0,33687,2965.33,2025-09-13
ORD03144,CUST0059,Vihaan Yadav,Chennai,Tamil Nadu,Printer,Office,3,32873,0,98619,18171.61,2025-03-04
ORD03145,CUST0855,Rahul Reddy,Ahmedabad,Gujarat,Mouse,Accessories,4,19001,20,76004,15978.34,2025-04-17
ORD03146,CUST0125,Aditya Jogi,Mumbai,Maharashtra,Speaker,Electronics,4,22016,10,88064,25152.41,2025-06-11
ORD03147,CUST0226,Arjun Reddy,Delhi,Delhi,Monitor,Electronics,2,5880,20,11760,969.6,2025-11-16
ORD03148,CUST0384,Priya Jogi,Bangalore,Karnataka,Laptop,Electronics,5,11630,15,58150,13714.7,2025-09-19
ORD03149,CUST0297,Shivani Naidu,Pune,Maharashtra,Monitor,Electronics,3,33811,15,101433,10620.3,2025-09-29
ORD03150,CUST0009,Ananya Gupta,Mumbai,Maharashtra,Keyboard,Accessories,3,18886,10,56658,13718.45,2025-06-03
ORD03151,CUST0553,Meera Patel,Bangalore,Karnataka,Tablet,Electronics,2,39874,0,79748,6837.83,2025-04-03
ORD03152,CUST0094,Vivaan Yadav,Mumbai,Maharashtra,Webcam,Accessories,5,30607,5,153035,23997.1,2025-05-08
ORD03153,CUST0906,Rohan Patel,Ahmedabad,Gujarat,Speaker,Electronics,2,34948,0,69896,19160.75,2025-07-21
ORD03154,CUST0298,Sai Gupta,Delhi,Delhi,Headphones,Accessories,3,26408,5,79224,22710.96,2025-09-11
ORD03155,CUST0763,Vihaan Patel,Delhi,Delhi,USB Cable,Accessories,2,35716,0,71432,8545.26,2025-04-10
ORD03156,CUST0090,Sai Patel,Kolkata,West Bengal,Mouse,Accessories,5,35690,15,178450,20030.07,2025-10-20
ORD03157,CUST0480,Diya Sharma,Mumbai,Maharashtra,Mouse,Accessories,5,45601,10,228005,31432.11,2025-08-31
ORD03158,CUST0817,Priya Yadav,Hyderabad,Telangana,Printer,Office,1,34642,15,34642,3957.99,2025-12-03
ORD03159,CUST0391,Aarav Jogi,Delhi,Delhi,Printer,Office,4,33951,20,135804,33896.37,2025-09-15
ORD03160,CUST0275,Kiran Sharma,Kolkata,West Bengal,Speaker,Electronics,3,30370,5,91110,17493.83,2025-08-25
ORD03161,CUST0494,Meera Gupta,Mumbai,Maharashtra,Speaker,Electronics,2,11669,10,23338,3323.29,2025-06-16
ORD03162,CUST0366,Meera Jogi,Mumbai,Maharashtra,Keyboard,Accessories,2,36586,0,73172,13825.12,2025-04-05
ORD03163,CUST0661,Meera Patel,Chennai,Tamil Nadu,Laptop,Electronics,4,24204,10,96816,18488.87,2025-10-03
ORD03164,CUST0932,Kiran Verma,Pune,Maharashtra,Laptop,Electronics,3,19277,5,57831,8461.31,2025-03-29
ORD03165,CUST0257,Arjun Sharma,Mumbai,Maharashtra,Monitor,Electronics,1,30649,0,30649,5237.43,2025-03-24
ORD03166,CUST0793,Ananya Singh,Ahmedabad,Gujarat,Laptop,Electronics,2,49253,10,98506,13206.01,2025-01-07
ORD03167,CUST0254,Aditya Kumar,Chennai,Tamil Nadu,Headphones,Accessories,1,42239,15,42239,11195.34,2025-05-24
ORD03168,CUST0987,Rohan Naidu,Chennai,Tamil Nadu,Keyboard,Accessories,3,29764,10,89292,24996.22,2025-10-13
ORD03169,CUST0277,Priya Naidu,Delhi,Delhi,Speaker,Electronics,2,29132,20,58264,11346.36,2025-04-15
ORD03170,CUST0127,Aarav Sharma,Ahmedabad,Gujarat,Webcam,Accessories,4,23132,5,92528,19916.45,2025-02-22
ORD03171,CUST0343,Diya Singh,Hyderabad,Telangana,Headphones,Accessories,4,17878,20,71512,14872.17,2025-11-11
ORD03172,CUST0042,Shivani Sharma,Bangalore,Karnataka,Tablet,Electronics,2,6227,5,12454,3037.55,2025-07-24
ORD03173,CUST0197,Shivani Singh,Pune,Maharashtra,Headphones,Accessories,3,11743,0,35229,3872.91,2025-04-27
ORD03174,CUST0355,Vivaan Jogi,Chennai,Tamil Nadu,Mouse,Accessories,2,34825,20,69650,12642.64,2025-08-21
ORD03175,CUST0853,Arjun Singh,Pune,Maharashtra,Mouse,Accessories,5,3147,15,15735,2513.65,2025-08-08
ORD03176,CUST0276,Aditya Kumar,Pune,Maharashtra,Tablet,Electronics,2,821,5,1642,169.53,2025-06-20
ORD03177,CUST0302,Sneha Yadav,Pune,Maharashtra,Speaker,Electronics,3,28256,5,84768,23499.5,2025-08-23
ORD03178,CUST0116,Sai Naidu,Hyderabad,Telangana,Mouse,Accessories,1,1944,20,1944,423.74,2025-09-02
ORD03179,CUST0379,Vihaan Patel,Delhi,Delhi,Monitor,Electronics,1,31194,15,31194,3879.65,2025-07-22
ORD03180,CUST0366,Meera Jogi,Mumbai,Maharashtra,Keyboard,Accessories,2,14732,0,29464,4695.02,2025-08-12
ORD03181,CUST0939,Rohan Verma,Hyderabad,Telangana,Printer,Office,4,13935,20,55740,5940.37,2025-12-27
ORD03182,CUST0558,Sneha Jogi,Mumbai,Maharashtra,Monitor,Electronics,3,10028,10,30084,3337.24,2025-05-05
ORD03183,CUST0353,Vihaan Reddy,Pune,Maharashtra,Laptop,Electronics,4,28360,15,113440,26879.73,2025-11-13
ORD03184,CUST0506,Diya Kumar,Ahmedabad,Gujarat,Tablet,Electronics,2,48759,5,97518,14245.12,2025-09-13
ORD03185,CUST0907,Priya Reddy,Kolkata,West Bengal,Speaker,Electronics,5,21795,20,108975,26519.25,2025-08-07
ORD03186,CUST0937,Kiran Sharma,Ahmedabad,Gujarat,Headphones,Accessories,1,10943,5,10943,1325.9,2025-07-17
ORD03187,CUST0454,Ananya Kumar,Bangalore,Karnataka,USB Cable,Accessories,1,29907,10,29907,6159.61,2025-12-04
ORD03188,CUST0298,Sai Gupta,Delhi,Delhi,Tablet,Electronics,2,42739,20,85478,17824.11,2025-03-30
ORD03189,CUST0491,Vivaan Jogi,Kolkata,West Bengal,Speaker,Electronics,4,27116,5,108464,20513.01,2025-08-23
ORD03190,CUST0845,Sai Naidu,Chennai,Tamil Nadu,Tablet,Electronics,2,24026,0,48052,6585.77,2025-01-26
ORD03191,CUST0533,Rahul Naidu,Chennai,Tamil Nadu,USB Cable,Accessories,1,16267,20,16267,2559.25,2025-06-19
ORD03192,CUST0865,Meera Singh,Pune,Maharashtra,Speaker,Electronics,2,13296,20,26592,2991.63,2025-10-24
ORD03193,CUST0929,Sai Patel,Pune,Maharashtra,Headphones,Accessories,5,6698,10,33490,3274.06,2025-09-23
ORD03194,CUST0341,Ananya Naidu,Kolkata,West Bengal,Webcam,Accessories,4,26108,5,104432,11906.29,2025-08-21
ORD03195,CUST0589,Diya Kumar,Mumbai,Maharashtra,Laptop,Electronics,4,8735,5,34940,5484.54,2025-01-07
ORD03196,CUST0990,Diya Jogi,Delhi,Delhi,Keyboard,Accessories,4,35437,10,141748,17489.46,2025-11-02
ORD03197,CUST0208,Diya Yadav,Bangalore,Karnataka,Mouse,Accessories,2,19866,0,39732,4419.22,2025-02-02
ORD03198,CUST0861,Arjun Kumar,Chennai,Tamil Nadu,Mouse,Accessories,1,3647,15,3647,499.51,2025-03-07
ORD03199,CUST0154,Vivaan Jogi,Mumbai,Maharashtra,Printer,Office,4,16229,20,64916,16486.84,2025-04-26
ORD03200,CUST0640,Vivaan Verma,Kolkata,West Bengal,Mouse,Accessories,5,48443,0,242215,55894.65,2025-10-25
ORD03201,CUST0297,Shivani Naidu,Pune,Maharashtra,Keyboard,Accessories,4,23334,5,93336,11968.9,2025-05-05
ORD03202,CUST0112,Priya Singh,Chennai,Tamil Nadu,Printer,Office,5,26754,5,133770,12438.34,2025-03-18
ORD03203,CUST0241,Diya Naidu,Chennai,Tamil Nadu,Headphones,Accessories,2,41149,10,82298,21146.1,2025-05-16
ORD03204,CUST0981,Vivaan Verma,Chennai,Tamil Nadu,Monitor,Electronics,3,10189,0,30567,5835.14,2025-10-08
ORD03205,CUST0743,Sai Jogi,Chennai,Tamil Nadu,Printer,Office,2,16922,0,33844,8423.63,2025-02-18
ORD03206,CUST0559,Kiran Singh,Pune,Maharashtra,USB Cable,Accessories,2,29622,5,59244,17259.9,2025-01-28
ORD03207,CUST0032,Aditya Kumar,Kolkata,West Bengal,Keyboard,Accessories,5,15394,10,76970,8614.13,2025-05-16
ORD03208,CUST0336,Aditya Naidu,Chennai,Tamil Nadu,Tablet,Electronics,4,28606,15,114424,23268.17,2025-01-13
ORD03209,CUST0243,Arjun Yadav,Hyderabad,Telangana,Speaker,Electronics,4,21092,20,84368,19178.65,2025-06-12
ORD03210,CUST0825,Arjun Sharma,Pune,Maharashtra,Tablet,Electronics,2,28317,15,56634,15365.41,2025-07-09
ORD03211,CUST0656,Vivaan Patel,Bangalore,Karnataka,Mouse,Accessories,2,48332,10,96664,15974.18,2025-06-02
ORD03212,CUST0355,Vivaan Jogi,Chennai,Tamil Nadu,Speaker,Electronics,3,23751,0,71253,6179.47,2025-04-22
ORD03213,CUST0599,Vivaan Singh,Pune,Maharashtra,Webcam,Accessories,2,13891,20,27782,2875.64,2025-07-02
ORD03214,CUST0204,Kiran Sharma,Bangalore,Karnataka,Mouse,Accessories,4,11886,5,47544,5521.06,2025-08-24
ORD03215,CUST0769,Priya Reddy,Kolkata,West Bengal,Monitor,Electronics,4,44888,10,179552,33968.75,2025-01-12
ORD03216,CUST0285,Priya Reddy,Chennai,Tamil Nadu,Webcam,Accessories,1,29118,0,29118,6888.22,2025-03-11
ORD03217,CUST0522,Vihaan Verma,Pune,Maharashtra,Laptop,Electronics,4,31712,5,126848,27498.96,2025-02-24
ORD03218,CUST0866,Sai Singh,Bangalore,Karnataka,USB Cable,Accessories,3,586,0,1758,525.5,2025-04-14
ORD03219,CUST0072,Rahul Naidu,Chennai,Tamil Nadu,Webcam,Accessories,3,10391,10,31173,2587.75,2025-05-04
ORD03220,CUST0012,Sneha Naidu,Delhi,Delhi,Keyboard,Accessories,1,34811,15,34811,7103.43,2025-09-26
ORD03221,CUST0625,Aditya Verma,Pune,Maharashtra,Mouse,Accessories,4,34415,0,137660,11168.51,2025-03-31
ORD03222,CUST0672,Shivani Yadav,Mumbai,Maharashtra,Printer,Office,5,9145,10,45725,7855.25,2025-01-25
ORD03223,CUST0115,Diya Singh,Chennai,Tamil Nadu,Laptop,Electronics,4,33121,15,132484,26818.54,2025-05-12
ORD03224,CUST0227,Vihaan Kumar,Kolkata,West Bengal,Mouse,Accessories,4,18094,10,72376,15215.96,2025-02-05
ORD03225,CUST0392,Ananya Sharma,Hyderabad,Telangana,Keyboard,Accessories,4,39411,0,157644,28892.85,2025-08-09
ORD03226,CUST0094,Vivaan Yadav,Mumbai,Maharashtra,Monitor,Electronics,3,31463,20,94389,26521.06,2025-10-09
ORD03227,CUST0112,Priya Singh,Chennai,Tamil Nadu,Printer,Office,4,7416,15,29664,5962.7,2025-03-22
ORD03228,CUST0235,Sai Patel,Ahmedabad,Gujarat,Mouse,Accessories,3,48784,15,146352,25787.4,2025-06-27
ORD03229,CUST0985,Aarav Sharma,Hyderabad,Telangana,USB Cable,Accessories,5,16652,20,83260,20583.56,2025-12-25
ORD03230,CUST0842,Shivani Jogi,Mumbai,Maharashtra,Mouse,Accessories,3,7273,10,21819,3353.52,2025-04-13
ORD03231,CUST0953,Meera Jogi,Chennai,Tamil Nadu,Webcam,Accessories,4,25574,15,102296,20529.16,2025-10-31
ORD03232,CUST0481,Aarav Kumar,Bangalore,Karnataka,Tablet,Electronics,5,42971,5,214855,52449.2,2025-05-08
ORD03233,CUST0757,Sai Patel,Delhi,Delhi,Headphones,Accessories,1,29467,20,29467,4451.84,2025-03-04
ORD03234,CUST0865,Meera Singh,Pune,Maharashtra,Laptop,Electronics,2,2683,5,5366,717.68,2025-11-17
ORD03235,CUST0841,Aditya Patel,Bangalore,Karnataka,Monitor,Electronics,1,22515,15,22515,2935.19,2025-08-08
ORD03236,CUST0761,Ananya Patel,Chennai,Tamil Nadu,Tablet,Electronics,2,31034,15,62068,17395.4,2025-04-24
ORD03237,CUST0094,Vivaan Yadav,Mumbai,Maharashtra,Laptop,Electronics,4,22084,15,88336,21386.58,2025-05-18
ORD03238,CUST0969,Arjun Naidu,Kolkata,West Bengal,Mouse,Accessories,4,39856,20,159424,13382.53,2025-01-14
ORD03239,CUST0571,Meera Patel,Hyderabad,Telangana,USB Cable,Accessories,4,1353,0,5412,977.79,2025-10-09
ORD03240,CUST0793,Ananya Singh,Ahmedabad,Gujarat,Tablet,Electronics,1,15402,10,15402,2071.51,2025-06-23
ORD03241,CUST0484,Meera Gupta,Kolkata,West Bengal,Speaker,Electronics,2,29063,10,58126,17119.48,2025-12-17
ORD03242,CUST0566,Priya Yadav,Ahmedabad,Gujarat,Speaker,Electronics,2,47233,15,94466,23803.19,2025-09-17
ORD03243,CUST0565,Shivani Naidu,Hyderabad,Telangana,Printer,Office,5,10763,20,53815,6180.22,2025-09-01
ORD03244,CUST0873,Arjun Sharma,Delhi,Delhi,Tablet,Electronics,5,29706,5,148530,39447.06,2025-06-10
ORD03245,CUST0769,Priya Reddy,Kolkata,West Bengal,Headphones,Accessories,5,14732,5,73660,15433.02,2025-08-20
ORD03246,CUST0525,Aarav Yadav,Mumbai,Maharashtra,Monitor,Electronics,5,19184,10,95920,11897.05,2025-11-08
ORD03247,CUST0596,Diya Jogi,Pune,Maharashtra,Headphones,Accessories,2,25393,5,50786,7181.45,2025-11-25
ORD03248,CUST0015,Rohan Jogi,Bangalore,Karnataka,Monitor,Electronics,2,47535,10,95070,19323.66,2025-03-02
ORD03249,CUST0460,Rahul Gupta,Hyderabad,Telangana,Mouse,Accessories,2,32597,5,65194,19386.31,2025-09-28
ORD03250,CUST0403,Priya Verma,Chennai,Tamil Nadu,Monitor,Electronics,4,23975,15,95900,13290.84,2025-07-02
ORD03251,CUST0735,Aditya Sharma,Delhi,Delhi,Laptop,Electronics,2,42369,10,84738,13735.96,2025-11-17
ORD03252,CUST0169,Vihaan Reddy,Bangalore,Karnataka,Printer,Office,5,13424,20,67120,9195.3,2025-03-17
ORD03253,CUST0280,Meera Patel,Ahmedabad,Gujarat,Mouse,Accessories,1,41362,20,41362,3670.58,2025-12-14
ORD03254,CUST0103,Ananya Jogi,Hyderabad,Telangana,Monitor,Electronics,2,44283,20,88566,18707.92,2025-01-19
ORD03255,CUST0655,Shivani Singh,Pune,Maharashtra,Keyboard,Accessories,2,46290,0,92580,22021.5,2025-04-27
ORD03256,CUST0372,Sneha Reddy,Bangalore,Karnataka,Mouse,Accessories,4,32788,10,131152,32869.23,2025-12-15
ORD03257,CUST0392,Ananya Sharma,Hyderabad,Telangana,Webcam,Accessories,5,42793,0,213965,42728.47,2025-04-30
ORD03258,CUST0054,Aarav Kumar,Chennai,Tamil Nadu,Tablet,Electronics,3,23204,15,69612,6569.85,2025-07-25
ORD03259,CUST0972,Shivani Reddy,Delhi,Delhi,Monitor,Electronics,5,11056,0,55280,12689.78,2025-06-11
ORD03260,CUST0492,Rohan Patel,Mumbai,Maharashtra,Headphones,Accessories,5,34314,20,171570,51110.5,2025-06-08
ORD03261,CUST0586,Rohan Reddy,Mumbai,Maharashtra,Mouse,Accessories,3,38659,5,115977,20917.92,2025-07-30
ORD03262,CUST0438,Meera Jogi,Chennai,Tamil Nadu,Webcam,Accessories,2,26435,10,52870,13994.16,2025-08-27
ORD03263,CUST0953,Meera Jogi,Chennai,Tamil Nadu,Speaker,Electronics,2,6852,20,13704,3699.24,2025-03-07
ORD03264,CUST0645,Sneha Patel,Mumbai,Maharashtra,Speaker,Electronics,4,31483,5,125932,22452.05,2025-10-04
ORD03265,CUST0204,Kiran Sharma,Bangalore,Karnataka,Webcam,Accessories,5,15364,10,76820,9109.81,2025-05-28
ORD03266,CUST0815,Priya Gupta,Hyderabad,Telangana,Tablet,Electronics,1,19786,5,19786,2757.76,2025-03-17
ORD03267,CUST0643,Aarav Patel,Mumbai,Maharashtra,Mouse,Accessories,1,25932,5,25932,7543.97,2025-11-11
ORD03268,CUST0010,Aarav Reddy,Delhi,Delhi,USB Cable,Accessories,3,25131,5,75393,19253.33,2025-12-03
ORD03269,CUST0157,Vivaan Sharma,Delhi,Delhi,Monitor,Electronics,4,46565,15,186260,40198.59,2025-10-11
ORD03270,CUST0978,Meera Reddy,Delhi,Delhi,USB Cable,Accessories,4,8846,0,35384,7530.06,2025-05-04
ORD03271,CUST0367,Shivani Gupta,Chennai,Tamil Nadu,Webcam,Accessories,5,23791,20,118955,26260.47,2025-12-22
ORD03272,CUST0796,Priya Reddy,Bangalore,Karnataka,Tablet,Electronics,3,36112,5,108336,23068.83,2025-02-05
ORD03273,CUST0848,Sneha Gupta,Kolkata,West Bengal,Headphones,Accessories,2,49795,0,99590,19992.78,2025-05-31
ORD03274,CUST1000,Kiran Kumar,Hyderabad,Telangana,Printer,Office,2,41639,5,83278,24077.02,2025-12-29
ORD03275,CUST0513,Priya Reddy,Pune,Maharashtra,Headphones,Accessories,4,2795,20,11180,1441.32,2025-09-26
ORD03276,CUST0604,Vihaan Patel,Chennai,Tamil Nadu,Printer,Office,4,6758,15,27032,3899.22,2025-03-23
ORD03277,CUST0567,Rohan Kumar,Kolkata,West Bengal,Tablet,Electronics,5,49955,10,249775,74001.27,2025-02-12
ORD03278,CUST0044,Vivaan Jogi,Kolkata,West Bengal,Speaker,Electronics,5,9090,10,45450,11042.43,2025-11-30
ORD03279,CUST0757,Sai Patel,Delhi,Delhi,Printer,Office,5,41880,5,209400,42470.17,2025-06-02
ORD03280,CUST0550,Rahul Sharma,Chennai,Tamil Nadu,Printer,Office,3,22377,15,67131,19837.62,2025-08-06
ORD03281,CUST0422,Meera Jogi,Pune,Maharashtra,Webcam,Accessories,1,28095,15,28095,6738.0,2025-07-22
ORD03282,CUST0946,Shivani Sharma,Hyderabad,Telangana,Webcam,Accessories,5,45147,15,225735,55433.07,2025-11-24
ORD03283,CUST0085,Kiran Reddy,Ahmedabad,Gujarat,Monitor,Electronics,2,45142,20,90284,22160.45,2025-05-29
ORD03284,CUST0655,Shivani Singh,Pune,Maharashtra,Mouse,Accessories,1,7559,5,7559,1200.73,2025-02-15
ORD03285,CUST0650,Aarav Yadav,Kolkata,West Bengal,Webcam,Accessories,3,42434,10,127302,18080.48,2025-03-07
ORD03286,CUST0082,Rahul Kumar,Hyderabad,Telangana,Printer,Office,3,29067,10,87201,9151.06,2025-08-28
ORD03287,CUST0654,Aditya Jogi,Pune,Maharashtra,Webcam,Accessories,1,32607,10,32607,2774.33,2025-09-02
ORD03288,CUST0995,Aditya Gupta,Chennai,Tamil Nadu,Printer,Office,4,6376,10,25504,3389.83,2025-07-14
ORD03289,CUST0998,Rohan Reddy,Pune,Maharashtra,Keyboard,Accessories,5,6969,10,34845,8495.11,2025-03-17
ORD03290,CUST0147,Meera Singh,Mumbai,Maharashtra,Monitor,Electronics,2,23201,15,46402,9992.9,2025-07-13
ORD03291,CUST0229,Rohan Yadav,Chennai,Tamil Nadu,Speaker,Electronics,1,35408,5,35408,8548.25,2025-11-26
ORD03292,CUST0166,Diya Gupta,Bangalore,Karnataka,Speaker,Electronics,1,22022,5,22022,2195.0,2025-07-10
ORD03293,CUST0911,Kiran Patel,Hyderabad,Telangana,Mouse,Accessories,4,10514,0,42056,9434.62,2025-03-25
ORD03294,CUST0231,Rahul Sharma,Bangalore,Karnataka,Monitor,Electronics,1,23444,0,23444,5341.68,2025-03-11
ORD03295,CUST0767,Rohan Patel,Chennai,Tamil Nadu,Webcam,Accessories,2,38731,5,77462,10434.49,2025-03-10
ORD03296,CUST0825,Arjun Sharma,Pune,Maharashtra,Tablet,Electronics,2,12642,5,25284,5734.47,2025-03-11
ORD03297,CUST0175,Rahul Kumar,Ahmedabad,Gujarat,Headphones,Accessories,3,11811,0,35433,4498.89,2025-03-22
ORD03298,CUST0266,Kiran Patel,Pune,Maharashtra,Monitor,Electronics,5,33107,15,165535,45170.89,2025-10-28
ORD03299,CUST0109,Meera Reddy,Hyderabad,Telangana,Headphones,Accessories,4,5205,5,20820,4709.23,2025-10-31
ORD03300,CUST0022,Ananya Jogi,Delhi,Delhi,Speaker,Electronics,4,45584,10,182336,20855.85,2025-10-06
ORD03301,CUST0541,Priya Jogi,Kolkata,West Bengal,Headphones,Accessories,1,10257,10,10257,1447.94,2025-06-08
ORD03302,CUST0293,Sneha Yadav,Ahmedabad,Gujarat,Webcam,Accessories,1,45676,20,45676,5963.9,2025-09-23
ORD03303,CUST0936,Meera Singh,Pune,Maharashtra,Speaker,Electronics,2,32820,10,65640,12037.53,2025-01-14
ORD03304,CUST0834,Vivaan Singh,Hyderabad,Telangana,Tablet,Electronics,2,37342,15,74684,9375.02,2025-10-23
ORD03305,CUST0789,Vivaan Jogi,Chennai,Tamil Nadu,Mouse,Accessories,3,38250,0,114750,30807.97,2025-12-11
ORD03306,CUST0302,Sneha Yadav,Pune,Maharashtra,Printer,Office,5,15988,20,79940,22295.71,2025-03-20
ORD03307,CUST0141,Aditya Patel,Pune,Maharashtra,Printer,Office,5,15061,0,75305,19763.83,2025-08-09
ORD03308,CUST0941,Shivani Verma,Bangalore,Karnataka,USB Cable,Accessories,5,37772,5,188860,47977.45,2025-09-12
ORD03309,CUST0426,Aarav Reddy,Hyderabad,Telangana,USB Cable,Accessories,5,37716,5,188580,45015.37,2025-05-18
ORD03310,CUST0071,Arjun Verma,Kolkata,West Bengal,Mouse,Accessories,1,12663,0,12663,1128.22,2025-10-01
ORD03311,CUST0969,Arjun Naidu,Kolkata,West Bengal,Mouse,Accessories,2,15521,15,31042,6058.11,2025-04-03
ORD03312,CUST0126,Vivaan Jogi,Delhi,Delhi,Laptop,Electronics,5,3484,10,17420,2605.77,2025-09-10
ORD03313,CUST0444,Aditya Jogi,Pune,Maharashtra,Printer,Office,4,26560,10,106240,29921.82,2025-03-08
ORD03314,CUST0676,Rahul Reddy,Chennai,Tamil Nadu,USB Cable,Accessories,2,35699,10,71398,7034.27,2025-04-26
ORD03315,CUST0170,Rohan Verma,Chennai,Tamil Nadu,Mouse,Accessories,2,16590,20,33180,9241.6,2025-09-17
ORD03316,CUST0155,Arjun Kumar,Hyderabad,Telangana,Webcam,Accessories,1,32128,15,32128,4685.5,2025-08-20
ORD03317,CUST0150,Vivaan Verma,Hyderabad,Telangana,Monitor,Electronics,5,23979,20,119895,24251.95,2025-08-11
ORD03318,CUST0896,Arjun Jogi,Kolkata,West Bengal,Keyboard,Accessories,2,31905,0,63810,8728.98,2025-09-15
ORD03319,CUST0437,Meera Gupta,Delhi,Delhi,USB Cable,Accessories,5,7953,15,39765,10942.84,2025-02-20
ORD03320,CUST0954,Arjun Jogi,Delhi,Delhi,Speaker,Electronics,4,32324,20,129296,36277.2,2025-09-10
ORD03321,CUST0139,Vihaan Naidu,Delhi,Delhi,Mouse,Accessories,3,19024,15,57072,13594.08,2025-05-10
ORD03322,CUST0141,Aditya Patel,Pune,Maharashtra,Keyboard,Accessories,1,16225,20,16225,4498.67,2025-07-23
ORD03323,CUST0323,Rahul Singh,Delhi,Delhi,Speaker,Electronics,3,2990,20,8970,1625.56,2025-04-09
ORD03324,CUST0026,Arjun Naidu,Mumbai,Maharashtra,Mouse,Accessories,1,3492,15,3492,1026.69,2025-07-03
ORD03325,CUST0831,Rahul Reddy,Chennai,Tamil Nadu,Laptop,Electronics,2,44311,5,88622,22340.04,2025-06-11
ORD03326,CUST0371,Rohan Gupta,Kolkata,West Bengal,Printer,Office,2,23764,0,47528,5327.72,2025-04-29
ORD03327,CUST0692,Kiran Jogi,Mumbai,Maharashtra,Monitor,Electronics,3,43139,20,129417,35899.79,2025-05-31
ORD03328,CUST0749,Sai Jogi,Ahmedabad,Gujarat,Laptop,Electronics,5,21468,0,107340,16702.24,2025-07-30
ORD03329,CUST0503,Ananya Reddy,Ahmedabad,Gujarat,Webcam,Accessories,5,34421,10,172105,44160.3,2025-11-17
ORD03330,CUST0722,Kiran Gupta,Ahmedabad,Gujarat,Keyboard,Accessories,5,37814,5,189070,45534.93,2025-12-26
ORD03331,CUST0359,Sneha Verma,Chennai,Tamil Nadu,Laptop,Electronics,5,25950,0,129750,14297.5,2025-06-09
ORD03332,CUST0904,Vivaan Singh,Delhi,Delhi,USB Cable,Accessories,2,3225,10,6450,866.28,2025-04-26
ORD03333,CUST0595,Sai Naidu,Chennai,Tamil Nadu,Printer,Office,2,41899,10,83798,13613.46,2025-03-03
ORD03334,CUST0847,Arjun Patel,Pune,Maharashtra,Headphones,Accessories,4,37607,0,150428,41665.0,2025-10-24
ORD03335,CUST0072,Rahul Naidu,Chennai,Tamil Nadu,Mouse,Accessories,1,28117,20,28117,7888.02,2025-02-17
ORD03336,CUST0127,Aarav Sharma,Ahmedabad,Gujarat,Tablet,Electronics,1,46161,20,46161,11782.48,2025-05-17
ORD03337,CUST0044,Vivaan Jogi,Kolkata,West Bengal,Monitor,Electronics,5,49946,5,249730,31627.0,2025-12-27
ORD03338,CUST0038,Meera Jogi,Bangalore,Karnataka,Monitor,Electronics,5,8921,5,44605,7476.58,2025-07-27
ORD03339,CUST0559,Kiran Singh,Pune,Maharashtra,Mouse,Accessories,2,32714,10,65428,17211.98,2025-11-25
ORD03340,CUST0345,Priya Jogi,Pune,Maharashtra,Tablet,Electronics,1,34521,20,34521,9251.64,2025-01-09
ORD03341,CUST0984,Vivaan Gupta,Bangalore,Karnataka,USB Cable,Accessories,5,42902,10,214510,25267.61,2025-10-14
ORD03342,CUST0854,Rohan Jogi,Ahmedabad,Gujarat,Speaker,Electronics,4,10866,20,43464,9009.24,2025-11-17
ORD03343,CUST0476,Rohan Kumar,Ahmedabad,Gujarat,Printer,Office,4,40844,0,163376,14730.32,2025-08-05
ORD03344,CUST0814,Rohan Gupta,Kolkata,West Bengal,Webcam,Accessories,4,34027,0,136108,29697.9,2025-12-29
ORD03345,CUST0621,Rohan Yadav,Delhi,Delhi,Printer,Office,2,18408,10,36816,7976.52,2025-12-22
ORD03346,CUST0913,Kiran Yadav,Kolkata,West Bengal,Keyboard,Accessories,3,28867,15,86601,7317.83,2025-02-18
ORD03347,CUST0473,Priya Yadav,Delhi,Delhi,USB Cable,Accessories,5,27045,20,135225,27285.5,2025-11-22
ORD03348,CUST0263,Vihaan Kumar,Hyderabad,Telangana,Monitor,Electronics,4,1555,20,6220,1021.61,2025-09-02
ORD03349,CUST0138,Kiran Yadav,Bangalore,Karnataka,Printer,Office,1,19825,5,19825,3212.23,2025-08-22
ORD03350,CUST0607,Aditya Gupta,Ahmedabad,Gujarat,Webcam,Accessories,4,16313,20,65252,6772.3,2025-01-09
ORD03351,CUST0542,Arjun Singh,Ahmedabad,Gujarat,Monitor,Electronics,3,18201,5,54603,13225.7,2025-09-16
ORD03352,CUST0297,Shivani Naidu,Pune,Maharashtra,Monitor,Electronics,3,41712,5,125136,37193.71,2025-11-01
ORD03353,CUST0253,Aarav Gupta,Chennai,Tamil Nadu,Mouse,Accessories,3,27533,20,82599,8859.51,2025-01-19
ORD03354,CUST0407,Rohan Sharma,Kolkata,West Bengal,USB Cable,Accessories,4,4423,15,17692,1616.65,2025-03-17
ORD03355,CUST0129,Rohan Gupta,Delhi,Delhi,USB Cable,Accessories,4,1468,20,5872,1502.15,2025-01-10
ORD03356,CUST0638,Arjun Yadav,Chennai,Tamil Nadu,Printer,Office,4,7966,20,31864,8942.99,2025-01-14
ORD03357,CUST0888,Rohan Singh,Bangalore,Karnataka,Printer,Office,4,3697,15,14788,3383.04,2025-07-31
ORD03358,CUST0556,Arjun Patel,Kolkata,West Bengal,Laptop,Electronics,5,29928,15,149640,35359.01,2025-01-02
ORD03359,CUST0567,Rohan Kumar,Kolkata,West Bengal,Headphones,Accessories,2,8878,20,17756,4009.85,2025-10-08
ORD03360,CUST0076,Rahul Gupta,Bangalore,Karnataka,Mouse,Accessories,3,10745,10,32235,4531.82,2025-11-10
ORD03361,CUST0449,Arjun Singh,Bangalore,Karnataka,Tablet,Electronics,1,32694,20,32694,3365.74,2025-05-13
ORD03362,CUST0183,Rohan Singh,Pune,Maharashtra,Monitor,Electronics,4,18646,15,74584,9572.17,2025-06-01
ORD03363,CUST0383,Aditya Yadav,Kolkata,West Bengal,Tablet,Electronics,3,47854,20,143562,35431.26,2025-02-06
ORD03364,CUST0954,Arjun Jogi,Delhi,Delhi,Keyboard,Accessories,5,31802,0,159010,43833.27,2025-08-09
ORD03365,CUST0771,Sai Kumar,Chennai,Tamil Nadu,Speaker,Electronics,1,2848,5,2848,731.74,2025-01-10
ORD03366,CUST0955,Ananya Gupta,Kolkata,West Bengal,Keyboard,Accessories,1,17182,5,17182,1514.0,2025-12-28
ORD03367,CUST0480,Diya Sharma,Mumbai,Maharashtra,Mouse,Accessories,4,25947,0,103788,24260.08,2025-09-18
ORD03368,CUST0773,Diya Reddy,Bangalore,Karnataka,Laptop,Electronics,2,15701,20,31402,5587.65,2025-11-22
ORD03369,CUST0687,Vivaan Kumar,Pune,Maharashtra,Headphones,Accessories,4,21766,15,87064,12025.41,2025-11-06
ORD03370,CUST0284,Kiran Singh,Bangalore,Karnataka,Tablet,Electronics,1,46470,10,46470,13827.68,2025-03-15
ORD03371,CUST0003,Kiran Verma,Ahmedabad,Gujarat,Laptop,Electronics,5,13447,20,67235,13921.65,2025-10-01
ORD03372,CUST0125,Aditya Jogi,Mumbai,Maharashtra,Laptop,Electronics,2,13198,20,26396,5421.92,2025-05-08
ORD03373,CUST0786,Rohan Yadav,Bangalore,Karnataka,Mouse,Accessories,2,2964,10,5928,597.88,2025-09-17
ORD03374,CUST0445,Meera Verma,Delhi,Delhi,Laptop,Electronics,2,33305,15,66610,7326.97,2025-08-29
ORD03375,CUST0509,Vivaan Naidu,Chennai,Tamil Nadu,Tablet,Electronics,3,38123,10,114369,30496.1,2025-03-12
ORD03376,CUST0282,Shivani Reddy,Hyderabad,Telangana,Laptop,Electronics,1,4265,15,4265,789.68,2025-09-08
ORD03377,CUST0954,Arjun Jogi,Delhi,Delhi,Webcam,Accessories,2,16211,20,32422,6414.88,2025-06-04
ORD03378,CUST0028,Ananya Sharma,Ahmedabad,Gujarat,Webcam,Accessories,4,43506,5,174024,44630.32,2025-04-25
ORD03379,CUST0126,Vivaan Jogi,Delhi,Delhi,Webcam,Accessories,3,6969,0,20907,3006.07,2025-07-08
ORD03380,CUST0098,Aditya Jogi,Kolkata,West Bengal,Speaker,Electronics,4,41773,5,167092,33805.2,2025-01-26
ORD03381,CUST0848,Sneha Gupta,Kolkata,West Bengal,Webcam,Accessories,5,15575,20,77875,6726.73,2025-11-08
ORD03382,CUST0115,Diya Singh,Chennai,Tamil Nadu,Mouse,Accessories,4,35670,20,142680,11592.17,2025-11-13
ORD03383,CUST0624,Aditya Jogi,Pune,Maharashtra,USB Cable,Accessories,1,43791,10,43791,6166.88,2025-03-10
ORD03384,CUST0325,Meera Singh,Hyderabad,Telangana,Tablet,Electronics,3,49770,0,149310,16281.71,2025-11-14
ORD03385,CUST0670,Arjun Gupta,Mumbai,Maharashtra,Headphones,Accessories,2,6987,0,13974,3972.66,2025-07-17
ORD03386,CUST0130,Sai Reddy,Hyderabad,Telangana,Tablet,Electronics,4,2394,10,9576,2505.75,2025-04-29
ORD03387,CUST0890,Vivaan Gupta,Mumbai,Maharashtra,Monitor,Electronics,2,8857,20,17714,2962.36,2025-04-30
ORD03388,CUST0893,Shivani Patel,Ahmedabad,Gujarat,Headphones,Accessories,3,29576,20,88728,23737.36,2025-09-13
ORD03389,CUST0447,Ananya Verma,Pune,Maharashtra,Mouse,Accessories,2,48018,20,96036,23484.46,2025-03-13
ORD03390,CUST0136,Vivaan Verma,Chennai,Tamil Nadu,Printer,Office,2,7131,10,14262,2616.65,2025-06-16
ORD03391,CUST0487,Rohan Gupta,Delhi,Delhi,Tablet,Electronics,3,9692,15,29076,4567.17,2025-05-22
ORD03392,CUST0933,Sai Naidu,Delhi,Delhi,Monitor,Electronics,3,15675,20,47025,11639.02,2025-06-19
ORD03393,CUST0708,Aarav Reddy,Kolkata,West Bengal,Keyboard,Accessories,4,19209,15,76836,22757.52,2025-08-14
ORD03394,CUST0624,Aditya Jogi,Pune,Maharashtra,Keyboard,Accessories,2,11709,15,23418,4693.95,2025-05-06
ORD03395,CUST0519,Sneha Jogi,Kolkata,West Bengal,Keyboard,Accessories,5,8528,15,42640,10176.69,2025-11-21
ORD03396,CUST0172,Aditya Reddy,Bangalore,Karnataka,Tablet,Electronics,2,40706,20,81412,7762.04,2025-02-23
ORD03397,CUST0144,Vihaan Jogi,Chennai,Tamil Nadu,USB Cable,Accessories,3,21716,5,65148,9499.88,2025-08-13
ORD03398,CUST0663,Ananya Verma,Kolkata,West Bengal,Speaker,Electronics,1,37622,15,37622,3983.62,2025-06-02
ORD03399,CUST0810,Ananya Yadav,Delhi,Delhi,Headphones,Accessories,3,37711,0,113133,33286.3,2025-12-15
ORD03400,CUST0208,Diya Yadav,Bangalore,Karnataka,Tablet,Electronics,4,12072,20,48288,10243.56,2025-08-08
ORD03401,CUST0538,Vihaan Patel,Bangalore,Karnataka,Webcam,Accessories,3,9619,5,28857,2994.64,2025-02-21
ORD03402,CUST0863,Sneha Patel,Ahmedabad,Gujarat,Monitor,Electronics,1,41543,0,41543,10030.92,2025-02-10
ORD03403,CUST0782,Kiran Yadav,Ahmedabad,Gujarat,Laptop,Electronics,2,47762,0,95524,9996.61,2025-01-07
ORD03404,CUST0076,Rahul Gupta,Bangalore,Karnataka,Keyboard,Accessories,2,25187,15,50374,9234.81,2025-10-09
ORD03405,CUST0582,Arjun Jogi,Kolkata,West Bengal,Webcam,Accessories,1,4261,5,4261,722.7,2025-10-19
ORD03406,CUST0034,Rahul Verma,Delhi,Delhi,Headphones,Accessories,2,30828,20,61656,17132.97,2025-05-16
ORD03407,CUST0301,Shivani Kumar,Bangalore,Karnataka,Mouse,Accessories,5,21456,10,107280,28643.58,2025-12-28
ORD03408,CUST0802,Kiran Naidu,Hyderabad,Telangana,Laptop,Electronics,2,9759,0,19518,3090.69,2025-11-01
ORD03409,CUST0301,Shivani Kumar,Bangalore,Karnataka,Mouse,Accessories,1,16108,5,16108,4514.04,2025-07-24
ORD03410,CUST0499,Sai Reddy,Chennai,Tamil Nadu,Laptop,Electronics,3,47629,15,142887,21573.8,2025-10-04
ORD03411,CUST0844,Kiran Patel,Mumbai,Maharashtra,Printer,Office,3,49546,0,148638,25645.94,2025-07-09
ORD03412,CUST0530,Kiran Singh,Pune,Maharashtra,Webcam,Accessories,2,35342,15,70684,9043.95,2025-04-06
ORD03413,CUST0731,Ananya Patel,Ahmedabad,Gujarat,USB Cable,Accessories,3,46840,20,140520,31230.71,2025-11-10
ORD03414,CUST0246,Sai Jogi,Delhi,Delhi,USB Cable,Accessories,5,4368,20,21840,3182.31,2025-06-08
ORD03415,CUST0504,Priya Singh,Mumbai,Maharashtra,Laptop,Electronics,1,19915,0,19915,5969.0,2025-05-05
ORD03416,CUST0556,Arjun Patel,Kolkata,West Bengal,Keyboard,Accessories,5,42216,20,211080,49989.72,2025-05-24
ORD03417,CUST0016,Arjun Yadav,Ahmedabad,Gujarat,Keyboard,Accessories,5,17808,5,89040,11747.4,2025-06-02
ORD03418,CUST0370,Shivani Sharma,Mumbai,Maharashtra,Webcam,Accessories,5,15717,20,78585,10910.39,2025-06-07
ORD03419,CUST0286,Sneha Reddy,Delhi,Delhi,Speaker,Electronics,4,44257,10,177028,43527.31,2025-03-15
ORD03420,CUST0563,Vivaan Sharma,Kolkata,West Bengal,Monitor,Electronics,3,39497,15,118491,30071.06,2025-01-23
ORD03421,CUST0950,Vihaan Kumar,Delhi,Delhi,Headphones,Accessories,4,5222,20,20888,6241.93,2025-12-13
ORD03422,CUST0396,Rohan Gupta,Hyderabad,Telangana,Headphones,Accessories,1,5617,15,5617,1361.25,2025-04-01
ORD03423,CUST0189,Vihaan Yadav,Bangalore,Karnataka,Printer,Office,1,28239,15,28239,3091.35,2025-05-01
ORD03424,CUST0806,Rohan Reddy,Delhi,Delhi,Printer,Office,2,31545,20,63090,9075.71,2025-06-29
ORD03425,CUST0016,Arjun Yadav,Ahmedabad,Gujarat,Webcam,Accessories,4,12116,5,48464,6440.44,2025-04-18
ORD03426,CUST0597,Sneha Jogi,Bangalore,Karnataka,Keyboard,Accessories,4,36471,0,145884,19241.38,2025-01-13
ORD03427,CUST0100,Sneha Kumar,Ahmedabad,Gujarat,Monitor,Electronics,1,3898,15,3898,916.39,2025-12-14
ORD03428,CUST0239,Ananya Reddy,Hyderabad,Telangana,Tablet,Electronics,3,47443,20,142329,12995.99,2025-08-07
ORD03429,CUST0585,Priya Jogi,Bangalore,Karnataka,Headphones,Accessories,5,29308,10,146540,28159.79,2025-07-27
ORD03430,CUST0215,Vivaan Reddy,Mumbai,Maharashtra,Mouse,Accessories,4,43012,5,172048,26464.73,2025-12-25
ORD03431,CUST0972,Shivani Reddy,Delhi,Delhi,Mouse,Accessories,1,3965,20,3965,898.19,2025-02-19
ORD03432,CUST0725,Arjun Singh,Mumbai,Maharashtra,Keyboard,Accessories,4,30422,0,121688,17835.37,2025-11-28
ORD03433,CUST0101,Kiran Jogi,Chennai,Tamil Nadu,Printer,Office,4,33970,10,135880,37969.09,2025-07-17
ORD03434,CUST0190,Aditya Naidu,Delhi,Delhi,Laptop,Electronics,1,19910,0,19910,2748.81,2025-07-03
ORD03435,CUST0995,Aditya Gupta,Chennai,Tamil Nadu,Monitor,Electronics,4,3970,20,15880,4597.99,2025-01-09
ORD03436,CUST0343,Diya Singh,Hyderabad,Telangana,Laptop,Electronics,4,11094,0,44376,10456.31,2025-09-14
ORD03437,CUST0621,Rohan Yadav,Delhi,Delhi,Printer,Office,2,14562,15,29124,3446.9,2025-06-27
ORD03438,CUST0889,Vihaan Sharma,Bangalore,Karnataka,Printer,Office,2,26947,20,53894,11576.19,2025-04-07
ORD03439,CUST0446,Rohan Gupta,Chennai,Tamil Nadu,Speaker,Electronics,5,17605,5,88025,23057.05,2025-12-19
ORD03440,CUST0797,Shivani Verma,Chennai,Tamil Nadu,Monitor,Electronics,2,38619,15,77238,21284.18,2025-02-22
ORD03441,CUST0462,Vihaan Gupta,Hyderabad,Telangana,Printer,Office,5,46252,0,231260,60267.0,2025-08-15
ORD03442,CUST0499,Sai Reddy,Chennai,Tamil Nadu,Webcam,Accessories,2,11078,20,22156,3444.75,2025-12-16
ORD03443,CUST0184,Priya Sharma,Mumbai,Maharashtra,Mouse,Accessories,5,45333,15,226665,67364.28,2025-10-13
ORD03444,CUST0136,Vivaan Verma,Chennai,Tamil Nadu,Printer,Office,4,26607,5,106428,21308.47,2025-05-12
ORD03445,CUST0002,Shivani Kumar,Delhi,Delhi,USB Cable,Accessories,3,5798,10,17394,1970.99,2025-11-03
ORD03446,CUST0767,Rohan Patel,Chennai,Tamil Nadu,Monitor,Electronics,2,12018,5,24036,2135.52,2025-05-17
ORD03447,CUST0782,Kiran Yadav,Ahmedabad,Gujarat,Headphones,Accessories,1,27977,15,27977,6133.78,2025-10-26
ORD03448,CUST0940,Aarav Sharma,Bangalore,Karnataka,Speaker,Electronics,5,5558,15,27790,4675.64,2025-04-24
ORD03449,CUST0976,Diya Sharma,Pune,Maharashtra,Keyboard,Accessories,1,47542,10,47542,10657.35,2025-06-02
ORD03450,CUST0113,Meera Kumar,Chennai,Tamil Nadu,Printer,Office,3,31889,5,95667,16493.83,2025-11-01
ORD03451,CUST0874,Vihaan Singh,Ahmedabad,Gujarat,Speaker,Electronics,2,44837,5,89674,13996.03,2025-11-27
ORD03452,CUST0920,Rohan Kumar,Hyderabad,Telangana,Webcam,Accessories,3,1706,15,5118,693.24,2025-10-06
ORD03453,CUST0259,Aditya Yadav,Hyderabad,Telangana,Printer,Office,3,45129,15,135387,18317.63,2025-09-21
ORD03454,CUST0820,Rahul Sharma,Mumbai,Maharashtra,Monitor,Electronics,3,13234,20,39702,10976.0,2025-05-10
ORD03455,CUST0677,Ananya Singh,Chennai,Tamil Nadu,Laptop,Electronics,3,8044,10,24132,3039.79,2025-12-22
ORD03456,CUST0923,Vihaan Gupta,Chennai,Tamil Nadu,Webcam,Accessories,2,13662,0,27324,4396.69,2025-10-30
ORD03457,CUST0125,Aditya Jogi,Mumbai,Maharashtra,Webcam,Accessories,2,10419,0,20838,3188.9,2025-10-08
ORD03458,CUST0776,Shivani Gupta,Delhi,Delhi,Printer,Office,4,4122,5,16488,4618.01,2025-04-03
ORD03459,CUST0285,Priya Reddy,Chennai,Tamil Nadu,Printer,Office,2,33791,20,67582,7269.13,2025-09-20
ORD03460,CUST0909,Vivaan Kumar,Pune,Maharashtra,USB Cable,Accessories,4,11242,15,44968,10433.08,2025-11-06
ORD03461,CUST0103,Ananya Jogi,Hyderabad,Telangana,Monitor,Electronics,4,49169,5,196676,39529.65,2025-01-05
ORD03462,CUST0570,Shivani Verma,Chennai,Tamil Nadu,Mouse,Accessories,4,10117,0,40468,10888.2,2025-03-05
ORD03463,CUST0681,Priya Singh,Delhi,Delhi,Headphones,Accessories,2,23847,5,47694,12930.32,2025-01-27
ORD03464,CUST0894,Meera Singh,Bangalore,Karnataka,Keyboard,Accessories,5,10326,5,51630,11650.27,2025-07-07
ORD03465,CUST0319,Rohan Sharma,Bangalore,Karnataka,Keyboard,Accessories,1,33275,20,33275,7203.98,2025-11-14
ORD03466,CUST0080,Aditya Sharma,Kolkata,West Bengal,Keyboard,Accessories,2,4054,10,8108,1434.64,2025-04-09
ORD03467,CUST0078,Sneha Singh,Ahmedabad,Gujarat,Tablet,Electronics,3,33238,0,99714,19742.97,2025-01-12
ORD03468,CUST0645,Sneha Patel,Mumbai,Maharashtra,USB Cable,Accessories,1,45220,15,45220,9480.91,2025-04-09
ORD03469,CUST0694,Aditya Jogi,Ahmedabad,Gujarat,Keyboard,Accessories,1,3016,5,3016,697.97,2025-05-27
ORD03470,CUST0595,Sai Naidu,Chennai,Tamil Nadu,Laptop,Electronics,4,27201,10,108804,10364.54,2025-02-25
ORD03471,CUST0430,Kiran Patel,Bangalore,Karnataka,Monitor,Electronics,1,39702,5,39702,5341.41,2025-01-09
ORD03472,CUST0500,Sai Yadav,Bangalore,Karnataka,USB Cable,Accessories,3,7957,20,23871,5649.84,2025-08-01
ORD03473,CUST0736,Diya Reddy,Chennai,Tamil Nadu,Monitor,Electronics,1,7453,0,7453,645.97,2025-05-15
ORD03474,CUST0614,Vihaan Gupta,Hyderabad,Telangana,Monitor,Electronics,1,31963,15,31963,8506.04,2025-04-16
ORD03475,CUST0214,Vivaan Singh,Bangalore,Karnataka,Monitor,Electronics,3,32465,10,97395,23014.02,2025-11-02
ORD03476,CUST0485,Sneha Singh,Delhi,Delhi,Webcam,Accessories,4,17023,5,68092,12599.9,2025-10-21
ORD03477,CUST0494,Meera Gupta,Mumbai,Maharashtra,Tablet,Electronics,1,32886,15,32886,6416.73,2025-09-01
ORD03478,CUST0810,Ananya Yadav,Delhi,Delhi,Tablet,Electronics,4,13259,5,53036,14919.91,2025-12-29
ORD03479,CUST0584,Shivani Verma,Chennai,Tamil Nadu,Keyboard,Accessories,5,9863,5,49315,13637.35,2025-04-12
ORD03480,CUST0603,Vivaan Gupta,Chennai,Tamil Nadu,Speaker,Electronics,1,27812,0,27812,5562.7,2025-09-13
ORD03481,CUST0120,Meera Jogi,Mumbai,Maharashtra,Printer,Office,3,41794,15,125382,18869.39,2025-02-10
ORD03482,CUST0222,Aarav Singh,Delhi,Delhi,Speaker,Electronics,3,6003,15,18009,3324.84,2025-08-05
ORD03483,CUST0692,Kiran Jogi,Mumbai,Maharashtra,Keyboard,Accessories,3,47094,20,141282,23724.41,2025-02-14
ORD03484,CUST0746,Ananya Yadav,Hyderabad,Telangana,Monitor,Electronics,3,21307,10,63921,13869.2,2025-04-09
ORD03485,CUST0290,Aarav Sharma,Delhi,Delhi,Keyboard,Accessories,1,18148,10,18148,4192.44,2025-06-07
ORD03486,CUST0551,Sneha Patel,Kolkata,West Bengal,Webcam,Accessories,4,47252,15,189008,34184.79,2025-01-09
ORD03487,CUST0549,Diya Singh,Bangalore,Karnataka,Headphones,Accessories,5,13455,15,67275,18433.34,2025-04-10
ORD03488,CUST0425,Arjun Singh,Ahmedabad,Gujarat,Speaker,Electronics,4,30427,15,121708,32955.97,2025-03-01
ORD03489,CUST0956,Priya Singh,Delhi,Delhi,Keyboard,Accessories,1,41142,20,41142,5306.27,2025-12-25
ORD03490,CUST0580,Vihaan Patel,Ahmedabad,Gujarat,Speaker,Electronics,1,13825,0,13825,2541.69,2025-03-21
ORD03491,CUST0445,Meera Verma,Delhi,Delhi,Webcam,Accessories,4,16445,20,65780,6351.81,2025-10-03
ORD03492,CUST0066,Sai Kumar,Pune,Maharashtra,Printer,Office,2,26778,0,53556,9481.48,2025-11-20
ORD03493,CUST0908,Ananya Patel,Delhi,Delhi,Tablet,Electronics,2,49866,0,99732,17841.04,2025-06-19
ORD03494,CUST0372,Sneha Reddy,Bangalore,Karnataka,USB Cable,Accessories,5,4882,10,24410,5952.72,2025-09-26
ORD03495,CUST0418,Priya Sharma,Bangalore,Karnataka,Laptop,Electronics,1,44852,20,44852,6396.96,2025-08-14
ORD03496,CUST0724,Meera Patel,Kolkata,West Bengal,Printer,Office,2,17311,5,34622,6484.44,2025-10-31
ORD03497,CUST0904,Vivaan Singh,Delhi,Delhi,USB Cable,Accessories,5,41464,20,207320,47810.4,2025-11-04
ORD03498,CUST0984,Vivaan Gupta,Bangalore,Karnataka,Monitor,Electronics,3,20563,20,61689,11371.53,2025-03-18
ORD03499,CUST0921,Rahul Kumar,Chennai,Tamil Nadu,Mouse,Accessories,4,8147,15,32588,5555.29,2025-04-18
ORD03500,CUST0888,Rohan Singh,Bangalore,Karnataka,Laptop,Electronics,2,9504,15,19008,4273.08,2025-04-17
ORD03501,CUST0351,Sai Gupta,Bangalore,Karnataka,Laptop,Electronics,4,31248,15,124992,19282.44,2025-06-13
ORD03502,CUST0649,Rohan Jogi,Hyderabad,Telangana,Mouse,Accessories,3,24548,15,73644,14794.04,2025-03-15
ORD03503,CUST0665,Diya Reddy,Pune,Maharashtra,Mouse,Accessories,1,6492,15,6492,641.83,2025-03-05
ORD03504,CUST0782,Kiran Yadav,Ahmedabad,Gujarat,Mouse,Accessories,4,5381,20,21524,1960.73,2025-12-15
ORD03505,CUST0235,Sai Patel,Ahmedabad,Gujarat,USB Cable,Accessories,1,27572,5,27572,8063.07,2025-12-30
ORD03506,CUST0678,Sai Singh,Bangalore,Karnataka,Keyboard,Accessories,5,991,5,4955,1384.9,2025-10-25
ORD03507,CUST0085,Kiran Reddy,Ahmedabad,Gujarat,Headphones,Accessories,3,39828,5,119484,12982.66,2025-08-28
ORD03508,CUST0195,Priya Jogi,Bangalore,Karnataka,Tablet,Electronics,5,14915,0,74575,8352.65,2025-01-11
ORD03509,CUST0096,Kiran Kumar,Delhi,Delhi,Monitor,Electronics,2,12739,10,25478,2830.93,2025-05-18
ORD03510,CUST0465,Arjun Naidu,Delhi,Delhi,Tablet,Electronics,1,41675,5,41675,7280.32,2025-01-05
ORD03511,CUST0850,Aarav Sharma,Kolkata,West Bengal,Speaker,Electronics,3,29617,20,88851,7632.86,2025-02-09
ORD03512,CUST0242,Sai Patel,Pune,Maharashtra,Headphones,Accessories,1,29671,0,29671,4694.76,2025-02-19
ORD03513,CUST0119,Rahul Naidu,Chennai,Tamil Nadu,Keyboard,Accessories,2,6161,0,12322,1076.49,2025-05-25
ORD03514,CUST0891,Sneha Patel,Bangalore,Karnataka,Monitor,Electronics,5,10693,5,53465,10300.84,2025-06-08
ORD03515,CUST0074,Rohan Verma,Ahmedabad,Gujarat,Printer,Office,5,48612,5,243060,20948.81,2025-05-23
ORD03516,CUST0017,Priya Naidu,Delhi,Delhi,Laptop,Electronics,1,8167,15,8167,1206.21,2025-08-20
ORD03517,CUST0628,Sai Kumar,Pune,Maharashtra,Tablet,Electronics,2,9036,5,18072,2848.72,2025-05-13
ORD03518,CUST0064,Rahul Sharma,Bangalore,Karnataka,Printer,Office,2,49976,5,99952,13535.3,2025-02-19
ORD03519,CUST0216,Shivani Jogi,Hyderabad,Telangana,Mouse,Accessories,2,27549,10,55098,14247.88,2025-12-06
ORD03520,CUST0057,Arjun Patel,Delhi,Delhi,Headphones,Accessories,3,38282,15,114846,32937.83,2025-09-13
ORD03521,CUST0895,Shivani Reddy,Bangalore,Karnataka,Tablet,Electronics,3,10390,0,31170,5949.55,2025-04-08
ORD03522,CUST0969,Arjun Naidu,Kolkata,West Bengal,Mouse,Accessories,2,15415,10,30830,7677.84,2025-11-23
ORD03523,CUST0831,Rahul Reddy,Chennai,Tamil Nadu,Headphones,Accessories,2,29413,0,58826,11620.24,2025-04-13
ORD03524,CUST0146,Rahul Verma,Kolkata,West Bengal,Laptop,Electronics,4,24945,10,99780,28881.63,2025-02-10
ORD03525,CUST0378,Diya Jogi,Bangalore,Karnataka,Laptop,Electronics,1,48178,0,48178,10324.14,2025-02-17
ORD03526,CUST0501,Vivaan Sharma,Pune,Maharashtra,Printer,Office,4,32596,15,130384,25526.29,2025-09-26
ORD03527,CUST0074,Rohan Verma,Ahmedabad,Gujarat,Webcam,Accessories,2,48163,0,96326,24211.27,2025-10-10
ORD03528,CUST0031,Shivani Reddy,Delhi,Delhi,Monitor,Electronics,1,33291,15,33291,4987.04,2025-08-04
ORD03529,CUST0064,Rahul Sharma,Bangalore,Karnataka,Headphones,Accessories,3,46473,10,139419,24693.18,2025-02-14
ORD03530,CUST0099,Meera Sharma,Hyderabad,Telangana,Webcam,Accessories,5,23607,20,118035,30519.86,2025-05-18
ORD03531,CUST0910,Rahul Yadav,Ahmedabad,Gujarat,Monitor,Electronics,3,41964,0,125892,30114.13,2025-06-09
ORD03532,CUST0900,Vivaan Jogi,Delhi,Delhi,Mouse,Accessories,3,25064,20,75192,13056.01,2025-11-11
ORD03533,CUST0485,Sneha Singh,Delhi,Delhi,Mouse,Accessories,5,47011,20,235055,61605.24,2025-03-28
ORD03534,CUST0607,Aditya Gupta,Ahmedabad,Gujarat,Keyboard,Accessories,4,19635,10,78540,14177.86,2025-08-07
ORD03535,CUST0724,Meera Patel,Kolkata,West Bengal,Tablet,Electronics,5,22329,20,111645,16107.74,2025-03-10
ORD03536,CUST0131,Ananya Naidu,Kolkata,West Bengal,Printer,Office,1,15958,5,15958,4367.22,2025-12-29
ORD03537,CUST0302,Sneha Yadav,Pune,Maharashtra,USB Cable,Accessories,3,46468,20,139404,21222.36,2025-09-18
ORD03538,CUST0184,Priya Sharma,Mumbai,Maharashtra,Monitor,Electronics,2,21518,0,43036,11283.97,2025-11-01
ORD03539,CUST0382,Ananya Patel,Pune,Maharashtra,USB Cable,Accessories,5,39625,20,198125,29652.47,2025-09-24
ORD03540,CUST0895,Shivani Reddy,Bangalore,Karnataka,Mouse,Accessories,1,3844,0,3844,680.89,2025-11-09
ORD03541,CUST0319,Rohan Sharma,Bangalore,Karnataka,Printer,Office,5,20356,0,101780,12657.64,2025-09-23
ORD03542,CUST0592,Kiran Yadav,Chennai,Tamil Nadu,Keyboard,Accessories,2,25538,10,51076,8563.8,2025-02-27
ORD03543,CUST0909,Vivaan Kumar,Pune,Maharashtra,Keyboard,Accessories,3,48549,0,145647,17442.13,2025-04-21
ORD03544,CUST0605,Priya Gupta,Chennai,Tamil Nadu,Headphones,Accessories,4,38636,15,154544,38160.74,2025-02-08
ORD03545,CUST0649,Rohan Jogi,Hyderabad,Telangana,Monitor,Electronics,5,30558,15,152790,29204.98,2025-12-05
ORD03546,CUST0549,Diya Singh,Bangalore,Karnataka,USB Cable,Accessories,3,34340,10,103020,22216.54,2025-11-30
ORD03547,CUST0790,Sai Jogi,Chennai,Tamil Nadu,USB Cable,Accessories,2,33306,20,66612,8013.4,2025-10-31
ORD03548,CUST0432,Aarav Patel,Delhi,Delhi,Monitor,Electronics,5,43267,20,216335,30390.27,2025-04-22
ORD03549,CUST0128,Shivani Patel,Kolkata,West Bengal,Keyboard,Accessories,1,20710,5,20710,5738.15,2025-12-20
ORD03550,CUST0014,Sneha Reddy,Mumbai,Maharashtra,USB Cable,Accessories,1,24387,5,24387,6011.73,2025-01-30
ORD03551,CUST0835,Aditya Yadav,Delhi,Delhi,Mouse,Accessories,5,2355,5,11775,2834.2,2025-11-14
ORD03552,CUST0766,Vivaan Sharma,Ahmedabad,Gujarat,Mouse,Accessories,2,7718,0,15436,2437.57,2025-08-29
ORD03553,CUST0321,Rahul Jogi,Pune,Maharashtra,Monitor,Electronics,5,11968,5,59840,11157.08,2025-08-25
ORD03554,CUST0546,Priya Yadav,Bangalore,Karnataka,USB Cable,Accessories,4,19745,20,78980,15165.93,2025-08-03
ORD03555,CUST0867,Arjun Gupta,Pune,Maharashtra,Headphones,Accessories,4,32383,10,129532,24142.34,2025-12-09
ORD03556,CUST0475,Shivani Verma,Bangalore,Karnataka,Mouse,Accessories,3,12222,15,36666,5782.51,2025-08-17
ORD03557,CUST0969,Arjun Naidu,Kolkata,West Bengal,Monitor,Electronics,4,42975,15,171900,15865.3,2025-08-19
ORD03558,CUST0067,Rohan Kumar,Kolkata,West Bengal,Mouse,Accessories,5,19486,0,97430,20312.14,2025-11-27
ORD03559,CUST0635,Diya Kumar,Pune,Maharashtra,Headphones,Accessories,3,12513,20,37539,6130.8,2025-12-19
ORD03560,CUST0163,Rohan Patel,Bangalore,Karnataka,Headphones,Accessories,5,29707,10,148535,23205.32,2025-06-05
ORD03561,CUST0368,Kiran Verma,Hyderabad,Telangana,Mouse,Accessories,5,46752,5,233760,58800.32,2025-07-11
ORD03562,CUST0535,Priya Patel,Ahmedabad,Gujarat,Laptop,Electronics,5,13477,20,67385,6717.52,2025-11-28
ORD03563,CUST0554,Diya Naidu,Mumbai,Maharashtra,Monitor,Electronics,4,21776,20,87104,20331.46,2025-08-10
ORD03564,CUST0407,Rohan Sharma,Kolkata,West Bengal,Printer,Office,2,32684,10,65368,7364.78,2025-09-19
ORD03565,CUST0163,Rohan Patel,Bangalore,Karnataka,Speaker,Electronics,3,48115,5,144345,12907.54,2025-01-30
ORD03566,CUST0053,Sai Verma,Pune,Maharashtra,USB Cable,Accessories,2,3463,15,6926,1995.49,2025-11-13
ORD03567,CUST0114,Priya Patel,Ahmedabad,Gujarat,Printer,Office,3,30130,5,90390,9402.15,2025-03-13
ORD03568,CUST0709,Ananya Yadav,Chennai,Tamil Nadu,Monitor,Electronics,3,25787,5,77361,6677.09,2025-10-25
ORD03569,CUST0678,Sai Singh,Bangalore,Karnataka,Printer,Office,2,39205,15,78410,6322.15,2025-06-21
ORD03570,CUST0891,Sneha Patel,Bangalore,Karnataka,Mouse,Accessories,5,36274,20,181370,28418.01,2025-05-23
ORD03571,CUST0871,Rahul Sharma,Bangalore,Karnataka,Webcam,Accessories,2,25473,5,50946,13529.02,2025-11-07
ORD03572,CUST0179,Vihaan Singh,Hyderabad,Telangana,Laptop,Electronics,3,12667,10,38001,6077.29,2025-11-12
ORD03573,CUST0544,Aditya Singh,Delhi,Delhi,Keyboard,Accessories,2,38076,0,76152,17652.51,2025-02-11
ORD03574,CUST0666,Aarav Reddy,Ahmedabad,Gujarat,Speaker,Electronics,2,38103,0,76206,7278.88,2025-12-11
ORD03575,CUST0633,Aarav Sharma,Delhi,Delhi,Mouse,Accessories,4,10241,10,40964,3431.85,2025-03-25
ORD03576,CUST0331,Sai Patel,Mumbai,Maharashtra,Printer,Office,3,7375,20,22125,1918.76,2025-11-17
ORD03577,CUST0547,Aarav Singh,Hyderabad,Telangana,Mouse,Accessories,1,24090,0,24090,2427.06,2025-04-16
ORD03578,CUST0206,Diya Patel,Kolkata,West Bengal,Webcam,Accessories,1,47824,15,47824,9087.98,2025-10-21
ORD03579,CUST0403,Priya Verma,Chennai,Tamil Nadu,Keyboard,Accessories,5,31159,0,155795,24344.32,2025-09-15
ORD03580,CUST0873,Arjun Sharma,Delhi,Delhi,Headphones,Accessories,4,25345,0,101380,25679.21,2025-04-18
ORD03581,CUST0830,Rahul Singh,Mumbai,Maharashtra,Speaker,Electronics,5,32189,10,160945,20770.03,2025-05-16
ORD03582,CUST0785,Kiran Reddy,Delhi,Delhi,Speaker,Electronics,4,33771,10,135084,31640.08,2025-04-13
ORD03583,CUST0654,Aditya Jogi,Pune,Maharashtra,Headphones,Accessories,4,5179,0,20716,1681.84,2025-01-25
ORD03584,CUST0349,Aarav Reddy,Mumbai,Maharashtra,Monitor,Electronics,2,17375,15,34750,4977.0,2025-09-03
ORD03585,CUST0548,Priya Gupta,Kolkata,West Bengal,Speaker,Electronics,5,22462,20,112310,29262.5,2025-09-20
ORD03586,CUST0316,Vivaan Reddy,Delhi,Delhi,USB Cable,Accessories,2,23242,15,46484,12472.04,2025-03-13
ORD03587,CUST0356,Shivani Yadav,Delhi,Delhi,Laptop,Electronics,4,30514,10,122056,36448.09,2025-02-01
ORD03588,CUST0921,Rahul Kumar,Chennai,Tamil Nadu,Mouse,Accessories,3,25261,0,75783,9072.86,2025-08-04
ORD03589,CUST0432,Aarav Patel,Delhi,Delhi,USB Cable,Accessories,5,12522,5,62610,12905.03,2025-12-28
ORD03590,CUST0395,Aarav Reddy,Chennai,Tamil Nadu,Monitor,Electronics,2,48716,5,97432,28964.34,2025-08-23
ORD03591,CUST0530,Kiran Singh,Pune,Maharashtra,Laptop,Electronics,4,1379,15,5516,811.39,2025-04-04
ORD03592,CUST0014,Sneha Reddy,Mumbai,Maharashtra,Speaker,Electronics,5,42678,20,213390,24933.7,2025-06-12
ORD03593,CUST0718,Vihaan Kumar,Kolkata,West Bengal,Speaker,Electronics,3,6318,0,18954,4320.38,2025-07-17
ORD03594,CUST0330,Sneha Naidu,Chennai,Tamil Nadu,USB Cable,Accessories,1,34819,0,34819,7528.51,2025-11-12
ORD03595,CUST0931,Meera Verma,Chennai,Tamil Nadu,Speaker,Electronics,4,15649,0,62596,18710.15,2025-09-07
ORD03596,CUST0717,Rahul Singh,Ahmedabad,Gujarat,Printer,Office,4,28755,0,115020,11580.74,2025-09-23
ORD03597,CUST0232,Ananya Reddy,Hyderabad,Telangana,Webcam,Accessories,4,36702,0,146808,15792.31,2025-01-08
ORD03598,CUST0814,Rohan Gupta,Kolkata,West Bengal,Tablet,Electronics,3,46897,20,140691,22394.21,2025-12-01
ORD03599,CUST0670,Arjun Gupta,Mumbai,Maharashtra,Tablet,Electronics,5,9774,0,48870,13024.8,2025-12-09
ORD03600,CUST0625,Aditya Verma,Pune,Maharashtra,Speaker,Electronics,2,10214,5,20428,2346.39,2025-10-07
ORD03601,CUST0597,Sneha Jogi,Bangalore,Karnataka,Laptop,Electronics,2,19189,15,38378,3615.17,2025-04-03
ORD03602,CUST0303,Meera Naidu,Kolkata,West Bengal,Headphones,Accessories,5,38466,0,192330,22050.93,2025-11-15
ORD03603,CUST0936,Meera Singh,Pune,Maharashtra,Keyboard,Accessories,4,9740,20,38960,6135.03,2025-09-03
ORD03604,CUST0889,Vihaan Sharma,Bangalore,Karnataka,Tablet,Electronics,4,11756,15,47024,6118.82,2025-11-29
ORD03605,CUST0723,Aarav Jogi,Bangalore,Karnataka,Mouse,Accessories,2,21458,5,42916,6177.08,2025-01-18
ORD03606,CUST0479,Kiran Sharma,Delhi,Delhi,Tablet,Electronics,3,36586,10,109758,30576.97,2025-07-02
ORD03607,CUST0343,Diya Singh,Hyderabad,Telangana,Laptop,Electronics,1,49514,0,49514,14409.57,2025-12-31
ORD03608,CUST0624,Aditya Jogi,Pune,Maharashtra,Monitor,Electronics,1,36916,10,36916,7710.57,2025-02-20
ORD03609,CUST0007,Meera Yadav,Pune,Maharashtra,Printer,Office,3,36285,10,108855,17602.49,2025-11-04
ORD03610,CUST0212,Vivaan Jogi,Bangalore,Karnataka,Monitor,Electronics,1,23948,20,23948,2790.75,2025-02-05
ORD03611,CUST0671,Meera Verma,Chennai,Tamil Nadu,Speaker,Electronics,2,19994,0,39988,4230.32,2025-01-04
ORD03612,CUST0364,Sneha Yadav,Ahmedabad,Gujarat,Webcam,Accessories,5,808,15,4040,837.36,2025-06-01
ORD03613,CUST0468,Vivaan Singh,Delhi,Delhi,Mouse,Accessories,3,38209,15,114627,16901.94,2025-10-01
ORD03614,CUST0382,Ananya Patel,Pune,Maharashtra,Tablet,Electronics,1,12928,5,12928,2900.58,2025-06-25
ORD03615,CUST0692,Kiran Jogi,Mumbai,Maharashtra,Headphones,Accessories,1,45011,5,45011,12299.6,2025-06-06
ORD03616,CUST0224,Meera Gupta,Bangalore,Karnataka,Printer,Office,3,9303,5,27909,8316.03,2025-05-08
ORD03617,CUST0933,Sai Naidu,Delhi,Delhi,Laptop,Electronics,2,39733,20,79466,23523.7,2025-05-18
ORD03618,CUST0622,Aarav Gupta,Ahmedabad,Gujarat,Webcam,Accessories,5,11955,5,59775,8062.84,2025-08-13
ORD03619,CUST0903,Kiran Gupta,Chennai,Tamil Nadu,Speaker,Electronics,2,22710,20,45420,11740.47,2025-12-16
ORD03620,CUST0288,Ananya Verma,Delhi,Delhi,Speaker,Electronics,2,32942,10,65884,14745.12,2025-09-21
ORD03621,CUST0148,Meera Jogi,Kolkata,West Bengal,Laptop,Electronics,2,11610,10,23220,2420.33,2025-03-21
ORD03622,CUST0848,Sneha Gupta,Kolkata,West Bengal,Laptop,Electronics,1,40512,15,40512,7098.97,2025-08-25
ORD03623,CUST0180,Priya Yadav,Mumbai,Maharashtra,Monitor,Electronics,3,29638,15,88914,14113.98,2025-11-25
ORD03624,CUST0389,Sai Jogi,Ahmedabad,Gujarat,Monitor,Electronics,5,38341,5,191705,32192.46,2025-03-14
ORD03625,CUST0574,Priya Gupta,Hyderabad,Telangana,Webcam,Accessories,5,2433,5,12165,1259.51,2025-02-08
ORD03626,CUST0845,Sai Naidu,Chennai,Tamil Nadu,Speaker,Electronics,2,5184,20,10368,1891.95,2025-06-19
ORD03627,CUST0648,Kiran Patel,Hyderabad,Telangana,Monitor,Electronics,2,34758,20,69516,16117.31,2025-03-24
ORD03628,CUST0285,Priya Reddy,Chennai,Tamil Nadu,Tablet,Electronics,2,9525,0,19050,4639.43,2025-12-22
ORD03629,CUST0683,Kiran Sharma,Delhi,Delhi,Tablet,Electronics,2,14513,0,29026,6960.32,2025-02-23
ORD03630,CUST0671,Meera Verma,Chennai,Tamil Nadu,Tablet,Electronics,4,29151,0,116604,26685.4,2025-08-11
ORD03631,CUST0681,Priya Singh,Delhi,Delhi,Laptop,Electronics,1,33252,5,33252,4829.16,2025-06-07
ORD03632,CUST0960,Rohan Reddy,Ahmedabad,Gujarat,Tablet,Electronics,5,16400,0,82000,10439.57,2025-09-24
ORD03633,CUST0200,Shivani Naidu,Mumbai,Maharashtra,Headphones,Accessories,1,5067,15,5067,1082.61,2025-07-31
ORD03634,CUST0869,Arjun Verma,Kolkata,West Bengal,Keyboard,Accessories,5,44843,15,224215,32147.32,2025-01-26
ORD03635,CUST0116,Sai Naidu,Hyderabad,Telangana,Printer,Office,3,20092,15,60276,7107.16,2025-05-24
ORD03636,CUST0021,Ananya Yadav,Pune,Maharashtra,USB Cable,Accessories,1,48256,15,48256,13440.14,2025-12-22
ORD03637,CUST0188,Diya Singh,Delhi,Delhi,Keyboard,Accessories,5,17545,5,87725,25809.62,2025-06-15
ORD03638,CUST0379,Vihaan Patel,Delhi,Delhi,Webcam,Accessories,2,21402,10,42804,6919.03,2025-12-21
ORD03639,CUST0989,Aarav Jogi,Hyderabad,Telangana,Speaker,Electronics,1,4203,0,4203,538.85,2025-06-22
ORD03640,CUST0381,Sai Singh,Hyderabad,Telangana,Keyboard,Accessories,3,43680,0,131040,24944.54,2025-05-05
ORD03641,CUST0854,Rohan Jogi,Ahmedabad,Gujarat,Printer,Office,5,13040,15,65200,14355.1,2025-06-12
ORD03642,CUST0285,Priya Reddy,Chennai,Tamil Nadu,Keyboard,Accessories,5,2953,10,14765,3698.15,2025-05-30
ORD03643,CUST0974,Sneha Patel,Ahmedabad,Gujarat,Tablet,Electronics,5,27287,0,136435,30819.09,2025-07-04
ORD03644,CUST0792,Aarav Naidu,Ahmedabad,Gujarat,Mouse,Accessories,3,24771,5,74313,13663.03,2025-01-24
ORD03645,CUST0326,Priya Verma,Kolkata,West Bengal,Printer,Office,5,4139,0,20695,1990.89,2025-06-30
ORD03646,CUST0962,Kiran Gupta,Delhi,Delhi,Headphones,Accessories,2,20092,15,40184,5654.37,2025-01-24
ORD03647,CUST0413,Shivani Kumar,Ahmedabad,Gujarat,Laptop,Electronics,2,15487,15,30974,3935.3,2025-12-04
ORD03648,CUST0840,Vihaan Verma,Delhi,Delhi,Headphones,Accessories,2,33292,10,66584,14191.53,2025-11-12
ORD03649,CUST0713,Rahul Reddy,Ahmedabad,Gujarat,Mouse,Accessories,4,1612,5,6448,641.12,2025-03-26
ORD03650,CUST0013,Vihaan Kumar,Delhi,Delhi,Printer,Office,2,7698,10,15396,1793.24,2025-11-16
ORD03651,CUST0330,Sneha Naidu,Chennai,Tamil Nadu,Tablet,Electronics,2,44229,5,88458,19384.97,2025-09-20
ORD03652,CUST0753,Rahul Patel,Kolkata,West Bengal,Mouse,Accessories,5,37937,15,189685,36364.16,2025-07-28
ORD03653,CUST0006,Rahul Jogi,Delhi,Delhi,Keyboard,Accessories,5,1551,20,7755,932.43,2025-08-06
ORD03654,CUST0381,Sai Singh,Hyderabad,Telangana,Speaker,Electronics,5,25050,20,125250,10790.11,2025-09-11
ORD03655,CUST0928,Shivani Gupta,Delhi,Delhi,Headphones,Accessories,1,8233,20,8233,1735.54,2025-09-08
ORD03656,CUST0309,Vivaan Patel,Kolkata,West Bengal,Monitor,Electronics,5,49434,10,247170,28938.3,2025-07-31
ORD03657,CUST0768,Vivaan Gupta,Hyderabad,Telangana,Speaker,Electronics,2,16082,0,32164,8551.08,2025-08-01
ORD03658,CUST0937,Kiran Sharma,Ahmedabad,Gujarat,Headphones,Accessories,2,36624,0,73248,7123.47,2025-08-10
ORD03659,CUST0599,Vivaan Singh,Pune,Maharashtra,Tablet,Electronics,3,636,10,1908,341.88,2025-01-20
ORD03660,CUST0656,Vivaan Patel,Bangalore,Karnataka,Laptop,Electronics,5,5986,10,29930,7835.7,2025-06-19
ORD03661,CUST0226,Arjun Reddy,Delhi,Delhi,Printer,Office,5,8849,5,44245,5348.95,2025-01-28
ORD03662,CUST0335,Rahul Jogi,Ahmedabad,Gujarat,Laptop,Electronics,2,20161,5,40322,4713.98,2025-02-22
ORD03663,CUST0730,Arjun Gupta,Kolkata,West Bengal,Keyboard,Accessories,2,48444,5,96888,16542.48,2025-11-30
ORD03664,CUST0380,Arjun Reddy,Kolkata,West Bengal,Headphones,Accessories,3,22635,5,67905,10676.79,2025-05-17
ORD03665,CUST0839,Kiran Naidu,Pune,Maharashtra,Laptop,Electronics,1,42587,5,42587,7077.71,2025-02-15
ORD03666,CUST0731,Ananya Patel,Ahmedabad,Gujarat,Headphones,Accessories,3,11770,5,35310,6491.62,2025-03-08
ORD03667,CUST0241,Diya Naidu,Chennai,Tamil Nadu,USB Cable,Accessories,1,1024,15,1024,263.01,2025-10-09
ORD03668,CUST0793,Ananya Singh,Ahmedabad,Gujarat,Laptop,Electronics,4,28002,5,112008,27161.4,2025-10-13
ORD03669,CUST0754,Aarav Verma,Chennai,Tamil Nadu,Headphones,Accessories,2,1621,10,3242,777.08,2025-06-26
ORD03670,CUST0646,Shivani Reddy,Pune,Maharashtra,Webcam,Accessories,5,42564,15,212820,33087.67,2025-01-04
ORD03671,CUST0502,Arjun Singh,Mumbai,Maharashtra,Laptop,Electronics,5,48716,15,243580,23878.65,2025-04-21
ORD03672,CUST0167,Shivani Gupta,Delhi,Delhi,Speaker,Electronics,1,20484,15,20484,5842.9,2025-11-09
ORD03673,CUST0478,Aarav Naidu,Ahmedabad,Gujarat,USB Cable,Accessories,1,48646,15,48646,10896.28,2025-02-13
ORD03674,CUST0910,Rahul Yadav,Ahmedabad,Gujarat,Keyboard,Accessories,5,2463,15,12315,2250.16,2025-08-27
ORD03675,CUST0085,Kiran Reddy,Ahmedabad,Gujarat,Printer,Office,3,1226,0,3678,645.65,2025-04-01
ORD03676,CUST0354,Vihaan Yadav,Pune,Maharashtra,Keyboard,Accessories,5,16315,5,81575,20242.7,2025-09-16
ORD03677,CUST0541,Priya Jogi,Kolkata,West Bengal,USB Cable,Accessories,2,42911,20,85822,17118.39,2025-07-02
ORD03678,CUST0333,Meera Yadav,Bangalore,Karnataka,Headphones,Accessories,2,11856,5,23712,2602.36,2025-06-22
ORD03679,CUST0336,Aditya Naidu,Chennai,Tamil Nadu,Headphones,Accessories,1,15268,5,15268,2901.23,2025-10-19
ORD03680,CUST0873,Arjun Sharma,Delhi,Delhi,Monitor,Electronics,2,9559,0,19118,2502.32,2025-08-31
ORD03681,CUST0744,Arjun Patel,Ahmedabad,Gujarat,Tablet,Electronics,2,37733,0,75466,21669.15,2025-12-20
ORD03682,CUST0040,Diya Yadav,Mumbai,Maharashtra,Monitor,Electronics,2,3216,5,6432,1237.32,2025-10-16
ORD03683,CUST0509,Vivaan Naidu,Chennai,Tamil Nadu,Printer,Office,1,18936,5,18936,1571.56,2025-07-23
ORD03684,CUST0472,Sai Reddy,Chennai,Tamil Nadu,Tablet,Electronics,4,46894,15,187576,31767.84,2025-02-02
ORD03685,CUST0003,Kiran Verma,Ahmedabad,Gujarat,Headphones,Accessories,3,47930,5,143790,38494.5,2025-05-12
ORD03686,CUST0725,Arjun Singh,Mumbai,Maharashtra,Keyboard,Accessories,2,34230,10,68460,11802.69,2025-06-29
ORD03687,CUST0202,Priya Singh,Pune,Maharashtra,Monitor,Electronics,3,47632,15,142896,28943.41,2025-12-11
ORD03688,CUST0064,Rahul Sharma,Bangalore,Karnataka,Webcam,Accessories,2,7869,20,15738,1602.62,2025-05-25
ORD03689,CUST0541,Priya Jogi,Kolkata,West Bengal,Speaker,Electronics,4,14672,0,58688,16229.67,2025-11-30
ORD03690,CUST0494,Meera Gupta,Mumbai,Maharashtra,Mouse,Accessories,3,23199,20,69597,12294.72,2025-01-19
ORD03691,CUST0011,Meera Reddy,Bangalore,Karnataka,Mouse,Accessories,2,43624,20,87248,19996.53,2025-09-04
ORD03692,CUST0634,Diya Jogi,Kolkata,West Bengal,Keyboard,Accessories,4,7319,10,29276,4906.63,2025-03-05
ORD03693,CUST0523,Priya Jogi,Mumbai,Maharashtra,Printer,Office,3,24605,0,73815,17773.51,2025-09-22
ORD03694,CUST0973,Diya Kumar,Chennai,Tamil Nadu,Headphones,Accessories,4,20082,15,80328,18159.85,2025-01-21
ORD03695,CUST0772,Arjun Patel,Bangalore,Karnataka,Webcam,Accessories,2,4215,20,8430,2174.55,2025-09-11
ORD03696,CUST0545,Rahul Reddy,Chennai,Tamil Nadu,Mouse,Accessories,4,23307,0,93228,25837.25,2025-09-03
ORD03697,CUST0050,Rahul Patel,Pune,Maharashtra,Speaker,Electronics,3,2709,5,8127,2189.73,2025-04-07
ORD03698,CUST0089,Sai Verma,Hyderabad,Telangana,Webcam,Accessories,4,12164,20,48656,9611.9,2025-11-16
ORD03699,CUST0504,Priya Singh,Mumbai,Maharashtra,Mouse,Accessories,5,37704,15,188520,32604.11,2025-04-02
ORD03700,CUST0011,Meera Reddy,Bangalore,Karnataka,Monitor,Electronics,4,48173,5,192692,28724.47,2025-01-17
ORD03701,CUST0881,Sneha Naidu,Hyderabad,Telangana,Mouse,Accessories,2,39262,20,78524,13605.53,2025-10-20
ORD03702,CUST0384,Priya Jogi,Bangalore,Karnataka,Webcam,Accessories,3,48470,0,145410,40585.13,2025-01-29
ORD03703,CUST0537,Arjun Naidu,Pune,Maharashtra,Laptop,Electronics,3,37091,0,111273,32888.56,2025-12-31
ORD03704,CUST0561,Aditya Naidu,Bangalore,Karnataka,Headphones,Accessories,1,25595,20,25595,7623.59,2025-10-15
ORD03705,CUST0968,Rohan Jogi,Ahmedabad,Gujarat,USB Cable,Accessories,2,35712,0,71424,11251.24,2025-05-16
ORD03706,CUST0873,Arjun Sharma,Delhi,Delhi,Printer,Office,5,18555,15,92775,8630.85,2025-11-13
ORD03707,CUST0487,Rohan Gupta,Delhi,Delhi,Keyboard,Accessories,4,8328,5,33312,3509.94,2025-09-16
ORD03708,CUST0651,Shivani Kumar,Bangalore,Karnataka,Keyboard,Accessories,3,43770,15,131310,12913.45,2025-10-31
ORD03709,CUST0451,Aditya Reddy,Bangalore,Karnataka,Monitor,Electronics,3,30768,20,92304,22089.38,2025-06-06
ORD03710,CUST0516,Aarav Sharma,Ahmedabad,Gujarat,Monitor,Electronics,1,5447,15,5447,1058.0,2025-08-29
ORD03711,CUST0064,Rahul Sharma,Bangalore,Karnataka,Laptop,Electronics,1,14908,20,14908,3418.56,2025-02-19
ORD03712,CUST0085,Kiran Reddy,Ahmedabad,Gujarat,Keyboard,Accessories,4,32853,0,131412,27295.64,2025-05-13
ORD03713,CUST0997,Rohan Reddy,Delhi,Delhi,Laptop,Electronics,2,28633,10,57266,15971.34,2025-02-02
ORD03714,CUST0563,Vivaan Sharma,Kolkata,West Bengal,Monitor,Electronics,4,18302,15,73208,9309.72,2025-04-01
ORD03715,CUST0050,Rahul Patel,Pune,Maharashtra,Keyboard,Accessories,5,28642,5,143210,33426.08,2025-12-24
ORD03716,CUST0619,Arjun Gupta,Hyderabad,Telangana,Speaker,Electronics,5,14502,10,72510,16579.52,2025-05-19
ORD03717,CUST0903,Kiran Gupta,Chennai,Tamil Nadu,USB Cable,Accessories,1,24616,20,24616,6552.16,2025-09-17
ORD03718,CUST0183,Rohan Singh,Pune,Maharashtra,Laptop,Electronics,3,23184,5,69552,13630.51,2025-06-20
ORD03719,CUST0566,Priya Yadav,Ahmedabad,Gujarat,Webcam,Accessories,3,21611,20,64833,7610.1,2025-07-27
ORD03720,CUST0884,Vivaan Patel,Ahmedabad,Gujarat,Laptop,Electronics,1,5238,10,5238,482.83,2025-04-29
ORD03721,CUST0228,Vivaan Kumar,Kolkata,West Bengal,Tablet,Electronics,2,10033,15,20066,4242.28,2025-06-12
ORD03722,CUST0376,Shivani Sharma,Kolkata,West Bengal,Printer,Office,1,12819,15,12819,1843.31,2025-12-12
ORD03723,CUST0001,Vihaan Patel,Ahmedabad,Gujarat,Printer,Office,5,12503,0,62515,11786.53,2025-08-29
ORD03724,CUST0123,Rohan Reddy,Hyderabad,Telangana,Printer,Office,3,14034,15,42102,10851.97,2025-01-28
ORD03725,CUST0333,Meera Yadav,Bangalore,Karnataka,Headphones,Accessories,5,47525,10,237625,49532.72,2025-09-28
ORD03726,CUST0330,Sneha Naidu,Chennai,Tamil Nadu,Printer,Office,1,16888,10,16888,1823.4,2025-11-07
ORD03727,CUST0241,Diya Naidu,Chennai,Tamil Nadu,Headphones,Accessories,5,29518,15,147590,42218.35,2025-09-18
ORD03728,CUST0035,Rohan Kumar,Pune,Maharashtra,USB Cable,Accessories,4,2396,15,9584,1180.36,2025-09-13
ORD03729,CUST0120,Meera Jogi,Mumbai,Maharashtra,Monitor,Electronics,1,11990,20,11990,2793.64,2025-07-17
ORD03730,CUST0725,Arjun Singh,Mumbai,Maharashtra,Speaker,Electronics,5,3333,15,16665,1639.76,2025-03-09
ORD03731,CUST0822,Rohan Singh,Kolkata,West Bengal,Monitor,Electronics,2,23306,0,46612,13239.1,2025-12-16
ORD03732,CUST0508,Priya Patel,Ahmedabad,Gujarat,Headphones,Accessories,1,31120,10,31120,2783.84,2025-06-20
ORD03733,CUST0500,Sai Yadav,Bangalore,Karnataka,Monitor,Electronics,5,18852,15,94260,12543.27,2025-02-25
ORD03734,CUST0440,Aarav Reddy,Pune,Maharashtra,Laptop,Electronics,4,4645,20,18580,1689.52,2025-08-04
ORD03735,CUST0111,Rahul Singh,Mumbai,Maharashtra,Mouse,Accessories,2,20361,20,40722,8334.4,2025-10-06
ORD03736,CUST0510,Rahul Patel,Bangalore,Karnataka,Laptop,Electronics,4,14562,20,58248,4939.92,2025-07-06
ORD03737,CUST0690,Sai Singh,Ahmedabad,Gujarat,Laptop,Electronics,4,25285,15,101140,23319.34,2025-03-27
ORD03738,CUST0164,Ananya Kumar,Hyderabad,Telangana,Tablet,Electronics,5,47319,5,236595,54654.17,2025-02-17
ORD03739,CUST0832,Vivaan Jogi,Bangalore,Karnataka,Monitor,Electronics,3,7599,5,22797,1911.53,2025-01-02
ORD03740,CUST0027,Ananya Yadav,Delhi,Delhi,Keyboard,Accessories,3,15805,15,47415,12297.22,2025-06-04
ORD03741,CUST0432,Aarav Patel,Delhi,Delhi,Laptop,Electronics,3,29227,15,87681,14539.84,2025-05-15
ORD03742,CUST0829,Shivani Patel,Chennai,Tamil Nadu,Laptop,Electronics,1,14213,15,14213,1877.11,2025-02-07
ORD03743,CUST0390,Arjun Kumar,Pune,Maharashtra,Laptop,Electronics,2,26496,20,52992,4571.4,2025-10-07
ORD03744,CUST0880,Arjun Naidu,Hyderabad,Telangana,USB Cable,Accessories,4,26519,10,106076,28166.83,2025-12-12
ORD03745,CUST0933,Sai Naidu,Delhi,Delhi,Keyboard,Accessories,3,39666,20,118998,27582.84,2025-03-01
ORD03746,CUST0614,Vihaan Gupta,Hyderabad,Telangana,Laptop,Electronics,4,21841,20,87364,14102.61,2025-05-26
ORD03747,CUST0877,Arjun Kumar,Chennai,Tamil Nadu,Headphones,Accessories,3,31387,15,94161,15237.52,2025-08-10
ORD03748,CUST0045,Meera Naidu,Pune,Maharashtra,Keyboard,Accessories,3,43870,0,131610,35272.85,2025-08-07
ORD03749,CUST0944,Arjun Naidu,Kolkata,West Bengal,USB Cable,Accessories,5,38796,5,193980,35781.44,2025-09-27
ORD03750,CUST0128,Shivani Patel,Kolkata,West Bengal,Laptop,Electronics,4,5123,5,20492,2262.22,2025-02-04
ORD03751,CUST0548,Priya Gupta,Kolkata,West Bengal,Headphones,Accessories,5,20131,15,100655,15518.51,2025-12-05
ORD03752,CUST0753,Rahul Patel,Kolkata,West Bengal,Monitor,Electronics,1,5549,10,5549,1035.86,2025-01-13
ORD03753,CUST0886,Arjun Kumar,Mumbai,Maharashtra,Printer,Office,5,21569,20,107845,24355.41,2025-09-06
ORD03754,CUST0902,Vivaan Sharma,Mumbai,Maharashtra,Speaker,Electronics,2,46164,20,92328,26539.04,2025-06-18
ORD03755,CUST0230,Rahul Gupta,Hyderabad,Telangana,Printer,Office,4,33119,0,132476,32551.03,2025-01-20
ORD03756,CUST0544,Aditya Singh,Delhi,Delhi,Webcam,Accessories,3,45571,10,136713,36228.97,2025-06-23
ORD03757,CUST0498,Priya Patel,Pune,Maharashtra,Laptop,Electronics,3,41383,15,124149,20415.95,2025-04-18
ORD03758,CUST0619,Arjun Gupta,Hyderabad,Telangana,Tablet,Electronics,1,6393,5,6393,716.32,2025-06-29
ORD03759,CUST0811,Aarav Singh,Delhi,Delhi,Monitor,Electronics,3,41521,15,124563,25567.23,2025-10-13
ORD03760,CUST0691,Vihaan Yadav,Chennai,Tamil Nadu,Tablet,Electronics,2,47689,20,95378,11900.73,2025-12-15
ORD03761,CUST0206,Diya Patel,Kolkata,West Bengal,Headphones,Accessories,4,12049,0,48196,10594.1,2025-12-26
ORD03762,CUST0066,Sai Kumar,Pune,Maharashtra,Printer,Office,4,43745,20,174980,30348.58,2025-06-01
ORD03763,CUST0878,Sai Yadav,Pune,Maharashtra,Keyboard,Accessories,5,19788,15,98940,10188.83,2025-10-09
ORD03764,CUST0714,Rahul Naidu,Mumbai,Maharashtra,Laptop,Electronics,3,22297,15,66891,10528.11,2025-03-28
ORD03765,CUST0497,Vihaan Gupta,Mumbai,Maharashtra,Printer,Office,5,18591,20,92955,27487.31,2025-04-19
ORD03766,CUST0787,Priya Jogi,Ahmedabad,Gujarat,Tablet,Electronics,2,36004,20,72008,16481.65,2025-09-13
ORD03767,CUST0068,Diya Gupta,Mumbai,Maharashtra,Speaker,Electronics,3,36067,10,108201,23593.04,2025-03-22
ORD03768,CUST0691,Vihaan Yadav,Chennai,Tamil Nadu,Headphones,Accessories,1,1340,5,1340,164.65,2025-08-04
ORD03769,CUST0515,Vihaan Gupta,Ahmedabad,Gujarat,Mouse,Accessories,2,44039,20,88078,21284.42,2025-11-23
ORD03770,CUST0626,Rohan Sharma,Mumbai,Maharashtra,Keyboard,Accessories,5,1191,5,5955,1747.49,2025-08-16
ORD03771,CUST0043,Shivani Naidu,Ahmedabad,Gujarat,Speaker,Electronics,5,12754,15,63770,11013.77,2025-05-09
ORD03772,CUST0618,Vihaan Gupta,Pune,Maharashtra,Tablet,Electronics,3,4688,20,14064,2084.23,2025-03-31
ORD03773,CUST0596,Diya Jogi,Pune,Maharashtra,Laptop,Electronics,3,41663,20,124989,29564.64,2025-05-12
ORD03774,CUST0322,Kiran Gupta,Kolkata,West Bengal,Laptop,Electronics,3,4999,10,14997,2200.35,2025-10-10
ORD03775,CUST0982,Meera Verma,Kolkata,West Bengal,Mouse,Accessories,1,12342,20,12342,1471.48,2025-10-31
ORD03776,CUST0671,Meera Verma,Chennai,Tamil Nadu,Headphones,Accessories,5,22131,0,110655,31055.39,2025-06-27
ORD03777,CUST0373,Ananya Verma,Chennai,Tamil Nadu,Speaker,Electronics,5,31128,15,155640,41944.06,2025-10-12
ORD03778,CUST0799,Ananya Sharma,Pune,Maharashtra,Mouse,Accessories,1,42509,10,42509,7353.78,2025-05-04
ORD03779,CUST0578,Rahul Verma,Bangalore,Karnataka,Headphones,Accessories,1,40880,15,40880,4174.74,2025-10-20
ORD03780,CUST0646,Shivani Reddy,Pune,Maharashtra,Webcam,Accessories,1,43217,15,43217,6811.3,2025-01-14
ORD03781,CUST0381,Sai Singh,Hyderabad,Telangana,Speaker,Electronics,2,34278,15,68556,19796.35,2025-09-22
ORD03782,CUST0684,Ananya Kumar,Ahmedabad,Gujarat,Mouse,Accessories,2,18951,15,37902,6787.25,2025-11-06
ORD03783,CUST0564,Sneha Gupta,Delhi,Delhi,USB Cable,Accessories,5,15978,5,79890,13424.34,2025-07-31
ORD03784,CUST0009,Ananya Gupta,Mumbai,Maharashtra,Monitor,Electronics,2,42594,5,85188,22410.27,2025-03-16
ORD03785,CUST0418,Priya Sharma,Bangalore,Karnataka,Webcam,Accessories,1,24087,0,24087,6454.01,2025-06-28
ORD03786,CUST0070,Vivaan Yadav,Hyderabad,Telangana,Headphones,Accessories,4,25924,0,103696,20514.0,2025-11-10
ORD03787,CUST0100,Sneha Kumar,Ahmedabad,Gujarat,Speaker,Electronics,2,19715,10,39430,3410.47,2025-12-15
ORD03788,CUST0579,Sai Reddy,Bangalore,Karnataka,Monitor,Electronics,4,9010,10,36040,6085.36,2025-08-07
ORD03789,CUST0642,Meera Singh,Bangalore,Karnataka,Printer,Office,4,26706,0,106824,23954.84,2025-08-20
ORD03790,CUST0459,Aarav Verma,Chennai,Tamil Nadu,Keyboard,Accessories,4,12688,20,50752,12505.84,2025-09-16
ORD03791,CUST0902,Vivaan Sharma,Mumbai,Maharashtra,Keyboard,Accessories,3,10226,20,30678,5965.87,2025-10-16
ORD03792,CUST0049,Priya Kumar,Hyderabad,Telangana,Monitor,Electronics,5,8130,10,40650,10212.83,2025-06-11
ORD03793,CUST0092,Aarav Reddy,Ahmedabad,Gujarat,Printer,Office,4,8790,15,35160,6533.49,2025-06-30
ORD03794,CUST0664,Arjun Naidu,Pune,Maharashtra,Headphones,Accessories,5,726,20,3630,646.47,2025-03-10
ORD03795,CUST0452,Rahul Reddy,Delhi,Delhi,USB Cable,Accessories,1,3380,15,3380,923.55,2025-03-05
ORD03796,CUST0389,Sai Jogi,Ahmedabad,Gujarat,Printer,Office,1,9337,15,9337,1593.28,2025-04-16
ORD03797,CUST0754,Aarav Verma,Chennai,Tamil Nadu,Monitor,Electronics,4,45630,5,182520,44271.57,2025-03-21
ORD03798,CUST0514,Arjun Sharma,Delhi,Delhi,Headphones,Accessories,4,11799,20,47196,6983.37,2025-03-15
ORD03799,CUST0335,Rahul Jogi,Ahmedabad,Gujarat,Printer,Office,5,47912,15,239560,42179.85,2025-12-24
ORD03800,CUST0631,Diya Sharma,Chennai,Tamil Nadu,Headphones,Accessories,5,18372,10,91860,12300.95,2025-05-07
ORD03801,CUST0376,Shivani Sharma,Kolkata,West Bengal,Mouse,Accessories,1,3589,20,3589,578.49,2025-01-23
ORD03802,CUST0141,Aditya Patel,Pune,Maharashtra,Tablet,Electronics,5,17322,15,86610,10869.57,2025-09-09
ORD03803,CUST0283,Sai Gupta,Delhi,Delhi,Monitor,Electronics,3,13948,10,41844,7196.79,2025-12-04
ORD03804,CUST0120,Meera Jogi,Mumbai,Maharashtra,Webcam,Accessories,3,47722,20,143166,27585.84,2025-01-20
ORD03805,CUST0620,Vihaan Gupta,Ahmedabad,Gujarat,Monitor,Electronics,4,12424,15,49696,5436.87,2025-10-10
ORD03806,CUST0884,Vivaan Patel,Ahmedabad,Gujarat,Printer,Office,3,18770,15,56310,15164.68,2025-05-23
ORD03807,CUST0315,Aarav Yadav,Bangalore,Karnataka,Speaker,Electronics,5,6291,5,31455,6980.47,2025-12-05
ORD03808,CUST0243,Arjun Yadav,Hyderabad,Telangana,Webcam,Accessories,5,47867,0,239335,19271.21,2025-11-10
ORD03809,CUST0839,Kiran Naidu,Pune,Maharashtra,Mouse,Accessories,1,3473,20,3473,619.35,2025-01-06
ORD03810,CUST0143,Arjun Sharma,Delhi,Delhi,Keyboard,Accessories,1,48930,5,48930,13537.35,2025-03-13
ORD03811,CUST0386,Aditya Sharma,Delhi,Delhi,Printer,Office,2,43795,0,87590,24479.31,2025-05-15
ORD03812,CUST0021,Ananya Yadav,Pune,Maharashtra,Mouse,Accessories,3,38018,20,114054,10444.12,2025-10-29
ORD03813,CUST0012,Sneha Naidu,Delhi,Delhi,Laptop,Electronics,5,48924,0,244620,36265.47,2025-01-19
ORD03814,CUST0423,Kiran Gupta,Pune,Maharashtra,Laptop,Electronics,2,23302,5,46604,9243.77,2025-06-06
ORD03815,CUST0067,Rohan Kumar,Kolkata,West Bengal,Headphones,Accessories,2,29662,20,59324,13194.73,2025-11-11
ORD03816,CUST0490,Vihaan Naidu,Mumbai,Maharashtra,Speaker,Electronics,5,49455,5,247275,56143.43,2025-02-23
ORD03817,CUST0516,Aarav Sharma,Ahmedabad,Gujarat,Laptop,Electronics,1,40371,5,40371,5044.46,2025-03-10
ORD03818,CUST0064,Rahul Sharma,Bangalore,Karnataka,Printer,Office,1,29544,15,29544,3545.95,2025-02-15
ORD03819,CUST0495,Priya Yadav,Mumbai,Maharashtra,Keyboard,Accessories,3,20076,0,60228,9228.95,2025-09-28
ORD03820,CUST0975,Sai Reddy,Kolkata,West Bengal,Keyboard,Accessories,3,5024,5,15072,1836.75,2025-08-28
ORD03821,CUST0428,Kiran Reddy,Chennai,Tamil Nadu,Keyboard,Accessories,3,30726,10,92178,22745.14,2025-03-09
ORD03822,CUST0602,Shivani Sharma,Kolkata,West Bengal,Webcam,Accessories,5,46471,0,232355,61799.97,2025-04-22
ORD03823,CUST0738,Priya Sharma,Kolkata,West Bengal,Keyboard,Accessories,3,34821,0,104463,10430.21,2025-10-20
ORD03824,CUST0257,Arjun Sharma,Mumbai,Maharashtra,Mouse,Accessories,4,42012,0,168048,27271.65,2025-10-06
ORD03825,CUST0284,Kiran Singh,Bangalore,Karnataka,Speaker,Electronics,2,19350,20,38700,6665.78,2025-07-08
ORD03826,CUST0794,Ananya Reddy,Chennai,Tamil Nadu,Printer,Office,5,18967,10,94835,14604.86,2025-01-28
ORD03827,CUST0069,Kiran Reddy,Delhi,Delhi,Laptop,Electronics,4,18929,5,75716,12263.02,2025-02-05
ORD03828,CUST0770,Aarav Singh,Pune,Maharashtra,Webcam,Accessories,3,22361,20,67083,18851.33,2025-04-28
ORD03829,CUST0782,Kiran Yadav,Ahmedabad,Gujarat,Monitor,Electronics,4,29358,15,117432,29064.8,2025-12-19
ORD03830,CUST0597,Sneha Jogi,Bangalore,Karnataka,Tablet,Electronics,5,47857,5,239285,20086.1,2025-04-10
ORD03831,CUST0565,Shivani Naidu,Hyderabad,Telangana,Webcam,Accessories,3,9842,20,29526,6714.74,2025-08-02
ORD03832,CUST0929,Sai Patel,Pune,Maharashtra,Mouse,Accessories,1,26986,0,26986,3893.95,2025-10-07
ORD03833,CUST0021,Ananya Yadav,Pune,Maharashtra,Laptop,Electronics,2,4250,0,8500,1119.38,2025-08-12
ORD03834,CUST0165,Priya Verma,Delhi,Delhi,Tablet,Electronics,5,4779,5,23895,2175.17,2025-09-28
ORD03835,CUST0470,Rahul Gupta,Ahmedabad,Gujarat,Printer,Office,1,42640,20,42640,8998.43,2025-04-12
ORD03836,CUST0862,Aditya Jogi,Mumbai,Maharashtra,Keyboard,Accessories,1,15514,15,15514,4409.8,2025-02-25
ORD03837,CUST0261,Ananya Kumar,Chennai,Tamil Nadu,USB Cable,Accessories,3,28949,0,86847,15069.64,2025-02-19
ORD03838,CUST0897,Aditya Sharma,Bangalore,Karnataka,Tablet,Electronics,2,37789,10,75578,8822.6,2025-05-07
ORD03839,CUST0278,Shivani Patel,Chennai,Tamil Nadu,Printer,Office,2,11013,5,22026,2163.6,2025-02-03
ORD03840,CUST0797,Shivani Verma,Chennai,Tamil Nadu,Monitor,Electronics,5,14365,15,71825,9867.54,2025-10-24
ORD03841,CUST0193,Arjun Sharma,Bangalore,Karnataka,Speaker,Electronics,5,33413,20,167065,43622.62,2025-03-13
ORD03842,CUST0997,Rohan Reddy,Delhi,Delhi,Speaker,Electronics,5,14543,15,72715,7623.43,2025-11-27
ORD03843,CUST0707,Vihaan Kumar,Chennai,Tamil Nadu,Monitor,Electronics,5,33433,15,167165,44110.78,2025-02-18
ORD03844,CUST0737,Diya Sharma,Pune,Maharashtra,Tablet,Electronics,5,15245,10,76225,7140.69,2025-10-07
ORD03845,CUST0843,Rahul Verma,Bangalore,Karnataka,USB Cable,Accessories,3,21304,10,63912,15920.01,2025-11-20
ORD03846,CUST0547,Aarav Singh,Hyderabad,Telangana,Laptop,Electronics,5,20040,15,100200,27772.97,2025-03-02
ORD03847,CUST0197,Shivani Singh,Pune,Maharashtra,Speaker,Electronics,2,18226,5,36452,3827.53,2025-10-06
ORD03848,CUST0703,Ananya Singh,Mumbai,Maharashtra,USB Cable,Accessories,2,33677,0,67354,9934.9,2025-08-27
ORD03849,CUST0720,Sneha Gupta,Bangalore,Karnataka,Speaker,Electronics,2,34510,15,69020,12414.98,2025-02-08
ORD03850,CUST0401,Priya Yadav,Chennai,Tamil Nadu,USB Cable,Accessories,4,23048,5,92192,24935.61,2025-04-06
ORD03851,CUST0100,Sneha Kumar,Ahmedabad,Gujarat,Tablet,Electronics,4,23852,15,95408,17801.06,2025-08-24
ORD03852,CUST0746,Ananya Yadav,Hyderabad,Telangana,Headphones,Accessories,4,42926,0,171704,19990.04,2025-06-22
ORD03853,CUST0257,Arjun Sharma,Mumbai,Maharashtra,USB Cable,Accessories,5,20463,20,102315,8386.28,2025-02-05
ORD03854,CUST0208,Diya Yadav,Bangalore,Karnataka,USB Cable,Accessories,4,14547,15,58188,10392.4,2025-04-05
ORD03855,CUST0296,Diya Naidu,Chennai,Tamil Nadu,Printer,Office,2,42026,0,84052,16363.2,2025-08-03
ORD03856,CUST0531,Arjun Yadav,Mumbai,Maharashtra,Keyboard,Accessories,2,37522,5,75044,14679.56,2025-03-23
ORD03857,CUST0058,Priya Yadav,Hyderabad,Telangana,Mouse,Accessories,4,41057,10,164228,38354.57,2025-08-02
ORD03858,CUST0026,Arjun Naidu,Mumbai,Maharashtra,Headphones,Accessories,3,36608,0,109824,14100.43,2025-07-22
ORD03859,CUST0921,Rahul Kumar,Chennai,Tamil Nadu,Mouse,Accessories,2,1824,0,3648,369.0,2025-03-24
ORD03860,CUST0506,Diya Kumar,Ahmedabad,Gujarat,Speaker,Electronics,2,48015,10,96030,14809.64,2025-02-21
ORD03861,CUST0320,Rohan Singh,Pune,Maharashtra,USB Cable,Accessories,5,5857,20,29285,8006.26,2025-02-15
ORD03862,CUST0865,Meera Singh,Pune,Maharashtra,Mouse,Accessories,4,40127,0,160508,19960.01,2025-04-16
ORD03863,CUST0378,Diya Jogi,Bangalore,Karnataka,USB Cable,Accessories,1,36041,20,36041,3587.38,2025-10-08
ORD03864,CUST0290,Aarav Sharma,Delhi,Delhi,Monitor,Electronics,1,29911,20,29911,8280.55,2025-02-03
ORD03865,CUST0235,Sai Patel,Ahmedabad,Gujarat,Laptop,Electronics,4,21156,5,84624,17997.78,2025-01-05
ORD03866,CUST0911,Kiran Patel,Hyderabad,Telangana,USB Cable,Accessories,4,11433,0,45732,13151.68,2025-07-15
ORD03867,CUST0210,Diya Sharma,Mumbai,Maharashtra,Webcam,Accessories,2,11683,20,23366,3645.06,2025-03-09
ORD03868,CUST0866,Sai Singh,Bangalore,Karnataka,Headphones,Accessories,5,29242,20,146210,36504.39,2025-06-15
ORD03869,CUST0649,Rohan Jogi,Hyderabad,Telangana,Laptop,Electronics,1,14537,5,14537,3592.89,2025-05-22
ORD03870,CUST0381,Sai Singh,Hyderabad,Telangana,USB Cable,Accessories,5,42851,20,214255,63948.33,2025-11-19
ORD03871,CUST0207,Priya Sharma,Mumbai,Maharashtra,Speaker,Electronics,4,18659,10,74636,7726.34,2025-09-18
ORD03872,CUST0623,Sneha Singh,Delhi,Delhi,Webcam,Accessories,1,38631,0,38631,7120.69,2025-08-31
ORD03873,CUST0323,Rahul Singh,Delhi,Delhi,USB Cable,Accessories,2,19122,10,38244,7079.95,2025-01-04
ORD03874,CUST0685,Priya Reddy,Mumbai,Maharashtra,Speaker,Electronics,3,1701,15,5103,508.82,2025-05-03
ORD03875,CUST0985,Aarav Sharma,Hyderabad,Telangana,Headphones,Accessories,4,35075,5,140300,25099.25,2025-02-21
ORD03876,CUST0721,Shivani Kumar,Ahmedabad,Gujarat,Keyboard,Accessories,2,47690,15,95380,9803.06,2025-05-07
ORD03877,CUST0147,Meera Singh,Mumbai,Maharashtra,Mouse,Accessories,1,3836,10,3836,491.43,2025-12-11
ORD03878,CUST0953,Meera Jogi,Chennai,Tamil Nadu,Keyboard,Accessories,2,10684,5,21368,3714.84,2025-03-26
ORD03879,CUST0949,Meera Gupta,Kolkata,West Bengal,Laptop,Electronics,2,17733,0,35466,5707.89,2025-12-29
ORD03880,CUST0006,Rahul Jogi,Delhi,Delhi,Printer,Office,5,28992,10,144960,16097.37,2025-07-03
ORD03881,CUST0386,Aditya Sharma,Delhi,Delhi,Printer,Office,1,29401,20,29401,2929.33,2025-04-12
ORD03882,CUST0007,Meera Yadav,Pune,Maharashtra,Keyboard,Accessories,1,41152,15,41152,10419.16,2025-07-29
ORD03883,CUST0965,Diya Patel,Delhi,Delhi,Webcam,Accessories,5,31872,20,159360,42779.97,2025-08-28
ORD03884,CUST0358,Rohan Gupta,Bangalore,Karnataka,Monitor,Electronics,3,48442,5,145326,43332.03,2025-05-22
ORD03885,CUST0368,Kiran Verma,Hyderabad,Telangana,USB Cable,Accessories,5,49964,0,249820,46038.53,2025-08-25
ORD03886,CUST0473,Priya Yadav,Delhi,Delhi,Speaker,Electronics,4,11980,5,47920,13685.81,2025-01-08
ORD03887,CUST0015,Rohan Jogi,Bangalore,Karnataka,Speaker,Electronics,2,40442,0,80884,22691.12,2025-10-26
ORD03888,CUST0605,Priya Gupta,Chennai,Tamil Nadu,Keyboard,Accessories,2,40771,10,81542,6848.61,2025-01-07
ORD03889,CUST0799,Ananya Sharma,Pune,Maharashtra,Keyboard,Accessories,3,40508,10,121524,26119.05,2025-01-25
ORD03890,CUST0724,Meera Patel,Kolkata,West Bengal,Headphones,Accessories,3,25301,20,75903,13609.88,2025-04-10
ORD03891,CUST0967,Aditya Gupta,Kolkata,West Bengal,USB Cable,Accessories,4,46680,5,186720,51312.25,2025-09-14
ORD03892,CUST0673,Rahul Patel,Kolkata,West Bengal,Tablet,Electronics,5,5988,5,29940,3047.51,2025-11-08
ORD03893,CUST0126,Vivaan Jogi,Delhi,Delhi,USB Cable,Accessories,5,17556,15,87780,11549.46,2025-05-24
ORD03894,CUST0188,Diya Singh,Delhi,Delhi,Tablet,Electronics,3,25198,10,75594,8197.29,2025-11-23
ORD03895,CUST0501,Vivaan Sharma,Pune,Maharashtra,Speaker,Electronics,3,45236,20,135708,38438.96,2025-09-29
ORD03896,CUST0302,Sneha Yadav,Pune,Maharashtra,Tablet,Electronics,5,23008,0,115040,17691.0,2025-01-29
ORD03897,CUST0030,Rohan Patel,Delhi,Delhi,USB Cable,Accessories,3,43064,10,129192,21320.39,2025-01-08
ORD03898,CUST0640,Vivaan Verma,Kolkata,West Bengal,Keyboard,Accessories,1,23404,10,23404,5097.45,2025-09-26
ORD03899,CUST0858,Priya Gupta,Bangalore,Karnataka,Keyboard,Accessories,4,32697,20,130788,24056.55,2025-02-26
ORD03900,CUST0261,Ananya Kumar,Chennai,Tamil Nadu,Keyboard,Accessories,3,8847,20,26541,5963.83,2025-10-28
ORD03901,CUST0056,Priya Sharma,Pune,Maharashtra,Headphones,Accessories,5,32498,5,162490,45770.13,2025-01-04
ORD03902,CUST0324,Shivani Jogi,Hyderabad,Telangana,Mouse,Accessories,2,46672,0,93344,25183.81,2025-07-28
ORD03903,CUST0490,Vihaan Naidu,Mumbai,Maharashtra,Monitor,Electronics,5,5575,10,27875,3479.0,2025-06-01
ORD03904,CUST0087,Diya Patel,Chennai,Tamil Nadu,Mouse,Accessories,1,27525,15,27525,4129.09,2025-09-24
ORD03905,CUST0957,Aditya Sharma,Delhi,Delhi,Speaker,Electronics,3,26372,0,79116,9718.75,2025-08-04
ORD03906,CUST0902,Vivaan Sharma,Mumbai,Maharashtra,Tablet,Electronics,3,44683,0,134049,21080.3,2025-03-17
ORD03907,CUST0271,Aditya Singh,Kolkata,West Bengal,Mouse,Accessories,4,3418,0,13672,3421.05,2025-08-29
ORD03908,CUST0881,Sneha Naidu,Hyderabad,Telangana,Mouse,Accessories,3,44364,10,133092,37125.31,2025-05-17
ORD03909,CUST0904,Vivaan Singh,Delhi,Delhi,Printer,Office,2,6882,10,13764,2236.82,2025-05-24
ORD03910,CUST0396,Rohan Gupta,Hyderabad,Telangana,Keyboard,Accessories,1,17382,0,17382,3755.15,2025-08-01
ORD03911,CUST0667,Diya Yadav,Delhi,Delhi,Keyboard,Accessories,3,14706,10,44118,3594.37,2025-10-18
ORD03912,CUST0744,Arjun Patel,Ahmedabad,Gujarat,USB Cable,Accessories,2,40154,10,80308,17941.57,2025-01-21
ORD03913,CUST0097,Priya Sharma,Chennai,Tamil Nadu,Speaker,Electronics,1,30677,20,30677,8249.67,2025-10-11
ORD03914,CUST0138,Kiran Yadav,Bangalore,Karnataka,Headphones,Accessories,5,15862,10,79310,12072.91,2025-01-28
ORD03915,CUST0687,Vivaan Kumar,Pune,Maharashtra,Speaker,Electronics,4,34295,10,137180,35967.75,2025-07-09
ORD03916,CUST0667,Diya Yadav,Delhi,Delhi,USB Cable,Accessories,1,42321,20,42321,4103.08,2025-06-16
ORD03917,CUST0789,Vivaan Jogi,Chennai,Tamil Nadu,USB Cable,Accessories,5,20615,20,103075,27005.21,2025-10-17
ORD03918,CUST0376,Shivani Sharma,Kolkata,West Bengal,Monitor,Electronics,2,31043,15,62086,13329.2,2025-03-08
ORD03919,CUST0537,Arjun Naidu,Pune,Maharashtra,Speaker,Electronics,4,43169,0,172676,40042.03,2025-05-31
ORD03920,CUST0224,Meera Gupta,Bangalore,Karnataka,Laptop,Electronics,1,1298,15,1298,184.28,2025-03-25
ORD03921,CUST0016,Arjun Yadav,Ahmedabad,Gujarat,Keyboard,Accessories,3,37489,15,112467,17950.2,2025-07-16
ORD03922,CUST0655,Shivani Singh,Pune,Maharashtra,Printer,Office,1,24990,20,24990,4100.24,2025-09-17
ORD03923,CUST0291,Aditya Jogi,Chennai,Tamil Nadu,Speaker,Electronics,3,40385,20,121155,23152.03,2025-10-02
ORD03924,CUST0746,Ananya Yadav,Hyderabad,Telangana,Keyboard,Accessories,4,29261,15,117044,10602.26,2025-06-03
ORD03925,CUST0871,Rahul Sharma,Bangalore,Karnataka,Monitor,Electronics,2,24649,5,49298,9628.78,2025-07-16
ORD03926,CUST0941,Shivani Verma,Bangalore,Karnataka,Monitor,Electronics,1,42876,0,42876,9704.98,2025-05-12
ORD03927,CUST0001,Vihaan Patel,Ahmedabad,Gujarat,Mouse,Accessories,1,21891,0,21891,3022.14,2025-04-22
ORD03928,CUST0054,Aarav Kumar,Chennai,Tamil Nadu,USB Cable,Accessories,3,17574,5,52722,4762.65,2025-11-27
ORD03929,CUST0396,Rohan Gupta,Hyderabad,Telangana,Webcam,Accessories,4,33376,15,133504,12480.93,2025-08-22
ORD03930,CUST0794,Ananya Reddy,Chennai,Tamil Nadu,Keyboard,Accessories,4,19415,0,77660,16613.66,2025-11-29
ORD03931,CUST0501,Vivaan Sharma,Pune,Maharashtra,Monitor,Electronics,1,16946,0,16946,2779.05,2025-10-24
ORD03932,CUST0596,Diya Jogi,Pune,Maharashtra,Tablet,Electronics,2,16120,15,32240,9297.32,2025-05-20
ORD03933,CUST0011,Meera Reddy,Bangalore,Karnataka,Mouse,Accessories,4,16277,20,65108,5385.29,2025-10-01
ORD03934,CUST0174,Ananya Singh,Bangalore,Karnataka,Laptop,Electronics,4,39148,0,156592,31294.69,2025-07-21
ORD03935,CUST0524,Priya Yadav,Hyderabad,Telangana,Webcam,Accessories,2,47013,0,94026,22672.67,2025-07-11
ORD03936,CUST0318,Sai Naidu,Hyderabad,Telangana,Headphones,Accessories,1,18265,10,18265,5046.87,2025-07-14
ORD03937,CUST0617,Sneha Singh,Bangalore,Karnataka,USB Cable,Accessories,1,34496,5,34496,5921.52,2025-04-10
ORD03938,CUST0912,Vihaan Patel,Kolkata,West Bengal,Webcam,Accessories,5,13448,0,67240,18663.04,2025-02-15
ORD03939,CUST0133,Vivaan Gupta,Chennai,Tamil Nadu,Headphones,Accessories,4,47284,10,189136,48388.3,2025-07-19
ORD03940,CUST0462,Vihaan Gupta,Hyderabad,Telangana,Webcam,Accessories,5,27220,5,136100,22661.53,2025-08-25
ORD03941,CUST0984,Vivaan Gupta,Bangalore,Karnataka,Laptop,Electronics,3,691,10,2073,606.44,2025-09-16
ORD03942,CUST0658,Meera Naidu,Pune,Maharashtra,Mouse,Accessories,3,16574,0,49722,9724.58,2025-04-26
ORD03943,CUST0343,Diya Singh,Hyderabad,Telangana,Speaker,Electronics,1,7075,15,7075,2057.84,2025-06-16
ORD03944,CUST0672,Shivani Yadav,Mumbai,Maharashtra,Laptop,Electronics,2,12006,5,24012,4892.41,2025-11-18
ORD03945,CUST0354,Vihaan Yadav,Pune,Maharashtra,Headphones,Accessories,3,29710,0,89130,14023.63,2025-12-13
ORD03946,CUST0714,Rahul Naidu,Mumbai,Maharashtra,Printer,Office,4,20738,20,82952,13257.99,2025-01-19
ORD03947,CUST0494,Meera Gupta,Mumbai,Maharashtra,Speaker,Electronics,5,11235,5,56175,11724.23,2025-10-18
ORD03948,CUST0183,Rohan Singh,Pune,Maharashtra,Headphones,Accessories,3,20882,20,62646,17365.23,2025-02-20
ORD03949,CUST0680,Rohan Verma,Hyderabad,Telangana,USB Cable,Accessories,5,9731,15,48655,10646.25,2025-07-25
ORD03950,CUST0957,Aditya Sharma,Delhi,Delhi,Mouse,Accessories,1,17288,15,17288,2019.78,2025-06-19
ORD03951,CUST0993,Sneha Patel,Delhi,Delhi,Keyboard,Accessories,4,8305,0,33220,5259.15,2025-12-25
ORD03952,CUST0104,Arjun Jogi,Pune,Maharashtra,Tablet,Electronics,1,30546,20,30546,9156.17,2025-05-05
ORD03953,CUST0319,Rohan Sharma,Bangalore,Karnataka,Mouse,Accessories,2,40605,20,81210,6935.71,2025-05-22
ORD03954,CUST0594,Arjun Reddy,Kolkata,West Bengal,Laptop,Electronics,1,28393,10,28393,3454.62,2025-12-23
ORD03955,CUST0102,Sneha Naidu,Kolkata,West Bengal,Monitor,Electronics,4,32411,0,129644,30922.02,2025-02-10
ORD03956,CUST0465,Arjun Naidu,Delhi,Delhi,USB Cable,Accessories,4,13518,0,54072,5014.15,2025-04-17
ORD03957,CUST0069,Kiran Reddy,Delhi,Delhi,Tablet,Electronics,1,41794,15,41794,7043.39,2025-07-26
ORD03958,CUST0694,Aditya Jogi,Ahmedabad,Gujarat,Monitor,Electronics,1,47625,15,47625,4080.84,2025-02-04
ORD03959,CUST0666,Aarav Reddy,Ahmedabad,Gujarat,Monitor,Electronics,3,5079,0,15237,1949.46,2025-10-24
ORD03960,CUST0225,Vihaan Gupta,Mumbai,Maharashtra,Headphones,Accessories,4,17858,15,71432,19507.9,2025-07-22
ORD03961,CUST0941,Shivani Verma,Bangalore,Karnataka,Speaker,Electronics,1,8145,10,8145,1192.35,2025-02-02
ORD03962,CUST0336,Aditya Naidu,Chennai,Tamil Nadu,Tablet,Electronics,3,33347,0,100041,14193.03,2025-07-06
ORD03963,CUST0556,Arjun Patel,Kolkata,West Bengal,Tablet,Electronics,3,27906,10,83718,8353.95,2025-01-15
ORD03964,CUST0472,Sai Reddy,Chennai,Tamil Nadu,Headphones,Accessories,1,48774,10,48774,11326.29,2025-01-09
ORD03965,CUST0575,Rahul Patel,Bangalore,Karnataka,Webcam,Accessories,1,9452,5,9452,2655.52,2025-09-18
ORD03966,CUST0044,Vivaan Jogi,Kolkata,West Bengal,Webcam,Accessories,5,18776,20,93880,24057.7,2025-08-16
ORD03967,CUST0456,Rohan Reddy,Delhi,Delhi,Printer,Office,3,16861,15,50583,8895.64,2025-04-16
ORD03968,CUST0038,Meera Jogi,Bangalore,Karnataka,Printer,Office,2,27692,10,55384,6578.19,2025-01-04
ORD03969,CUST0869,Arjun Verma,Kolkata,West Bengal,Mouse,Accessories,5,44442,5,222210,27253.31,2025-07-26
ORD03970,CUST0202,Priya Singh,Pune,Maharashtra,USB Cable,Accessories,4,6640,10,26560,3121.42,2025-08-31
ORD03971,CUST0594,Arjun Reddy,Kolkata,West Bengal,Tablet,Electronics,1,3016,15,3016,584.94,2025-03-29
ORD03972,CUST0658,Meera Naidu,Pune,Maharashtra,Laptop,Electronics,2,29420,15,58840,12967.66,2025-10-28
ORD03973,CUST0869,Arjun Verma,Kolkata,West Bengal,Webcam,Accessories,5,2242,20,11210,2706.33,2025-03-07
ORD03974,CUST0240,Rahul Patel,Pune,Maharashtra,Keyboard,Accessories,4,45613,0,182452,38065.57,2025-04-25
ORD03975,CUST0625,Aditya Verma,Pune,Maharashtra,Keyboard,Accessories,1,22626,15,22626,3493.81,2025-05-07
ORD03976,CUST0324,Shivani Jogi,Hyderabad,Telangana,Headphones,Accessories,4,26790,5,107160,12741.88,2025-02-01
ORD03977,CUST0879,Sai Singh,Kolkata,West Bengal,Headphones,Accessories,1,31304,0,31304,7803.19,2025-10-08
ORD03978,CUST0624,Aditya Jogi,Pune,Maharashtra,Mouse,Accessories,1,47084,0,47084,5223.48,2025-10-30
ORD03979,CUST0832,Vivaan Jogi,Bangalore,Karnataka,Speaker,Electronics,3,11881,15,35643,5896.26,2025-06-20
ORD03980,CUST0503,Ananya Reddy,Ahmedabad,Gujarat,Keyboard,Accessories,2,13324,15,26648,5400.87,2025-03-30
ORD03981,CUST0364,Sneha Yadav,Ahmedabad,Gujarat,Speaker,Electronics,3,10713,20,32139,3343.43,2025-05-22
ORD03982,CUST0771,Sai Kumar,Chennai,Tamil Nadu,Speaker,Electronics,2,830,20,1660,272.57,2025-05-08
ORD03983,CUST0015,Rohan Jogi,Bangalore,Karnataka,Headphones,Accessories,3,31729,20,95187,15174.88,2025-04-14
ORD03984,CUST0487,Rohan Gupta,Delhi,Delhi,Webcam,Accessories,1,34232,20,34232,6728.44,2025-05-26
ORD03985,CUST0588,Sneha Verma,Chennai,Tamil Nadu,USB Cable,Accessories,3,25441,10,76323,7904.97,2025-06-01
ORD03986,CUST0973,Diya Kumar,Chennai,Tamil Nadu,Monitor,Electronics,1,37609,20,37609,5802.41,2025-08-15
ORD03987,CUST0059,Vihaan Yadav,Chennai,Tamil Nadu,Headphones,Accessories,4,10949,15,43796,5145.01,2025-03-29
ORD03988,CUST0461,Vihaan Kumar,Delhi,Delhi,USB Cable,Accessories,4,5717,5,22868,3697.36,2025-09-07
ORD03989,CUST0658,Meera Naidu,Pune,Maharashtra,Monitor,Electronics,4,37311,20,149244,44412.96,2025-08-26
ORD03990,CUST0400,Shivani Naidu,Delhi,Delhi,Laptop,Electronics,5,49971,5,249855,31181.01,2025-08-17
ORD03991,CUST0101,Kiran Jogi,Chennai,Tamil Nadu,Speaker,Electronics,3,14378,5,43134,9543.49,2025-12-22
ORD03992,CUST0944,Arjun Naidu,Kolkata,West Bengal,Tablet,Electronics,4,36499,0,145996,24402.61,2025-09-28
ORD03993,CUST0707,Vihaan Kumar,Chennai,Tamil Nadu,Speaker,Electronics,3,33546,10,100638,27890.04,2025-05-02
ORD03994,CUST0335,Rahul Jogi,Ahmedabad,Gujarat,Keyboard,Accessories,4,16773,20,67092,17745.81,2025-07-29
ORD03995,CUST0020,Sneha Sharma,Hyderabad,Telangana,Speaker,Electronics,5,40541,15,202705,21428.82,2025-07-09
ORD03996,CUST0642,Meera Singh,Bangalore,Karnataka,Tablet,Electronics,2,20726,15,41452,11343.14,2025-01-24
ORD03997,CUST0393,Rahul Yadav,Bangalore,Karnataka,Webcam,Accessories,3,5223,20,15669,2857.46,2025-08-24
ORD03998,CUST0469,Vivaan Gupta,Pune,Maharashtra,Printer,Office,3,22760,20,68280,11509.77,2025-06-17
ORD03999,CUST0801,Meera Kumar,Bangalore,Karnataka,Printer,Office,5,2041,15,10205,1927.69,2025-06-03
ORD04000,CUST0074,Rohan Verma,Ahmedabad,Gujarat,Webcam,Accessories,1,26312,10,26312,3940.08,2025-09-25
ORD04001,CUST0157,Vivaan Sharma,Delhi,Delhi,Mouse,Accessories,2,10896,15,21792,2835.31,2025-11-09
ORD04002,CUST0624,Aditya Jogi,Pune,Maharashtra,Headphones,Accessories,2,45201,20,90402,20903.21,2025-01-31
ORD04003,CUST0132,Arjun Kumar,Delhi,Delhi,Mouse,Accessories,3,5049,10,15147,3328.72,2025-02-11
ORD04004,CUST0934,Rahul Kumar,Hyderabad,Telangana,Monitor,Electronics,2,5435,20,10870,1316.35,2025-12-06
ORD04005,CUST0599,Vivaan Singh,Pune,Maharashtra,Speaker,Electronics,1,16656,15,16656,3903.93,2025-09-18
ORD04006,CUST0496,Vihaan Singh,Bangalore,Karnataka,Mouse,Accessories,4,1658,5,6632,628.34,2025-04-10
ORD04007,CUST0573,Ananya Singh,Kolkata,West Bengal,USB Cable,Accessories,2,2416,20,4832,871.19,2025-07-09
ORD04008,CUST0257,Arjun Sharma,Mumbai,Maharashtra,Webcam,Accessories,5,24442,0,122210,20747.37,2025-02-02
ORD04009,CUST0716,Aditya Singh,Kolkata,West Bengal,Keyboard,Accessories,1,45607,15,45607,8742.06,2025-10-13
ORD04010,CUST0773,Diya Reddy,Bangalore,Karnataka,Headphones,Accessories,3,18833,10,56499,10625.02,2025-03-27
ORD04011,CUST0103,Ananya Jogi,Hyderabad,Telangana,Webcam,Accessories,4,48834,20,195336,50524.99,2025-04-03
ORD04012,CUST0753,Rahul Patel,Kolkata,West Bengal,Laptop,Electronics,5,46399,0,231995,58580.11,2025-02-25
ORD04013,CUST0684,Ananya Kumar,Ahmedabad,Gujarat,USB Cable,Accessories,5,42145,0,210725,53750.72,2025-02-23
ORD04014,CUST0001,Vihaan Patel,Ahmedabad,Gujarat,Keyboard,Accessories,5,21749,10,108745,13307.51,2025-07-08
ORD04015,CUST0296,Diya Naidu,Chennai,Tamil Nadu,Mouse,Accessories,5,10788,20,53940,12492.49,2025-09-07
ORD04016,CUST0286,Sneha Reddy,Delhi,Delhi,Speaker,Electronics,1,39760,0,39760,10999.16,2025-04-12
ORD04017,CUST0400,Shivani Naidu,Delhi,Delhi,Printer,Office,4,15643,15,62572,6032.96,2025-03-11
ORD04018,CUST0893,Shivani Patel,Ahmedabad,Gujarat,Printer,Office,1,33927,0,33927,7110.39,2025-01-23
ORD04019,CUST0415,Shivani Verma,Kolkata,West Bengal,Tablet,Electronics,5,16782,10,83910,7172.92,2025-01-03
ORD04020,CUST0673,Rahul Patel,Kolkata,West Bengal,Laptop,Electronics,5,20915,20,104575,15600.46,2025-06-26
ORD04021,CUST0889,Vihaan Sharma,Bangalore,Karnataka,Monitor,Electronics,3,16560,0,49680,14179.14,2025-02-13
ORD04022,CUST0122,Arjun Naidu,Mumbai,Maharashtra,USB Cable,Accessories,5,49512,5,247560,44037.18,2025-04-09
ORD04023,CUST0536,Shivani Sharma,Delhi,Delhi,Printer,Office,3,19546,5,58638,12426.03,2025-04-30
ORD04024,CUST0425,Arjun Singh,Ahmedabad,Gujarat,Webcam,Accessories,2,4436,5,8872,1090.03,2025-05-03
ORD04025,CUST0859,Vivaan Reddy,Delhi,Delhi,Printer,Office,1,1665,5,1665,366.93,2025-04-11
ORD04026,CUST0111,Rahul Singh,Mumbai,Maharashtra,Monitor,Electronics,3,18584,15,55752,11807.06,2025-06-29
ORD04027,CUST0379,Vihaan Patel,Delhi,Delhi,Keyboard,Accessories,3,40478,15,121434,35598.39,2025-05-19
ORD04028,CUST0116,Sai Naidu,Hyderabad,Telangana,Tablet,Electronics,1,35147,20,35147,8162.95,2025-03-13
ORD04029,CUST0283,Sai Gupta,Delhi,Delhi,Mouse,Accessories,1,38987,15,38987,7695.08,2025-01-05
ORD04030,CUST0554,Diya Naidu,Mumbai,Maharashtra,Keyboard,Accessories,2,17413,20,34826,9113.0,2025-10-16
ORD04031,CUST0028,Ananya Sharma,Ahmedabad,Gujarat,Webcam,Accessories,1,17476,15,17476,2715.72,2025-05-23
ORD04032,CUST0899,Shivani Naidu,Chennai,Tamil Nadu,USB Cable,Accessories,3,10667,15,32001,3507.74,2025-03-07
ORD04033,CUST0765,Meera Patel,Mumbai,Maharashtra,USB Cable,Accessories,1,32049,5,32049,5396.43,2025-10-15
ORD04034,CUST0756,Kiran Patel,Pune,Maharashtra,Webcam,Accessories,4,35843,20,143372,13514.9,2025-12-22
ORD04035,CUST0611,Vihaan Reddy,Hyderabad,Telangana,Laptop,Electronics,5,37536,10,187680,21055.88,2025-12-29
ORD04036,CUST0403,Priya Verma,Chennai,Tamil Nadu,Mouse,Accessories,1,18585,15,18585,2107.67,2025-08-01
ORD04037,CUST0816,Rohan Verma,Ahmedabad,Gujarat,Printer,Office,1,17835,5,17835,4936.67,2025-01-29
ORD04038,CUST0319,Rohan Sharma,Bangalore,Karnataka,Webcam,Accessories,5,30109,5,150545,21442.58,2025-05-30
ORD04039,CUST0899,Shivani Naidu,Chennai,Tamil Nadu,Laptop,Electronics,3,579,10,1737,393.52,2025-05-28
ORD04040,CUST0431,Ananya Verma,Hyderabad,Telangana,USB Cable,Accessories,3,29684,0,89052,21420.88,2025-08-13
ORD04041,CUST0103,Ananya Jogi,Hyderabad,Telangana,Tablet,Electronics,1,3500,10,3500,529.32,2025-03-27
ORD04042,CUST0456,Rohan Reddy,Delhi,Delhi,Monitor,Electronics,5,40361,20,201805,17759.36,2025-07-28
ORD04043,CUST0310,Sneha Naidu,Mumbai,Maharashtra,Keyboard,Accessories,3,27378,0,82134,19123.85,2025-01-11
ORD04044,CUST0894,Meera Singh,Bangalore,Karnataka,Webcam,Accessories,5,32694,15,163470,16737.22,2025-10-11
ORD04045,CUST0117,Sai Naidu,Hyderabad,Telangana,Laptop,Electronics,4,40246,0,160984,41961.33,2025-07-22
ORD04046,CUST0539,Kiran Singh,Mumbai,Maharashtra,Printer,Office,4,39296,0,157184,16867.51,2025-10-13
ORD04047,CUST0257,Arjun Sharma,Mumbai,Maharashtra,Keyboard,Accessories,1,26474,0,26474,3182.36,2025-10-09
ORD04048,CUST0375,Priya Naidu,Pune,Maharashtra,Keyboard,Accessories,4,23752,5,95008,11823.28,2025-03-30
ORD04049,CUST0291,Aditya Jogi,Chennai,Tamil Nadu,Printer,Office,2,23865,10,47730,12563.75,2025-10-29
ORD04050,CUST0476,Rohan Kumar,Ahmedabad,Gujarat,Laptop,Electronics,5,25291,15,126455,22352.63,2025-05-08
ORD04051,CUST0250,Arjun Jogi,Hyderabad,Telangana,Mouse,Accessories,1,10224,20,10224,2104.91,2025-07-21
ORD04052,CUST0442,Ananya Verma,Bangalore,Karnataka,Monitor,Electronics,3,14646,0,43938,10058.43,2025-07-23
ORD04053,CUST0553,Meera Patel,Bangalore,Karnataka,Monitor,Electronics,1,11942,5,11942,1398.17,2025-05-06
ORD04054,CUST0321,Rahul Jogi,Pune,Maharashtra,USB Cable,Accessories,3,46931,5,140793,29078.08,2025-10-30
ORD04055,CUST0841,Aditya Patel,Bangalore,Karnataka,Laptop,Electronics,2,39689,20,79378,22922.99,2025-09-29
ORD04056,CUST0868,Rohan Singh,Hyderabad,Telangana,Printer,Office,1,18322,15,18322,3672.65,2025-03-06
ORD04057,CUST0736,Diya Reddy,Chennai,Tamil Nadu,Mouse,Accessories,1,38396,5,38396,10497.16,2025-02-28
ORD04058,CUST0448,Kiran Verma,Chennai,Tamil Nadu,Webcam,Accessories,3,36969,20,110907,15871.42,2025-03-13
ORD04059,CUST0933,Sai Naidu,Delhi,Delhi,Webcam,Accessories,5,6643,10,33215,6947.0,2025-10-21
ORD04060,CUST0064,Rahul Sharma,Bangalore,Karnataka,Mouse,Accessories,2,6026,0,12052,2892.18,2025-07-10
ORD04061,CUST0873,Arjun Sharma,Delhi,Delhi,Printer,Office,1,12494,15,12494,1975.48,2025-01-12
ORD04062,CUST0563,Vivaan Sharma,Kolkata,West Bengal,Tablet,Electronics,5,45363,10,226815,59617.05,2025-08-24
ORD04063,CUST0239,Ananya Reddy,Hyderabad,Telangana,Keyboard,Accessories,4,2746,0,10984,1660.82,2025-11-10
ORD04064,CUST0371,Rohan Gupta,Kolkata,West Bengal,Mouse,Accessories,3,34696,5,104088,20231.26,2025-02-06
ORD04065,CUST0438,Meera Jogi,Chennai,Tamil Nadu,Speaker,Electronics,2,7927,15,15854,1455.95,2025-11-30
ORD04066,CUST0255,Aditya Reddy,Pune,Maharashtra,Keyboard,Accessories,3,42100,20,126300,30026.0,2025-08-27
ORD04067,CUST0611,Vihaan Reddy,Hyderabad,Telangana,Tablet,Electronics,2,6515,5,13030,1551.54,2025-06-09
ORD04068,CUST0377,Aditya Kumar,Bangalore,Karnataka,Headphones,Accessories,2,48890,20,97780,19077.76,2025-12-27
ORD04069,CUST0927,Arjun Sharma,Mumbai,Maharashtra,Monitor,Electronics,2,47113,20,94226,25103.23,2025-10-27
ORD04070,CUST0862,Aditya Jogi,Mumbai,Maharashtra,Monitor,Electronics,5,32713,5,163565,22011.13,2025-02-14
ORD04071,CUST0608,Vivaan Singh,Kolkata,West Bengal,Monitor,Electronics,2,6965,15,13930,1968.17,2025-08-08
ORD04072,CUST0752,Sai Gupta,Pune,Maharashtra,Mouse,Accessories,2,40590,10,81180,20515.87,2025-09-29
ORD04073,CUST0459,Aarav Verma,Chennai,Tamil Nadu,Printer,Office,3,28019,10,84057,13563.04,2025-09-17
ORD04074,CUST0496,Vihaan Singh,Bangalore,Karnataka,Mouse,Accessories,5,12657,0,63285,9605.13,2025-12-10
ORD04075,CUST0599,Vivaan Singh,Pune,Maharashtra,Laptop,Electronics,4,20893,20,83572,8927.09,2025-03-08
ORD04076,CUST0845,Sai Naidu,Chennai,Tamil Nadu,Monitor,Electronics,2,6015,5,12030,1079.34,2025-02-28
ORD04077,CUST0863,Sneha Patel,Ahmedabad,Gujarat,Mouse,Accessories,4,31639,0,126556,29773.98,2025-07-22
ORD04078,CUST0910,Rahul Yadav,Ahmedabad,Gujarat,Laptop,Electronics,2,12326,15,24652,5304.93,2025-11-18
ORD04079,CUST0912,Vihaan Patel,Kolkata,West Bengal,Printer,Office,2,35043,10,70086,19433.88,2025-04-12
ORD04080,CUST0909,Vivaan Kumar,Pune,Maharashtra,USB Cable,Accessories,5,48766,15,243830,26507.99,2025-06-19
ORD04081,CUST0501,Vivaan Sharma,Pune,Maharashtra,Mouse,Accessories,2,19695,20,39390,5396.37,2025-01-24
ORD04082,CUST0136,Vivaan Verma,Chennai,Tamil Nadu,Webcam,Accessories,2,40109,5,80218,19393.72,2025-07-11
ORD04083,CUST0936,Meera Singh,Pune,Maharashtra,USB Cable,Accessories,3,23445,0,70335,20844.57,2025-09-13
ORD04084,CUST0598,Rahul Patel,Kolkata,West Bengal,Laptop,Electronics,4,45430,0,181720,19801.51,2025-06-17
ORD04085,CUST0135,Aditya Gupta,Pune,Maharashtra,Monitor,Electronics,4,22218,20,88872,26177.73,2025-06-28
ORD04086,CUST0776,Shivani Gupta,Delhi,Delhi,Printer,Office,4,31732,15,126928,11604.46,2025-10-21
ORD04087,CUST0033,Priya Naidu,Kolkata,West Bengal,Headphones,Accessories,5,20091,15,100455,14586.01,2025-12-23
ORD04088,CUST0719,Arjun Patel,Bangalore,Karnataka,USB Cable,Accessories,4,46715,10,186860,44378.9,2025-04-03
ORD04089,CUST0454,Ananya Kumar,Bangalore,Karnataka,USB Cable,Accessories,1,32506,20,32506,9613.86,2025-05-12
ORD04090,CUST0875,Shivani Patel,Bangalore,Karnataka,Keyboard,Accessories,2,22371,5,44742,8303.47,2025-09-10
ORD04091,CUST0785,Kiran Reddy,Delhi,Delhi,Monitor,Electronics,3,39394,5,118182,19285.09,2025-08-03
ORD04092,CUST0047,Rahul Verma,Chennai,Tamil Nadu,Keyboard,Accessories,2,7209,10,14418,1214.17,2025-12-20
ORD04093,CUST0011,Meera Reddy,Bangalore,Karnataka,Headphones,Accessories,2,42730,10,85460,18403.96,2025-01-24
ORD04094,CUST0965,Diya Patel,Delhi,Delhi,Mouse,Accessories,2,30988,0,61976,11694.36,2025-11-27
ORD04095,CUST0115,Diya Singh,Chennai,Tamil Nadu,Headphones,Accessories,3,38207,15,114621,12638.21,2025-10-30
ORD04096,CUST0181,Sai Jogi,Chennai,Tamil Nadu,Keyboard,Accessories,1,21550,20,21550,6091.94,2025-05-15
ORD04097,CUST0761,Ananya Patel,Chennai,Tamil Nadu,USB Cable,Accessories,5,48650,5,243250,64398.43,2025-01-13
ORD04098,CUST0541,Priya Jogi,Kolkata,West Bengal,Laptop,Electronics,4,35128,5,140512,29594.07,2025-08-12
ORD04099,CUST0196,Ananya Sharma,Pune,Maharashtra,Keyboard,Accessories,1,42630,10,42630,5440.94,2025-04-06
ORD04100,CUST0107,Shivani Kumar,Bangalore,Karnataka,Webcam,Accessories,1,49962,15,49962,11978.65,2025-04-23
ORD04101,CUST0515,Vihaan Gupta,Ahmedabad,Gujarat,Laptop,Electronics,4,40760,15,163040,32062.39,2025-10-06
ORD04102,CUST0612,Diya Patel,Chennai,Tamil Nadu,Keyboard,Accessories,2,3878,5,7756,1505.69,2025-09-24
ORD04103,CUST0276,Aditya Kumar,Pune,Maharashtra,Tablet,Electronics,3,44560,5,133680,28690.85,2025-04-09
ORD04104,CUST0528,Aarav Reddy,Kolkata,West Bengal,Monitor,Electronics,4,35705,10,142820,26785.3,2025-09-13
ORD04105,CUST0745,Aarav Jogi,Hyderabad,Telangana,Monitor,Electronics,1,33628,5,33628,5198.93,2025-06-29
ORD04106,CUST0883,Priya Gupta,Kolkata,West Bengal,Monitor,Electronics,2,40410,10,80820,20531.13,2025-02-16
ORD04107,CUST0013,Vihaan Kumar,Delhi,Delhi,Speaker,Electronics,4,619,5,2476,625.89,2025-08-16
ORD04108,CUST0138,Kiran Yadav,Bangalore,Karnataka,Tablet,Electronics,2,49057,15,98114,14593.32,2025-02-10
ORD04109,CUST0626,Rohan Sharma,Mumbai,Maharashtra,Laptop,Electronics,5,38335,15,191675,37384.32,2025-04-13
ORD04110,CUST0703,Ananya Singh,Mumbai,Maharashtra,Speaker,Electronics,2,5709,20,11418,3259.43,2025-12-29
ORD04111,CUST0653,Vivaan Verma,Hyderabad,Telangana,Monitor,Electronics,1,45602,0,45602,13417.25,2025-12-28
ORD04112,CUST0887,Meera Jogi,Mumbai,Maharashtra,Mouse,Accessories,5,23565,20,117825,14669.6,2025-07-13
ORD04113,CUST0570,Shivani Verma,Chennai,Tamil Nadu,Webcam,Accessories,3,22992,5,68976,6158.34,2025-02-10
ORD04114,CUST0030,Rohan Patel,Delhi,Delhi,Mouse,Accessories,2,44721,15,89442,25611.44,2025-10-21
ORD04115,CUST0219,Meera Singh,Mumbai,Maharashtra,Headphones,Accessories,1,22805,5,22805,6796.12,2025-08-13
ORD04116,CUST0151,Ananya Reddy,Kolkata,West Bengal,Webcam,Accessories,2,13902,10,27804,4298.37,2025-11-19
ORD04117,CUST0723,Aarav Jogi,Bangalore,Karnataka,Printer,Office,4,38687,15,154748,44179.15,2025-03-10
ORD04118,CUST0065,Sai Jogi,Hyderabad,Telangana,Speaker,Electronics,4,41646,10,166584,33203.25,2025-05-31
ORD04119,CUST0033,Priya Naidu,Kolkata,West Bengal,Printer,Office,1,13564,0,13564,1100.99,2025-07-14
ORD04120,CUST0901,Kiran Kumar,Hyderabad,Telangana,Speaker,Electronics,3,31017,0,93051,19543.29,2025-05-23
ORD04121,CUST0206,Diya Patel,Kolkata,West Bengal,Headphones,Accessories,5,29653,0,148265,43731.39,2025-09-28
ORD04122,CUST0971,Shivani Reddy,Ahmedabad,Gujarat,Headphones,Accessories,4,22237,0,88948,18209.72,2025-04-28
ORD04123,CUST0700,Shivani Gupta,Kolkata,West Bengal,Speaker,Electronics,3,33116,20,99348,22165.85,2025-11-21
ORD04124,CUST0834,Vivaan Singh,Hyderabad,Telangana,Webcam,Accessories,3,10616,20,31848,7337.49,2025-03-29
ORD04125,CUST0435,Kiran Sharma,Ahmedabad,Gujarat,Webcam,Accessories,2,29649,5,59298,4795.17,2025-09-30
ORD04126,CUST0564,Sneha Gupta,Delhi,Delhi,Laptop,Electronics,1,43529,10,43529,11397.1,2025-02-12
ORD04127,CUST0412,Kiran Verma,Ahmedabad,Gujarat,Mouse,Accessories,3,9659,10,28977,4762.39,2025-12-26
ORD04128,CUST0573,Ananya Singh,Kolkata,West Bengal,Tablet,Electronics,5,22375,10,111875,22679.57,2025-12-30
ORD04129,CUST0347,Meera Gupta,Chennai,Tamil Nadu,Laptop,Electronics,3,35328,20,105984,18630.56,2025-01-16
ORD04130,CUST0891,Sneha Patel,Bangalore,Karnataka,USB Cable,Accessories,4,21139,15,84556,21672.41,2025-11-30
ORD04131,CUST0985,Aarav Sharma,Hyderabad,Telangana,USB Cable,Accessories,4,18100,0,72400,11126.55,2025-06-02
ORD04132,CUST0197,Shivani Singh,Pune,Maharashtra,Monitor,Electronics,4,3281,15,13124,2294.08,2025-02-08
ORD04133,CUST0027,Ananya Yadav,Delhi,Delhi,Printer,Office,4,7006,15,28024,4548.12,2025-01-14
ORD04134,CUST0011,Meera Reddy,Bangalore,Karnataka,Printer,Office,3,11595,10,34785,3167.01,2025-03-03
ORD04135,CUST0620,Vihaan Gupta,Ahmedabad,Gujarat,Printer,Office,2,9301,5,18602,1504.8,2025-01-23
ORD04136,CUST0861,Arjun Kumar,Chennai,Tamil Nadu,Speaker,Electronics,2,48569,0,97138,21443.18,2025-02-20
ORD04137,CUST0734,Shivani Yadav,Chennai,Tamil Nadu,Keyboard,Accessories,1,41022,5,41022,8293.8,2025-11-21
ORD04138,CUST0322,Kiran Gupta,Kolkata,West Bengal,Webcam,Accessories,4,15548,0,62192,9986.31,2025-10-13
ORD04139,CUST0694,Aditya Jogi,Ahmedabad,Gujarat,Headphones,Accessories,1,29945,0,29945,6676.24,2025-08-28
ORD04140,CUST0557,Aditya Jogi,Mumbai,Maharashtra,Laptop,Electronics,3,8167,15,24501,3221.06,2025-09-26
ORD04141,CUST0047,Rahul Verma,Chennai,Tamil Nadu,Headphones,Accessories,1,49575,0,49575,9612.35,2025-10-29
ORD04142,CUST0441,Aarav Naidu,Mumbai,Maharashtra,Printer,Office,4,38085,20,152340,32892.49,2025-10-26
ORD04143,CUST0408,Arjun Singh,Chennai,Tamil Nadu,Mouse,Accessories,5,15771,10,78855,11066.67,2025-03-19
ORD04144,CUST0608,Vivaan Singh,Kolkata,West Bengal,Printer,Office,3,45366,20,136098,16430.74,2025-05-09
ORD04145,CUST0118,Kiran Kumar,Pune,Maharashtra,Headphones,Accessories,1,44058,20,44058,8478.21,2025-01-22
ORD04146,CUST0687,Vivaan Kumar,Pune,Maharashtra,Tablet,Electronics,2,8145,10,16290,4751.33,2025-08-06
ORD04147,CUST0707,Vihaan Kumar,Chennai,Tamil Nadu,USB Cable,Accessories,4,19487,0,77948,23235.31,2025-12-02
ORD04148,CUST0863,Sneha Patel,Ahmedabad,Gujarat,Headphones,Accessories,3,5050,5,15150,2403.09,2025-01-30
ORD04149,CUST0530,Kiran Singh,Pune,Maharashtra,Printer,Office,3,45474,15,136422,33711.74,2025-12-24
ORD04150,CUST0480,Diya Sharma,Mumbai,Maharashtra,Webcam,Accessories,1,22065,0,22065,3806.0,2025-12-23
ORD04151,CUST0804,Sai Gupta,Ahmedabad,Gujarat,Monitor,Electronics,3,9624,5,28872,6568.53,2025-04-09
ORD04152,CUST0912,Vihaan Patel,Kolkata,West Bengal,Tablet,Electronics,5,24645,5,123225,16075.63,2025-01-15
ORD04153,CUST0025,Shivani Verma,Chennai,Tamil Nadu,Tablet,Electronics,3,37779,10,113337,12119.33,2025-12-04
ORD04154,CUST0976,Diya Sharma,Pune,Maharashtra,Keyboard,Accessories,5,27616,20,138080,19319.56,2025-08-05
ORD04155,CUST0207,Priya Sharma,Mumbai,Maharashtra,Monitor,Electronics,1,28003,10,28003,2806.18,2025-07-07
ORD04156,CUST0546,Priya Yadav,Bangalore,Karnataka,Webcam,Accessories,4,24323,15,97292,8136.13,2025-10-27
ORD04157,CUST0470,Rahul Gupta,Ahmedabad,Gujarat,USB Cable,Accessories,4,37897,10,151588,38416.66,2025-04-11
ORD04158,CUST0132,Arjun Kumar,Delhi,Delhi,USB Cable,Accessories,4,1288,0,5152,1145.45,2025-05-25
ORD04159,CUST0193,Arjun Sharma,Bangalore,Karnataka,Tablet,Electronics,4,22550,10,90200,19763.28,2025-12-19
ORD04160,CUST0229,Rohan Yadav,Chennai,Tamil Nadu,Webcam,Accessories,3,24162,0,72486,10844.66,2025-08-31
ORD04161,CUST0930,Sai Gupta,Mumbai,Maharashtra,Laptop,Electronics,2,18693,20,37386,7933.63,2025-11-24
ORD04162,CUST0986,Shivani Yadav,Bangalore,Karnataka,Keyboard,Accessories,3,42827,15,128481,14110.61,2025-12-21
ORD04163,CUST0308,Rohan Sharma,Pune,Maharashtra,Printer,Office,4,17151,5,68604,5769.07,2025-07-16
ORD04164,CUST0479,Kiran Sharma,Delhi,Delhi,Laptop,Electronics,4,15282,5,61128,6714.94,2025-10-01
ORD04165,CUST0604,Vihaan Patel,Chennai,Tamil Nadu,Tablet,Electronics,5,47568,15,237840,22310.65,2025-08-29
ORD04166,CUST0937,Kiran Sharma,Ahmedabad,Gujarat,Keyboard,Accessories,2,12570,15,25140,3103.97,2025-07-03
ORD04167,CUST0612,Diya Patel,Chennai,Tamil Nadu,Headphones,Accessories,4,33279,0,133116,28056.85,2025-05-13
ORD04168,CUST0563,Vivaan Sharma,Kolkata,West Bengal,Headphones,Accessories,4,4930,20,19720,1750.05,2025-02-11
ORD04169,CUST0498,Priya Patel,Pune,Maharashtra,Webcam,Accessories,4,40839,15,163356,22157.21,2025-11-25
ORD04170,CUST0208,Diya Yadav,Bangalore,Karnataka,Tablet,Electronics,5,2009,5,10045,1262.41,2025-04-09
ORD04171,CUST0955,Ananya Gupta,Kolkata,West Bengal,Speaker,Electronics,5,40723,5,203615,56257.65,2025-05-20
ORD04172,CUST0970,Arjun Verma,Kolkata,West Bengal,Webcam,Accessories,3,7104,5,21312,2402.89,2025-05-30
ORD04173,CUST0602,Shivani Sharma,Kolkata,West Bengal,Mouse,Accessories,1,33102,0,33102,2654.66,2025-08-31
ORD04174,CUST0287,Shivani Reddy,Bangalore,Karnataka,USB Cable,Accessories,3,15542,20,46626,8788.9,2025-10-18
ORD04175,CUST0870,Aarav Patel,Chennai,Tamil Nadu,Printer,Office,1,20177,5,20177,3565.55,2025-07-08
ORD04176,CUST0020,Sneha Sharma,Hyderabad,Telangana,Mouse,Accessories,1,41009,5,41009,7624.88,2025-03-22
ORD04177,CUST0978,Meera Reddy,Delhi,Delhi,Laptop,Electronics,1,40676,5,40676,6286.07,2025-04-13
ORD04178,CUST0433,Rohan Naidu,Delhi,Delhi,Headphones,Accessories,3,14899,5,44697,12043.57,2025-07-19
ORD04179,CUST0992,Sneha Jogi,Kolkata,West Bengal,Tablet,Electronics,5,27202,20,136010,34968.16,2025-10-14
ORD04180,CUST0121,Rahul Kumar,Delhi,Delhi,Monitor,Electronics,5,23130,0,115650,14669.07,2025-01-31
ORD04181,CUST0303,Meera Naidu,Kolkata,West Bengal,Monitor,Electronics,1,46203,20,46203,7633.68,2025-02-21
ORD04182,CUST0069,Kiran Reddy,Delhi,Delhi,Laptop,Electronics,3,49885,20,149655,31981.33,2025-08-03
ORD04183,CUST0499,Sai Reddy,Chennai,Tamil Nadu,Printer,Office,1,48080,5,48080,12940.12,2025-03-01
ORD04184,CUST0454,Ananya Kumar,Bangalore,Karnataka,Speaker,Electronics,4,19458,10,77832,12920.94,2025-08-11
ORD04185,CUST0098,Aditya Jogi,Kolkata,West Bengal,Monitor,Electronics,4,43525,0,174100,37530.73,2025-12-21
ORD04186,CUST0801,Meera Kumar,Bangalore,Karnataka,Monitor,Electronics,2,33888,15,67776,11635.61,2025-09-04
ORD04187,CUST0129,Rohan Gupta,Delhi,Delhi,Laptop,Electronics,3,45147,0,135441,34519.45,2025-05-27
ORD04188,CUST0784,Aditya Gupta,Pune,Maharashtra,Printer,Office,1,13117,20,13117,1565.91,2025-05-05
ORD04189,CUST0859,Vivaan Reddy,Delhi,Delhi,Tablet,Electronics,1,39383,15,39383,8855.39,2025-06-05
ORD04190,CUST0854,Rohan Jogi,Ahmedabad,Gujarat,Monitor,Electronics,5,43177,0,215885,45687.4,2025-03-12
ORD04191,CUST0796,Priya Reddy,Bangalore,Karnataka,Webcam,Accessories,4,4975,0,19900,4324.78,2025-07-19
ORD04192,CUST0947,Sai Reddy,Ahmedabad,Gujarat,Headphones,Accessories,4,32252,20,129008,34758.06,2025-02-16
ORD04193,CUST0844,Kiran Patel,Mumbai,Maharashtra,Laptop,Electronics,2,27592,20,55184,6065.11,2025-10-02
ORD04194,CUST0547,Aarav Singh,Hyderabad,Telangana,Mouse,Accessories,4,48917,15,195668,47913.82,2025-12-24
ORD04195,CUST0092,Aarav Reddy,Ahmedabad,Gujarat,Mouse,Accessories,1,18974,20,18974,4119.87,2025-09-01
ORD04196,CUST0198,Aditya Reddy,Delhi,Delhi,Printer,Office,4,13018,5,52072,12154.32,2025-03-06
ORD04197,CUST0255,Aditya Reddy,Pune,Maharashtra,Laptop,Electronics,1,28001,10,28001,4689.76,2025-06-19
ORD04198,CUST0864,Shivani Verma,Chennai,Tamil Nadu,USB Cable,Accessories,3,42964,10,128892,27676.61,2025-04-01
ORD04199,CUST0505,Vihaan Verma,Kolkata,West Bengal,Laptop,Electronics,5,43050,10,215250,46454.06,2025-05-28
ORD04200,CUST0266,Kiran Patel,Pune,Maharashtra,Keyboard,Accessories,5,21477,5,107385,28022.53,2025-04-16
ORD04201,CUST0402,Sneha Yadav,Mumbai,Maharashtra,Headphones,Accessories,3,48189,20,144567,14603.91,2025-09-25
ORD04202,CUST0904,Vivaan Singh,Delhi,Delhi,Monitor,Electronics,5,6842,20,34210,6082.0,2025-08-02
ORD04203,CUST0960,Rohan Reddy,Ahmedabad,Gujarat,Headphones,Accessories,4,9263,15,37052,7759.72,2025-11-17
ORD04204,CUST0585,Priya Jogi,Bangalore,Karnataka,Keyboard,Accessories,3,7304,15,21912,2663.64,2025-03-19
ORD04205,CUST0541,Priya Jogi,Kolkata,West Bengal,Headphones,Accessories,1,17165,20,17165,2533.2,2025-10-11
ORD04206,CUST0371,Rohan Gupta,Kolkata,West Bengal,Keyboard,Accessories,3,47178,20,141534,20376.93,2025-06-26
ORD04207,CUST0909,Vivaan Kumar,Pune,Maharashtra,Keyboard,Accessories,5,31811,5,159055,22345.7,2025-06-05
ORD04208,CUST0646,Shivani Reddy,Pune,Maharashtra,Mouse,Accessories,3,8550,20,25650,7263.98,2025-08-04
ORD04209,CUST0512,Aditya Sharma,Hyderabad,Telangana,Headphones,Accessories,4,27205,0,108820,19676.77,2025-01-05
ORD04210,CUST0547,Aarav Singh,Hyderabad,Telangana,Mouse,Accessories,4,15892,15,63568,12076.25,2025-07-17
ORD04211,CUST0686,Priya Kumar,Bangalore,Karnataka,Headphones,Accessories,1,34673,10,34673,5707.57,2025-08-13
ORD04212,CUST0583,Kiran Sharma,Pune,Maharashtra,Headphones,Accessories,4,10169,5,40676,7421.4,2025-04-11
ORD04213,CUST0164,Ananya Kumar,Hyderabad,Telangana,Monitor,Electronics,2,20958,10,41916,8032.8,2025-09-05
ORD04214,CUST0271,Aditya Singh,Kolkata,West Bengal,Tablet,Electronics,3,19377,0,58131,4730.23,2025-03-03
ORD04215,CUST0049,Priya Kumar,Hyderabad,Telangana,Webcam,Accessories,1,36347,15,36347,3530.66,2025-02-23
ORD04216,CUST0718,Vihaan Kumar,Kolkata,West Bengal,Keyboard,Accessories,3,41955,10,125865,34056.67,2025-03-22
ORD04217,CUST0165,Priya Verma,Delhi,Delhi,Webcam,Accessories,4,6969,5,27876,5088.08,2025-10-21
ORD04218,CUST0403,Priya Verma,Chennai,Tamil Nadu,Headphones,Accessories,4,13185,15,52740,14919.38,2025-11-05
ORD04219,CUST0954,Arjun Jogi,Delhi,Delhi,Webcam,Accessories,4,1332,20,5328,1324.83,2025-06-20
ORD04220,CUST0826,Vivaan Singh,Ahmedabad,Gujarat,Printer,Office,2,1193,20,2386,635.14,2025-11-22
ORD04221,CUST0137,Aditya Reddy,Mumbai,Maharashtra,USB Cable,Accessories,2,35468,0,70936,20982.61,2025-12-16
ORD04222,CUST0785,Kiran Reddy,Delhi,Delhi,Monitor,Electronics,5,28827,10,144135,15408.56,2025-07-09
ORD04223,CUST0963,Aarav Naidu,Hyderabad,Telangana,Monitor,Electronics,2,30867,15,61734,12431.07,2025-04-02
ORD04224,CUST0972,Shivani Reddy,Delhi,Delhi,Tablet,Electronics,2,42366,20,84732,17855.85,2025-07-18
ORD04225,CUST0874,Vihaan Singh,Ahmedabad,Gujarat,Monitor,Electronics,3,43310,20,129930,33035.89,2025-09-11
ORD04226,CUST0910,Rahul Yadav,Ahmedabad,Gujarat,Mouse,Accessories,3,28746,20,86238,24924.4,2025-11-04
ORD04227,CUST0094,Vivaan Yadav,Mumbai,Maharashtra,Printer,Office,2,14088,5,28176,6992.16,2025-03-09
ORD04228,CUST0798,Vihaan Patel,Chennai,Tamil Nadu,Webcam,Accessories,3,20154,10,60462,7424.26,2025-05-08
ORD04229,CUST0512,Aditya Sharma,Hyderabad,Telangana,Speaker,Electronics,2,29571,5,59142,17208.37,2025-07-13
ORD04230,CUST0062,Sneha Sharma,Bangalore,Karnataka,Webcam,Accessories,4,12983,15,51932,7464.37,2025-12-05
ORD04231,CUST0852,Rahul Singh,Hyderabad,Telangana,USB Cable,Accessories,1,41005,5,41005,5232.17,2025-10-16
ORD04232,CUST0950,Vihaan Kumar,Delhi,Delhi,Mouse,Accessories,5,4963,15,24815,4344.74,2025-12-04
ORD04233,CUST0224,Meera Gupta,Bangalore,Karnataka,Monitor,Electronics,4,45413,15,181652,19444.44,2025-11-23
ORD04234,CUST0988,Meera Sharma,Mumbai,Maharashtra,Mouse,Accessories,2,44629,5,89258,19431.52,2025-11-12
ORD04235,CUST0953,Meera Jogi,Chennai,Tamil Nadu,Mouse,Accessories,1,43911,10,43911,3945.9,2025-11-16
ORD04236,CUST0921,Rahul Kumar,Chennai,Tamil Nadu,USB Cable,Accessories,2,24538,0,49076,10137.14,2025-05-05
ORD04237,CUST0834,Vivaan Singh,Hyderabad,Telangana,Laptop,Electronics,1,13546,20,13546,3002.44,2025-02-11
ORD04238,CUST0748,Kiran Yadav,Kolkata,West Bengal,Laptop,Electronics,4,19222,0,76888,22310.37,2025-11-24
ORD04239,CUST0253,Aarav Gupta,Chennai,Tamil Nadu,Laptop,Electronics,3,48987,15,146961,38878.97,2025-07-19
ORD04240,CUST0256,Ananya Verma,Pune,Maharashtra,Monitor,Electronics,4,34072,20,136288,22876.79,2025-01-20
ORD04241,CUST0762,Sneha Naidu,Bangalore,Karnataka,Printer,Office,4,13709,10,54836,10204.77,2025-05-11
ORD04242,CUST0128,Shivani Patel,Kolkata,West Bengal,Speaker,Electronics,1,11274,20,11274,1403.22,2025-04-16
ORD04243,CUST0245,Sneha Reddy,Bangalore,Karnataka,Tablet,Electronics,3,14505,20,43515,3696.39,2025-01-13
ORD04244,CUST0950,Vihaan Kumar,Delhi,Delhi,Speaker,Electronics,4,8764,15,35056,10185.02,2025-03-02
ORD04245,CUST0977,Ananya Naidu,Mumbai,Maharashtra,Printer,Office,3,11308,15,33924,8120.54,2025-11-14
ORD04246,CUST0072,Rahul Naidu,Chennai,Tamil Nadu,Printer,Office,2,48036,20,96072,10538.69,2025-04-30
ORD04247,CUST0509,Vivaan Naidu,Chennai,Tamil Nadu,USB Cable,Accessories,4,6351,5,25404,4951.03,2025-04-29
ORD04248,CUST0507,Rohan Yadav,Hyderabad,Telangana,Mouse,Accessories,4,8403,10,33612,4282.15,2025-04-30
ORD04249,CUST0134,Rahul Yadav,Bangalore,Karnataka,Mouse,Accessories,1,14191,20,14191,3989.97,2025-06-27
ORD04250,CUST0864,Shivani Verma,Chennai,Tamil Nadu,Printer,Office,1,6170,5,6170,657.18,2025-04-11
ORD04251,CUST0910,Rahul Yadav,Ahmedabad,Gujarat,Webcam,Accessories,1,38140,20,38140,9093.4,2025-02-06
ORD04252,CUST0095,Priya Kumar,Hyderabad,Telangana,Keyboard,Accessories,4,6607,10,26428,4569.33,2025-09-05
ORD04253,CUST0277,Priya Naidu,Delhi,Delhi,Keyboard,Accessories,3,30506,15,91518,14939.05,2025-06-23
ORD04254,CUST0516,Aarav Sharma,Ahmedabad,Gujarat,Monitor,Electronics,4,27285,0,109140,18707.19,2025-08-30
ORD04255,CUST0965,Diya Patel,Delhi,Delhi,Webcam,Accessories,1,10154,5,10154,1431.97,2025-04-25
ORD04256,CUST0938,Priya Patel,Chennai,Tamil Nadu,Tablet,Electronics,1,18767,20,18767,2712.16,2025-01-19
ORD04257,CUST0817,Priya Yadav,Hyderabad,Telangana,Speaker,Electronics,4,8877,5,35508,8606.48,2025-07-29
ORD04258,CUST0017,Priya Naidu,Delhi,Delhi,Mouse,Accessories,2,14537,20,29074,5589.83,2025-06-08
ORD04259,CUST0067,Rohan Kumar,Kolkata,West Bengal,USB Cable,Accessories,3,46110,15,138330,36540.94,2025-05-01
ORD04260,CUST0249,Meera Yadav,Pune,Maharashtra,Webcam,Accessories,5,28166,20,140830,34680.94,2025-04-03
ORD04261,CUST0899,Shivani Naidu,Chennai,Tamil Nadu,Speaker,Electronics,4,16043,0,64172,7308.19,2025-11-21
ORD04262,CUST0870,Aarav Patel,Chennai,Tamil Nadu,Speaker,Electronics,1,43428,0,43428,11164.51,2025-10-19
ORD04263,CUST0999,Aarav Patel,Chennai,Tamil Nadu,USB Cable,Accessories,4,44818,5,179272,45433.37,2025-03-18
ORD04264,CUST0863,Sneha Patel,Ahmedabad,Gujarat,Webcam,Accessories,2,7685,5,15370,4285.0,2025-05-06
ORD04265,CUST0180,Priya Yadav,Mumbai,Maharashtra,Mouse,Accessories,4,2742,20,10968,2430.51,2025-05-30
ORD04266,CUST0925,Meera Verma,Ahmedabad,Gujarat,Tablet,Electronics,2,14124,10,28248,7085.13,2025-02-27
ORD04267,CUST0341,Ananya Naidu,Kolkata,West Bengal,Speaker,Electronics,3,9356,15,28068,3175.95,2025-07-04
ORD04268,CUST0947,Sai Reddy,Ahmedabad,Gujarat,Tablet,Electronics,2,38027,10,76054,15293.3,2025-04-27
ORD04269,CUST0284,Kiran Singh,Bangalore,Karnataka,Keyboard,Accessories,4,25697,0,102788,29053.76,2025-03-11
ORD04270,CUST0881,Sneha Naidu,Hyderabad,Telangana,Laptop,Electronics,1,28513,15,28513,4459.13,2025-06-14
ORD04271,CUST0121,Rahul Kumar,Delhi,Delhi,Keyboard,Accessories,4,42661,0,170644,14300.75,2025-09-25
ORD04272,CUST0379,Vihaan Patel,Delhi,Delhi,Mouse,Accessories,4,35856,15,143424,37303.22,2025-07-02
ORD04273,CUST0613,Shivani Gupta,Chennai,Tamil Nadu,Monitor,Electronics,2,19301,5,38602,9144.28,2025-08-16
ORD04274,CUST0675,Sneha Jogi,Ahmedabad,Gujarat,Tablet,Electronics,5,15307,20,76535,11354.46,2025-10-07
ORD04275,CUST0153,Aarav Verma,Pune,Maharashtra,Laptop,Electronics,3,39555,15,118665,29933.72,2025-08-14
ORD04276,CUST0130,Sai Reddy,Hyderabad,Telangana,Tablet,Electronics,4,32898,10,131592,24619.57,2025-10-17
ORD04277,CUST0646,Shivani Reddy,Pune,Maharashtra,Mouse,Accessories,5,22981,20,114905,27402.47,2025-07-16
ORD04278,CUST0011,Meera Reddy,Bangalore,Karnataka,Speaker,Electronics,1,27001,15,27001,5136.97,2025-02-17
ORD04279,CUST0704,Shivani Reddy,Pune,Maharashtra,Printer,Office,2,48871,15,97742,13187.15,2025-05-01
ORD04280,CUST0399,Rahul Singh,Chennai,Tamil Nadu,Laptop,Electronics,5,23300,15,116500,17932.05,2025-03-25
ORD04281,CUST0763,Vihaan Patel,Delhi,Delhi,Tablet,Electronics,1,12058,0,12058,2101.33,2025-08-29
ORD04282,CUST0067,Rohan Kumar,Kolkata,West Bengal,Speaker,Electronics,5,12798,0,63990,5744.26,2025-05-02
ORD04283,CUST0601,Shivani Yadav,Chennai,Tamil Nadu,Tablet,Electronics,4,36852,5,147408,31595.27,2025-04-27
ORD04284,CUST0561,Aditya Naidu,Bangalore,Karnataka,USB Cable,Accessories,2,12377,10,24754,6631.69,2025-05-20
ORD04285,CUST0940,Aarav Sharma,Bangalore,Karnataka,Speaker,Electronics,4,2691,0,10764,1961.66,2025-08-13
ORD04286,CUST0134,Rahul Yadav,Bangalore,Karnataka,Tablet,Electronics,4,10770,5,43080,9890.46,2025-07-23
ORD04287,CUST0419,Sneha Kumar,Delhi,Delhi,USB Cable,Accessories,5,48185,15,240925,60816.12,2025-09-21
ORD04288,CUST0665,Diya Reddy,Pune,Maharashtra,Printer,Office,4,4764,10,19056,5654.91,2025-01-02
ORD04289,CUST0512,Aditya Sharma,Hyderabad,Telangana,Webcam,Accessories,4,25094,20,100376,10186.72,2025-10-11
ORD04290,CUST0382,Ananya Patel,Pune,Maharashtra,Laptop,Electronics,3,11422,5,34266,8165.41,2025-02-26
ORD04291,CUST0024,Sneha Jogi,Delhi,Delhi,Printer,Office,1,22901,0,22901,3868.52,2025-08-07
ORD04292,CUST0335,Rahul Jogi,Ahmedabad,Gujarat,Keyboard,Accessories,4,1850,10,7400,962.01,2025-04-18
ORD04293,CUST0195,Priya Jogi,Bangalore,Karnataka,USB Cable,Accessories,2,9173,20,18346,1486.09,2025-08-16
ORD04294,CUST0295,Aditya Yadav,Delhi,Delhi,Monitor,Electronics,1,1559,10,1559,225.25,2025-02-01
ORD04295,CUST0126,Vivaan Jogi,Delhi,Delhi,Webcam,Accessories,3,19180,10,57540,5499.43,2025-10-18
ORD04296,CUST0677,Ananya Singh,Chennai,Tamil Nadu,Laptop,Electronics,1,13836,0,13836,1828.12,2025-10-26
ORD04297,CUST0543,Priya Kumar,Ahmedabad,Gujarat,Webcam,Accessories,1,46718,0,46718,8429.16,2025-08-30
ORD04298,CUST0312,Vivaan Naidu,Ahmedabad,Gujarat,Laptop,Electronics,1,7303,10,7303,2009.25,2025-12-11
ORD04299,CUST0580,Vihaan Patel,Ahmedabad,Gujarat,Printer,Office,2,6205,15,12410,3025.59,2025-08-29
ORD04300,CUST0246,Sai Jogi,Delhi,Delhi,Headphones,Accessories,4,19418,20,77672,13230.0,2025-11-18
ORD04301,CUST0674,Diya Naidu,Delhi,Delhi,Headphones,Accessories,1,7982,10,7982,1601.15,2025-05-27
ORD04302,CUST0048,Sneha Sharma,Bangalore,Karnataka,Headphones,Accessories,4,7678,0,30712,3318.72,2025-11-19
ORD04303,CUST0680,Rohan Verma,Hyderabad,Telangana,Tablet,Electronics,2,7058,0,14116,4061.31,2025-07-22
ORD04304,CUST0292,Sneha Gupta,Hyderabad,Telangana,Laptop,Electronics,4,47475,15,189900,46843.84,2025-12-09
ORD04305,CUST0921,Rahul Kumar,Chennai,Tamil Nadu,Mouse,Accessories,1,3411,20,3411,389.03,2025-03-30
ORD04306,CUST0573,Ananya Singh,Kolkata,West Bengal,Keyboard,Accessories,1,31591,10,31591,8136.97,2025-02-11
ORD04307,CUST0490,Vihaan Naidu,Mumbai,Maharashtra,Keyboard,Accessories,5,20773,10,103865,11483.33,2025-08-28
ORD04308,CUST0312,Vivaan Naidu,Ahmedabad,Gujarat,USB Cable,Accessories,4,17948,5,71792,12024.35,2025-04-26
ORD04309,CUST0650,Aarav Yadav,Kolkata,West Bengal,Printer,Office,4,45818,5,183272,18566.26,2025-11-28
ORD04310,CUST0263,Vihaan Kumar,Hyderabad,Telangana,Laptop,Electronics,1,32471,0,32471,9537.71,2025-10-08
ORD04311,CUST0871,Rahul Sharma,Bangalore,Karnataka,Speaker,Electronics,4,28119,10,112476,17248.78,2025-01-07
ORD04312,CUST0418,Priya Sharma,Bangalore,Karnataka,Speaker,Electronics,1,30170,5,30170,4524.32,2025-09-12
ORD04313,CUST0104,Arjun Jogi,Pune,Maharashtra,Keyboard,Accessories,5,33686,5,168430,46431.54,2025-07-25
ORD04314,CUST0202,Priya Singh,Pune,Maharashtra,Printer,Office,1,30417,20,30417,5778.59,2025-12-10
ORD04315,CUST0597,Sneha Jogi,Bangalore,Karnataka,Speaker,Electronics,3,49909,10,149727,18915.82,2025-04-17
ORD04316,CUST0555,Vihaan Sharma,Mumbai,Maharashtra,Printer,Office,3,23439,0,70317,8980.9,2025-07-13
ORD04317,CUST0458,Meera Gupta,Pune,Maharashtra,Laptop,Electronics,1,49802,15,49802,12341.51,2025-01-30
ORD04318,CUST0896,Arjun Jogi,Kolkata,West Bengal,Keyboard,Accessories,5,27159,5,135795,15147.84,2025-12-02
ORD04319,CUST0536,Shivani Sharma,Delhi,Delhi,Keyboard,Accessories,3,48856,10,146568,41385.13,2025-11-16
ORD04320,CUST0177,Priya Verma,Kolkata,West Bengal,Monitor,Electronics,2,14996,5,29992,3418.48,2025-05-27
ORD04321,CUST0830,Rahul Singh,Mumbai,Maharashtra,Keyboard,Accessories,3,49440,20,148320,17191.21,2025-02-06
ORD04322,CUST0016,Arjun Yadav,Ahmedabad,Gujarat,Printer,Office,5,21300,20,106500,15823.68,2025-04-24
ORD04323,CUST0980,Rahul Kumar,Bangalore,Karnataka,Keyboard,Accessories,3,46182,5,138546,35300.76,2025-04-21
ORD04324,CUST0004,Kiran Yadav,Kolkata,West Bengal,Webcam,Accessories,3,29061,15,87183,19720.41,2025-03-28
ORD04325,CUST0721,Shivani Kumar,Ahmedabad,Gujarat,Speaker,Electronics,1,9763,10,9763,2617.29,2025-08-02
ORD04326,CUST0436,Sneha Naidu,Delhi,Delhi,Keyboard,Accessories,4,44563,5,178252,48147.74,2025-06-12
ORD04327,CUST0029,Shivani Yadav,Chennai,Tamil Nadu,Keyboard,Accessories,3,21201,20,63603,12566.75,2025-03-31
ORD04328,CUST0593,Diya Gupta,Hyderabad,Telangana,Keyboard,Accessories,4,563,15,2252,188.76,2025-08-17
ORD04329,CUST0844,Kiran Patel,Mumbai,Maharashtra,Tablet,Electronics,4,39148,15,156592,38329.54,2025-01-01
ORD04330,CUST0792,Aarav Naidu,Ahmedabad,Gujarat,Mouse,Accessories,2,28037,15,56074,11037.4,2025-09-14
ORD04331,CUST0280,Meera Patel,Ahmedabad,Gujarat,USB Cable,Accessories,2,1321,5,2642,619.82,2025-07-16
ORD04332,CUST0260,Aarav Patel,Hyderabad,Telangana,Mouse,Accessories,3,35485,5,106455,19033.64,2025-10-14
ORD04333,CUST0968,Rohan Jogi,Ahmedabad,Gujarat,Keyboard,Accessories,3,8782,20,26346,6632.57,2025-08-22
ORD04334,CUST0719,Arjun Patel,Bangalore,Karnataka,USB Cable,Accessories,1,16362,0,16362,3008.52,2025-11-20
ORD04335,CUST0447,Ananya Verma,Pune,Maharashtra,Laptop,Electronics,5,16612,5,83060,8579.74,2025-03-11
ORD04336,CUST0798,Vihaan Patel,Chennai,Tamil Nadu,Printer,Office,3,15090,0,45270,9261.14,2025-07-17
ORD04337,CUST0596,Diya Jogi,Pune,Maharashtra,Monitor,Electronics,4,24713,15,98852,12285.15,2025-03-08
ORD04338,CUST0859,Vivaan Reddy,Delhi,Delhi,Webcam,Accessories,3,11783,15,35349,6000.21,2025-09-28
ORD04339,CUST0973,Diya Kumar,Chennai,Tamil Nadu,Speaker,Electronics,4,27599,15,110396,30290.21,2025-07-30
ORD04340,CUST0539,Kiran Singh,Mumbai,Maharashtra,Headphones,Accessories,4,26462,0,105848,12156.95,2025-06-01
ORD04341,CUST0659,Aditya Gupta,Ahmedabad,Gujarat,Tablet,Electronics,5,11315,0,56575,8143.0,2025-03-27
ORD04342,CUST0760,Vivaan Kumar,Ahmedabad,Gujarat,Webcam,Accessories,2,836,15,1672,136.35,2025-01-13
ORD04343,CUST0927,Arjun Sharma,Mumbai,Maharashtra,Tablet,Electronics,4,44708,20,178832,16026.38,2025-06-16
ORD04344,CUST0566,Priya Yadav,Ahmedabad,Gujarat,Printer,Office,1,46402,10,46402,10256.08,2025-10-21
ORD04345,CUST0170,Rohan Verma,Chennai,Tamil Nadu,Keyboard,Accessories,2,44342,15,88684,17024.43,2025-10-29
ORD04346,CUST0110,Arjun Singh,Kolkata,West Bengal,Speaker,Electronics,1,4585,10,4585,407.09,2025-04-30
ORD04347,CUST0381,Sai Singh,Hyderabad,Telangana,Monitor,Electronics,4,46145,5,184580,47861.93,2025-01-07
ORD04348,CUST0912,Vihaan Patel,Kolkata,West Bengal,USB Cable,Accessories,1,24388,15,24388,7256.06,2025-03-13
ORD04349,CUST0325,Meera Singh,Hyderabad,Telangana,Webcam,Accessories,2,10743,0,21486,3135.15,2025-08-28
ORD04350,CUST0903,Kiran Gupta,Chennai,Tamil Nadu,Speaker,Electronics,3,5404,0,16212,4063.23,2025-08-27
ORD04351,CUST0604,Vihaan Patel,Chennai,Tamil Nadu,Webcam,Accessories,5,38912,5,194560,52742.88,2025-10-26
ORD04352,CUST0242,Sai Patel,Pune,Maharashtra,Laptop,Electronics,5,6482,0,32410,7717.79,2025-09-09
ORD04353,CUST0572,Priya Verma,Mumbai,Maharashtra,Webcam,Accessories,5,44312,15,221560,64585.06,2025-05-13
ORD04354,CUST0712,Vivaan Verma,Mumbai,Maharashtra,Mouse,Accessories,3,25226,0,75678,12079.68,2025-04-16
ORD04355,CUST0605,Priya Gupta,Chennai,Tamil Nadu,Tablet,Electronics,2,19296,20,38592,10299.52,2025-03-14
ORD04356,CUST0339,Priya Sharma,Chennai,Tamil Nadu,Headphones,Accessories,4,49701,0,198804,22807.36,2025-06-14
ORD04357,CUST0571,Meera Patel,Hyderabad,Telangana,Mouse,Accessories,1,5244,0,5244,1113.13,2025-03-25
ORD04358,CUST0987,Rohan Naidu,Chennai,Tamil Nadu,Tablet,Electronics,4,16546,10,66184,10817.46,2025-06-09
ORD04359,CUST0290,Aarav Sharma,Delhi,Delhi,Headphones,Accessories,5,29207,20,146035,15668.58,2025-11-25
ORD04360,CUST0470,Rahul Gupta,Ahmedabad,Gujarat,Headphones,Accessories,4,16806,20,67224,14072.33,2025-01-04
ORD04361,CUST0086,Sneha Patel,Hyderabad,Telangana,Headphones,Accessories,2,29334,15,58668,9318.17,2025-11-16
ORD04362,CUST0485,Sneha Singh,Delhi,Delhi,Webcam,Accessories,2,31479,0,62958,15896.67,2025-01-29
ORD04363,CUST0697,Aarav Yadav,Chennai,Tamil Nadu,Headphones,Accessories,1,32498,10,32498,4125.27,2025-10-31
ORD04364,CUST0756,Kiran Patel,Pune,Maharashtra,Monitor,Electronics,2,19986,20,39972,4357.06,2025-12-05
ORD04365,CUST0817,Priya Yadav,Hyderabad,Telangana,Headphones,Accessories,1,39893,15,39893,5963.01,2025-03-09
ORD04366,CUST0209,Aditya Jogi,Mumbai,Maharashtra,Webcam,Accessories,5,4805,15,24025,4333.97,2025-08-27
ORD04367,CUST0396,Rohan Gupta,Hyderabad,Telangana,Keyboard,Accessories,4,1269,10,5076,1167.68,2025-12-01
ORD04368,CUST0269,Priya Patel,Ahmedabad,Gujarat,Mouse,Accessories,1,1220,20,1220,117.98,2025-01-18
ORD04369,CUST0706,Meera Yadav,Mumbai,Maharashtra,Tablet,Electronics,3,39920,10,119760,9676.91,2025-08-22
ORD04370,CUST0565,Shivani Naidu,Hyderabad,Telangana,Tablet,Electronics,1,7696,5,7696,1612.71,2025-07-03
ORD04371,CUST0558,Sneha Jogi,Mumbai,Maharashtra,Monitor,Electronics,3,17463,15,52389,7214.56,2025-10-14
ORD04372,CUST0921,Rahul Kumar,Chennai,Tamil Nadu,USB Cable,Accessories,4,23373,5,93492,19668.09,2025-11-12
ORD04373,CUST0832,Vivaan Jogi,Bangalore,Karnataka,Keyboard,Accessories,2,7966,10,15932,4664.06,2025-11-04
ORD04374,CUST0829,Shivani Patel,Chennai,Tamil Nadu,Printer,Office,3,16781,15,50343,4633.92,2025-07-17
ORD04375,CUST0274,Rohan Singh,Kolkata,West Bengal,Speaker,Electronics,5,49800,10,249000,55804.02,2025-09-07
ORD04376,CUST0988,Meera Sharma,Mumbai,Maharashtra,Monitor,Electronics,5,32717,5,163585,36353.59,2025-01-23
ORD04377,CUST0338,Aarav Kumar,Chennai,Tamil Nadu,Headphones,Accessories,1,20020,20,20020,2303.31,2025-02-11
ORD04378,CUST0836,Diya Reddy,Chennai,Tamil Nadu,USB Cable,Accessories,3,44227,10,132681,26199.29,2025-10-27
ORD04379,CUST0508,Priya Patel,Ahmedabad,Gujarat,Laptop,Electronics,2,4374,0,8748,1855.36,2025-06-26
ORD04380,CUST0132,Arjun Kumar,Delhi,Delhi,Printer,Office,3,19447,15,58341,12953.9,2025-01-19
ORD04381,CUST0848,Sneha Gupta,Kolkata,West Bengal,Mouse,Accessories,5,16426,0,82130,8878.64,2025-02-07
ORD04382,CUST0603,Vivaan Gupta,Chennai,Tamil Nadu,Webcam,Accessories,2,20969,15,41938,5935.28,2025-07-21
ORD04383,CUST0901,Kiran Kumar,Hyderabad,Telangana,Laptop,Electronics,3,7545,0,22635,3485.25,2025-01-03
ORD04384,CUST0747,Rahul Jogi,Bangalore,Karnataka,Headphones,Accessories,1,15241,0,15241,1951.41,2025-06-12
ORD04385,CUST0991,Meera Patel,Hyderabad,Telangana,Headphones,Accessories,3,8494,10,25482,5383.7,2025-09-15
ORD04386,CUST0008,Sneha Gupta,Ahmedabad,Gujarat,Monitor,Electronics,5,19907,5,99535,26090.98,2025-07-13
ORD04387,CUST0617,Sneha Singh,Bangalore,Karnataka,Laptop,Electronics,2,17953,5,35906,6839.38,2025-02-23
ORD04388,CUST0038,Meera Jogi,Bangalore,Karnataka,Tablet,Electronics,2,9378,0,18756,3937.07,2025-04-13
ORD04389,CUST0632,Sai Naidu,Ahmedabad,Gujarat,Mouse,Accessories,2,36076,20,72152,8675.04,2025-01-09
ORD04390,CUST0822,Rohan Singh,Kolkata,West Bengal,Tablet,Electronics,3,41378,15,124134,33675.29,2025-07-07
ORD04391,CUST0527,Vivaan Patel,Mumbai,Maharashtra,Keyboard,Accessories,1,3817,0,3817,424.33,2025-05-23
ORD04392,CUST0724,Meera Patel,Kolkata,West Bengal,Printer,Office,4,5749,15,22996,4149.55,2025-08-09
ORD04393,CUST0754,Aarav Verma,Chennai,Tamil Nadu,Mouse,Accessories,1,13630,20,13630,1396.9,2025-10-16
ORD04394,CUST0787,Priya Jogi,Ahmedabad,Gujarat,Headphones,Accessories,5,44259,15,221295,57814.1,2025-03-17
ORD04395,CUST0969,Arjun Naidu,Kolkata,West Bengal,Speaker,Electronics,5,14796,20,73980,14349.77,2025-08-30
ORD04396,CUST0118,Kiran Kumar,Pune,Maharashtra,Laptop,Electronics,2,25535,15,51070,5806.72,2025-07-17
ORD04397,CUST0586,Rohan Reddy,Mumbai,Maharashtra,Monitor,Electronics,3,10854,0,32562,4549.33,2025-07-17
ORD04398,CUST0731,Ananya Patel,Ahmedabad,Gujarat,Speaker,Electronics,1,3465,10,3465,366.68,2025-04-16
ORD04399,CUST0900,Vivaan Jogi,Delhi,Delhi,Speaker,Electronics,3,30497,20,91491,7398.38,2025-07-14
ORD04400,CUST0701,Shivani Yadav,Hyderabad,Telangana,Webcam,Accessories,1,24750,15,24750,4613.18,2025-01-11
ORD04401,CUST0648,Kiran Patel,Hyderabad,Telangana,Keyboard,Accessories,5,16037,5,80185,14538.83,2025-05-29
ORD04402,CUST0897,Aditya Sharma,Bangalore,Karnataka,Headphones,Accessories,2,32133,20,64266,16894.28,2025-11-25
ORD04403,CUST0458,Meera Gupta,Pune,Maharashtra,Keyboard,Accessories,4,9291,0,37164,10794.73,2025-12-22
ORD04404,CUST0026,Arjun Naidu,Mumbai,Maharashtra,USB Cable,Accessories,1,15617,15,15617,3784.11,2025-04-09
ORD04405,CUST0194,Priya Verma,Mumbai,Maharashtra,Tablet,Electronics,2,2029,0,4058,1007.63,2025-06-20
ORD04406,CUST0267,Ananya Reddy,Chennai,Tamil Nadu,USB Cable,Accessories,4,10310,15,41240,3559.57,2025-10-24
ORD04407,CUST0774,Rohan Patel,Kolkata,West Bengal,Monitor,Electronics,4,30835,15,123340,31334.57,2025-11-07
ORD04408,CUST0893,Shivani Patel,Ahmedabad,Gujarat,Headphones,Accessories,2,947,0,1894,265.38,2025-08-13
ORD04409,CUST0666,Aarav Reddy,Ahmedabad,Gujarat,Speaker,Electronics,2,22045,5,44090,8232.19,2025-02-21
ORD04410,CUST0341,Ananya Naidu,Kolkata,West Bengal,Printer,Office,2,18085,15,36170,9754.31,2025-01-12
ORD04411,CUST0476,Rohan Kumar,Ahmedabad,Gujarat,Printer,Office,1,35849,0,35849,5957.72,2025-03-21
ORD04412,CUST0179,Vihaan Singh,Hyderabad,Telangana,Laptop,Electronics,4,49552,20,198208,51333.23,2025-03-30
ORD04413,CUST0898,Diya Naidu,Pune,Maharashtra,Laptop,Electronics,5,18950,10,94750,17597.98,2025-05-20
ORD04414,CUST0392,Ananya Sharma,Hyderabad,Telangana,Speaker,Electronics,1,9383,0,9383,897.03,2025-03-25
ORD04415,CUST0765,Meera Patel,Mumbai,Maharashtra,Laptop,Electronics,2,33486,20,66972,10501.95,2025-09-14
ORD04416,CUST0626,Rohan Sharma,Mumbai,Maharashtra,Keyboard,Accessories,2,36066,5,72132,16657.45,2025-12-19
ORD04417,CUST0873,Arjun Sharma,Delhi,Delhi,Monitor,Electronics,5,34170,15,170850,35938.89,2025-11-11
ORD04418,CUST0204,Kiran Sharma,Bangalore,Karnataka,Monitor,Electronics,5,12119,5,60595,15351.03,2025-01-10
ORD04419,CUST0482,Ananya Patel,Bangalore,Karnataka,USB Cable,Accessories,1,28631,5,28631,6332.6,2025-08-22
ORD04420,CUST0156,Kiran Reddy,Bangalore,Karnataka,Webcam,Accessories,5,42081,0,210405,33842.72,2025-01-27
ORD04421,CUST0920,Rohan Kumar,Hyderabad,Telangana,Tablet,Electronics,1,40140,0,40140,4218.58,2025-04-16
ORD04422,CUST0960,Rohan Reddy,Ahmedabad,Gujarat,Monitor,Electronics,5,10051,5,50255,8533.78,2025-12-12
ORD04423,CUST0768,Vivaan Gupta,Hyderabad,Telangana,Speaker,Electronics,3,9962,15,29886,5982.23,2025-03-02
ORD04424,CUST0946,Shivani Sharma,Hyderabad,Telangana,Headphones,Accessories,1,18963,5,18963,5548.28,2025-06-29
ORD04425,CUST0351,Sai Gupta,Bangalore,Karnataka,Speaker,Electronics,5,40946,5,204730,49659.09,2025-09-01
ORD04426,CUST0594,Arjun Reddy,Kolkata,West Bengal,Keyboard,Accessories,4,5863,10,23452,6782.94,2025-09-20
ORD04427,CUST0512,Aditya Sharma,Hyderabad,Telangana,Keyboard,Accessories,3,32030,10,96090,24424.79,2025-01-22
ORD04428,CUST0246,Sai Jogi,Delhi,Delhi,Keyboard,Accessories,1,1726,10,1726,218.84,2025-09-10
ORD04429,CUST0493,Diya Jogi,Chennai,Tamil Nadu,Mouse,Accessories,3,15156,0,45468,6007.17,2025-05-12
ORD04430,CUST0013,Vihaan Kumar,Delhi,Delhi,Printer,Office,4,21878,15,87512,14512.84,2025-07-01
ORD04431,CUST0564,Sneha Gupta,Delhi,Delhi,Printer,Office,1,18983,0,18983,3625.88,2025-03-25
ORD04432,CUST0474,Aarav Singh,Pune,Maharashtra,Monitor,Electronics,5,44800,20,224000,64624.99,2025-01-02
ORD04433,CUST0493,Diya Jogi,Chennai,Tamil Nadu,Tablet,Electronics,5,32484,20,162420,15463.97,2025-03-19
ORD04434,CUST0299,Rohan Patel,Delhi,Delhi,USB Cable,Accessories,5,26085,0,130425,37990.39,2025-01-17
ORD04435,CUST0652,Aditya Yadav,Pune,Maharashtra,Printer,Office,3,34465,20,103395,15591.26,2025-03-01
ORD04436,CUST0926,Shivani Jogi,Delhi,Delhi,Webcam,Accessories,5,15447,10,77235,15433.29,2025-10-31
ORD04437,CUST0774,Rohan Patel,Kolkata,West Bengal,Headphones,Accessories,1,7181,10,7181,981.25,2025-07-04
ORD04438,CUST0140,Rahul Naidu,Delhi,Delhi,Monitor,Electronics,2,33239,15,66478,5591.38,2025-03-07
ORD04439,CUST0145,Shivani Naidu,Ahmedabad,Gujarat,Tablet,Electronics,1,3880,10,3880,863.58,2025-06-11
ORD04440,CUST0032,Aditya Kumar,Kolkata,West Bengal,Speaker,Electronics,3,29415,5,88245,16638.83,2025-10-14
ORD04441,CUST0443,Sai Gupta,Bangalore,Karnataka,Keyboard,Accessories,4,49662,15,198648,39334.74,2025-10-10
ORD04442,CUST0999,Aarav Patel,Chennai,Tamil Nadu,Mouse,Accessories,2,36637,20,73274,6557.94,2025-02-10
ORD04443,CUST0070,Vivaan Yadav,Hyderabad,Telangana,Keyboard,Accessories,1,9591,10,9591,2771.33,2025-09-19
ORD04444,CUST0462,Vihaan Gupta,Hyderabad,Telangana,Laptop,Electronics,4,4372,15,17488,2227.09,2025-10-08
ORD04445,CUST0871,Rahul Sharma,Bangalore,Karnataka,Monitor,Electronics,3,24550,20,73650,16031.68,2025-12-30
ORD04446,CUST0166,Diya Gupta,Bangalore,Karnataka,Webcam,Accessories,5,42894,15,214470,46586.75,2025-09-25
ORD04447,CUST0683,Kiran Sharma,Delhi,Delhi,Speaker,Electronics,2,19722,15,39444,6542.44,2025-05-22
ORD04448,CUST0105,Sai Gupta,Mumbai,Maharashtra,Webcam,Accessories,1,38922,10,38922,11303.9,2025-11-03
ORD04449,CUST0026,Arjun Naidu,Mumbai,Maharashtra,Monitor,Electronics,1,41638,20,41638,4473.41,2025-12-08
ORD04450,CUST0446,Rohan Gupta,Chennai,Tamil Nadu,Printer,Office,4,35938,5,143752,20465.89,2025-09-15
ORD04451,CUST0204,Kiran Sharma,Bangalore,Karnataka,USB Cable,Accessories,4,43508,5,174032,25872.17,2025-01-23
ORD04452,CUST0561,Aditya Naidu,Bangalore,Karnataka,Headphones,Accessories,1,26125,0,26125,3174.7,2025-10-02
ORD04453,CUST0745,Aarav Jogi,Hyderabad,Telangana,USB Cable,Accessories,1,41900,10,41900,5124.0,2025-08-14
ORD04454,CUST0357,Arjun Verma,Bangalore,Karnataka,Printer,Office,4,46483,5,185932,34827.82,2025-01-04
ORD04455,CUST0498,Priya Patel,Pune,Maharashtra,Headphones,Accessories,2,48357,10,96714,10559.22,2025-10-01
ORD04456,CUST0264,Vivaan Gupta,Kolkata,West Bengal,Mouse,Accessories,3,6343,15,19029,4613.13,2025-12-10
ORD04457,CUST0944,Arjun Naidu,Kolkata,West Bengal,Mouse,Accessories,1,38836,0,38836,7934.49,2025-11-24
ORD04458,CUST0752,Sai Gupta,Pune,Maharashtra,USB Cable,Accessories,4,25282,15,101128,28811.52,2025-01-18
ORD04459,CUST0490,Vihaan Naidu,Mumbai,Maharashtra,Webcam,Accessories,4,28210,20,112840,32066.09,2025-03-03
ORD04460,CUST0316,Vivaan Reddy,Delhi,Delhi,Monitor,Electronics,1,35424,0,35424,3210.44,2025-06-02
ORD04461,CUST0208,Diya Yadav,Bangalore,Karnataka,Monitor,Electronics,2,29213,10,58426,5591.75,2025-09-22
ORD04462,CUST0388,Rohan Naidu,Mumbai,Maharashtra,Mouse,Accessories,4,11795,20,47180,12196.71,2025-07-22
ORD04463,CUST0722,Kiran Gupta,Ahmedabad,Gujarat,Laptop,Electronics,3,36222,20,108666,30545.51,2025-12-20
ORD04464,CUST0360,Aditya Sharma,Chennai,Tamil Nadu,Keyboard,Accessories,1,46639,0,46639,6506.83,2025-04-27
ORD04465,CUST0518,Sneha Kumar,Pune,Maharashtra,Speaker,Electronics,4,17819,20,71276,9544.92,2025-07-16
ORD04466,CUST0126,Vivaan Jogi,Delhi,Delhi,Webcam,Accessories,3,5522,10,16566,2066.62,2025-02-04
ORD04467,CUST0279,Shivani Gupta,Kolkata,West Bengal,Monitor,Electronics,2,33463,5,66926,15438.87,2025-03-04
ORD04468,CUST0608,Vivaan Singh,Kolkata,West Bengal,Printer,Office,5,796,5,3980,479.45,2025-03-29
ORD04469,CUST0911,Kiran Patel,Hyderabad,Telangana,Mouse,Accessories,3,29781,15,89343,23742.8,2025-04-28
ORD04470,CUST0064,Rahul Sharma,Bangalore,Karnataka,Speaker,Electronics,1,6509,0,6509,1090.65,2025-06-28
ORD04471,CUST0993,Sneha Patel,Delhi,Delhi,Mouse,Accessories,1,28655,0,28655,4451.27,2025-10-22
ORD04472,CUST0533,Rahul Naidu,Chennai,Tamil Nadu,Monitor,Electronics,5,11881,15,59405,6076.91,2025-02-13
ORD04473,CUST0191,Rohan Verma,Ahmedabad,Gujarat,Speaker,Electronics,3,43560,20,130680,16740.59,2025-06-12
ORD04474,CUST0376,Shivani Sharma,Kolkata,West Bengal,Printer,Office,2,36669,0,73338,14262.96,2025-11-09
ORD04475,CUST0185,Sai Reddy,Delhi,Delhi,Mouse,Accessories,5,18123,0,90615,12963.84,2025-02-10
ORD04476,CUST0430,Kiran Patel,Bangalore,Karnataka,Webcam,Accessories,4,4086,10,16344,4606.27,2025-02-26
ORD04477,CUST0887,Meera Jogi,Mumbai,Maharashtra,Mouse,Accessories,4,36485,0,145940,12957.85,2025-11-29
ORD04478,CUST0145,Shivani Naidu,Ahmedabad,Gujarat,Speaker,Electronics,4,13571,15,54284,15031.88,2025-08-11
ORD04479,CUST0967,Aditya Gupta,Kolkata,West Bengal,Tablet,Electronics,1,18679,20,18679,4060.9,2025-06-04
ORD04480,CUST0728,Aditya Yadav,Chennai,Tamil Nadu,Tablet,Electronics,4,38836,0,155344,37529.97,2025-06-22
ORD04481,CUST0230,Rahul Gupta,Hyderabad,Telangana,Tablet,Electronics,2,10139,20,20278,5601.63,2025-03-26
ORD04482,CUST0497,Vihaan Gupta,Mumbai,Maharashtra,Webcam,Accessories,4,8995,15,35980,10159.8,2025-05-31
ORD04483,CUST0056,Priya Sharma,Pune,Maharashtra,Tablet,Electronics,1,41999,5,41999,11585.42,2025-01-23
ORD04484,CUST0673,Rahul Patel,Kolkata,West Bengal,Keyboard,Accessories,2,13900,20,27800,4085.35,2025-06-25
ORD04485,CUST0071,Arjun Verma,Kolkata,West Bengal,Headphones,Accessories,4,24881,0,99524,9664.11,2025-09-10
ORD04486,CUST0518,Sneha Kumar,Pune,Maharashtra,Webcam,Accessories,1,1120,5,1120,112.11,2025-09-30
ORD04487,CUST0688,Vivaan Naidu,Delhi,Delhi,Headphones,Accessories,3,42514,15,127542,33610.42,2025-05-22
ORD04488,CUST0206,Diya Patel,Kolkata,West Bengal,Keyboard,Accessories,4,13315,10,53260,9339.63,2025-03-10
ORD04489,CUST0650,Aarav Yadav,Kolkata,West Bengal,USB Cable,Accessories,4,4083,0,16332,1776.82,2025-08-05
ORD04490,CUST0064,Rahul Sharma,Bangalore,Karnataka,Monitor,Electronics,5,22658,5,113290,17559.47,2025-12-26
ORD04491,CUST0017,Priya Naidu,Delhi,Delhi,Tablet,Electronics,4,34407,10,137628,33020.32,2025-02-17
ORD04492,CUST0391,Aarav Jogi,Delhi,Delhi,Printer,Office,1,14544,5,14544,3730.02,2025-08-26
ORD04493,CUST0195,Priya Jogi,Bangalore,Karnataka,Laptop,Electronics,4,13814,20,55256,4579.89,2025-04-20
ORD04494,CUST0598,Rahul Patel,Kolkata,West Bengal,Headphones,Accessories,4,34056,0,136224,20672.41,2025-11-23
ORD04495,CUST0924,Aditya Naidu,Chennai,Tamil Nadu,Tablet,Electronics,5,32119,20,160595,43975.66,2025-02-27
ORD04496,CUST0475,Shivani Verma,Bangalore,Karnataka,Tablet,Electronics,1,30391,10,30391,6147.95,2025-02-14
ORD04497,CUST0324,Shivani Jogi,Hyderabad,Telangana,Monitor,Electronics,4,19791,20,79164,13639.02,2025-06-01
ORD04498,CUST0668,Kiran Sharma,Hyderabad,Telangana,USB Cable,Accessories,4,49375,5,197500,24031.29,2025-05-24
ORD04499,CUST0714,Rahul Naidu,Mumbai,Maharashtra,Keyboard,Accessories,5,46149,15,230745,67132.07,2025-02-25
ORD04500,CUST0309,Vivaan Patel,Kolkata,West Bengal,Printer,Office,3,15956,15,47868,10482.63,2025-03-19
ORD04501,CUST0838,Rahul Verma,Ahmedabad,Gujarat,Speaker,Electronics,5,35003,20,175015,36260.67,2025-12-30
ORD04502,CUST0331,Sai Patel,Mumbai,Maharashtra,Mouse,Accessories,4,36880,10,147520,42820.38,2025-07-17
ORD04503,CUST0733,Vivaan Verma,Ahmedabad,Gujarat,Headphones,Accessories,3,1127,5,3381,835.17,2025-12-13
ORD04504,CUST0656,Vivaan Patel,Bangalore,Karnataka,Keyboard,Accessories,3,13084,10,39252,11319.99,2025-11-28
ORD04505,CUST0939,Rohan Verma,Hyderabad,Telangana,Mouse,Accessories,3,46220,0,138660,31337.46,2025-10-29
ORD04506,CUST0244,Arjun Singh,Hyderabad,Telangana,Laptop,Electronics,5,37648,10,188240,29147.89,2025-05-01
ORD04507,CUST0652,Aditya Yadav,Pune,Maharashtra,Webcam,Accessories,3,33800,20,101400,16333.81,2025-07-30
ORD04508,CUST0206,Diya Patel,Kolkata,West Bengal,Headphones,Accessories,3,21974,10,65922,8460.31,2025-11-06
ORD04509,CUST0168,Ananya Singh,Kolkata,West Bengal,Monitor,Electronics,3,30578,0,91734,17747.44,2025-08-16
ORD04510,CUST0319,Rohan Sharma,Bangalore,Karnataka,Speaker,Electronics,3,17933,0,53799,6345.87,2025-06-15
ORD04511,CUST0444,Aditya Jogi,Pune,Maharashtra,Printer,Office,2,45093,5,90186,19234.06,2025-11-15
ORD04512,CUST0614,Vihaan Gupta,Hyderabad,Telangana,Speaker,Electronics,1,24981,5,24981,3803.61,2025-01-28
ORD04513,CUST0141,Aditya Patel,Pune,Maharashtra,Keyboard,Accessories,2,32083,20,64166,17668.32,2025-11-20
ORD04514,CUST0565,Shivani Naidu,Hyderabad,Telangana,USB Cable,Accessories,5,18597,5,92985,23600.38,2025-07-28
ORD04515,CUST0238,Priya Gupta,Ahmedabad,Gujarat,Headphones,Accessories,5,27201,20,136005,24381.12,2025-02-14
ORD04516,CUST0819,Meera Singh,Pune,Maharashtra,Laptop,Electronics,1,42400,15,42400,6030.1,2025-03-26
ORD04517,CUST0735,Aditya Sharma,Delhi,Delhi,Headphones,Accessories,1,6450,15,6450,1380.89,2025-03-13
ORD04518,CUST0340,Shivani Jogi,Mumbai,Maharashtra,Monitor,Electronics,1,2091,5,2091,488.24,2025-07-31
ORD04519,CUST0332,Meera Sharma,Delhi,Delhi,Webcam,Accessories,3,49919,5,149757,37806.99,2025-09-29
ORD04520,CUST0634,Diya Jogi,Kolkata,West Bengal,Printer,Office,1,39042,15,39042,6773.6,2025-07-01
ORD04521,CUST0658,Meera Naidu,Pune,Maharashtra,Laptop,Electronics,4,18747,0,74988,21251.62,2025-11-08
ORD04522,CUST0199,Sai Yadav,Kolkata,West Bengal,Monitor,Electronics,4,44739,20,178956,47370.69,2025-01-13
ORD04523,CUST0703,Ananya Singh,Mumbai,Maharashtra,Mouse,Accessories,1,42715,0,42715,9480.44,2025-04-14
ORD04524,CUST0861,Arjun Kumar,Chennai,Tamil Nadu,Speaker,Electronics,5,44079,20,220395,63748.52,2025-12-03
ORD04525,CUST0725,Arjun Singh,Mumbai,Maharashtra,Mouse,Accessories,4,12295,15,49180,11627.87,2025-09-16
ORD04526,CUST0551,Sneha Patel,Kolkata,West Bengal,Webcam,Accessories,5,40731,15,203655,24551.57,2025-01-16
ORD04527,CUST0351,Sai Gupta,Bangalore,Karnataka,Printer,Office,1,44909,15,44909,9327.33,2025-02-07
ORD04528,CUST0212,Vivaan Jogi,Bangalore,Karnataka,Speaker,Electronics,2,24293,20,48586,10281.39,2025-03-22
ORD04529,CUST0450,Vivaan Singh,Ahmedabad,Gujarat,Speaker,Electronics,2,39528,10,79056,16863.67,2025-08-09
ORD04530,CUST0625,Aditya Verma,Pune,Maharashtra,Headphones,Accessories,5,25575,10,127875,23805.9,2025-06-17
ORD04531,CUST0300,Ananya Kumar,Ahmedabad,Gujarat,Tablet,Electronics,1,17791,5,17791,1926.07,2025-09-22
ORD04532,CUST0652,Aditya Yadav,Pune,Maharashtra,Webcam,Accessories,3,19773,10,59319,12988.21,2025-11-13
ORD04533,CUST0903,Kiran Gupta,Chennai,Tamil Nadu,Mouse,Accessories,3,34747,20,104241,14556.43,2025-02-05
ORD04534,CUST0750,Meera Sharma,Mumbai,Maharashtra,Mouse,Accessories,4,9554,0,38216,8831.99,2025-11-17
ORD04535,CUST0633,Aarav Sharma,Delhi,Delhi,Laptop,Electronics,1,39219,20,39219,7811.43,2025-07-10
ORD04536,CUST0311,Arjun Yadav,Mumbai,Maharashtra,Webcam,Accessories,1,49695,0,49695,13716.27,2025-04-01
ORD04537,CUST0079,Sneha Yadav,Mumbai,Maharashtra,USB Cable,Accessories,4,46574,15,186296,16732.11,2025-09-27
ORD04538,CUST0562,Arjun Reddy,Mumbai,Maharashtra,Tablet,Electronics,3,40087,10,120261,23385.33,2025-10-26
ORD04539,CUST0263,Vihaan Kumar,Hyderabad,Telangana,Printer,Office,1,1475,15,1475,161.21,2025-01-26
ORD04540,CUST0681,Priya Singh,Delhi,Delhi,Laptop,Electronics,4,41005,0,164020,40920.26,2025-10-30
ORD04541,CUST0908,Ananya Patel,Delhi,Delhi,Speaker,Electronics,2,6228,20,12456,1428.27,2025-08-10
ORD04542,CUST0402,Sneha Yadav,Mumbai,Maharashtra,Keyboard,Accessories,5,32594,5,162970,31786.69,2025-02-21
ORD04543,CUST0556,Arjun Patel,Kolkata,West Bengal,Printer,Office,1,36865,15,36865,2949.63,2025-10-27
ORD04544,CUST0052,Vihaan Jogi,Mumbai,Maharashtra,Headphones,Accessories,5,15267,5,76335,18612.65,2025-06-18
ORD04545,CUST0951,Diya Naidu,Pune,Maharashtra,Monitor,Electronics,5,9361,0,46805,12089.87,2025-04-22
ORD04546,CUST0973,Diya Kumar,Chennai,Tamil Nadu,USB Cable,Accessories,4,35861,5,143444,39131.7,2025-04-24
ORD04547,CUST0466,Meera Sharma,Delhi,Delhi,Keyboard,Accessories,2,10383,15,20766,5427.67,2025-12-12
ORD04548,CUST0046,Rohan Verma,Chennai,Tamil Nadu,Speaker,Electronics,1,48247,20,48247,14331.16,2025-07-13
ORD04549,CUST0511,Sai Naidu,Pune,Maharashtra,USB Cable,Accessories,2,13931,15,27862,7934.79,2025-01-24
ORD04550,CUST0963,Aarav Naidu,Hyderabad,Telangana,Tablet,Electronics,1,46195,5,46195,4845.48,2025-06-29
ORD04551,CUST0170,Rohan Verma,Chennai,Tamil Nadu,Printer,Office,2,38437,0,76874,21304.79,2025-08-16
ORD04552,CUST0715,Sneha Sharma,Kolkata,West Bengal,Keyboard,Accessories,4,14437,15,57748,13509.62,2025-11-21
ORD04553,CUST0227,Vihaan Kumar,Kolkata,West Bengal,Headphones,Accessories,4,44205,15,176820,39500.94,2025-07-03
ORD04554,CUST0849,Sneha Yadav,Bangalore,Karnataka,Monitor,Electronics,4,11346,5,45384,4277.77,2025-03-24
ORD04555,CUST0182,Aarav Kumar,Bangalore,Karnataka,Tablet,Electronics,3,34083,20,102249,20634.71,2025-11-28
ORD04556,CUST0561,Aditya Naidu,Bangalore,Karnataka,Keyboard,Accessories,2,15583,0,31166,8156.96,2025-05-16
ORD04557,CUST0192,Shivani Yadav,Chennai,Tamil Nadu,Speaker,Electronics,3,25439,5,76317,15724.89,2025-12-03
ORD04558,CUST0573,Ananya Singh,Kolkata,West Bengal,Keyboard,Accessories,2,26540,0,53080,4970.16,2025-03-30
ORD04559,CUST0061,Sai Gupta,Delhi,Delhi,USB Cable,Accessories,1,45773,20,45773,13656.56,2025-06-03
ORD04560,CUST0804,Sai Gupta,Ahmedabad,Gujarat,Printer,Office,3,38618,5,115854,31745.98,2025-02-15
ORD04561,CUST0428,Kiran Reddy,Chennai,Tamil Nadu,USB Cable,Accessories,3,42755,20,128265,38234.68,2025-09-23
ORD04562,CUST0110,Arjun Singh,Kolkata,West Bengal,Tablet,Electronics,4,6923,0,27692,6148.6,2025-02-13
ORD04563,CUST0562,Arjun Reddy,Mumbai,Maharashtra,Webcam,Accessories,4,28770,15,115080,17841.06,2025-03-12
ORD04564,CUST0452,Rahul Reddy,Delhi,Delhi,Keyboard,Accessories,1,30151,10,30151,9019.79,2025-08-28
ORD04565,CUST0675,Sneha Jogi,Ahmedabad,Gujarat,Laptop,Electronics,1,24506,0,24506,3217.82,2025-10-14
ORD04566,CUST0114,Priya Patel,Ahmedabad,Gujarat,USB Cable,Accessories,2,46939,5,93878,24363.3,2025-04-02
ORD04567,CUST0662,Sai Kumar,Chennai,Tamil Nadu,Monitor,Electronics,2,17300,10,34600,5555.51,2025-05-01
ORD04568,CUST0306,Kiran Sharma,Pune,Maharashtra,Monitor,Electronics,5,5596,5,27980,7798.37,2025-03-16
ORD04569,CUST0446,Rohan Gupta,Chennai,Tamil Nadu,USB Cable,Accessories,5,822,20,4110,895.05,2025-07-29
ORD04570,CUST0648,Kiran Patel,Hyderabad,Telangana,Tablet,Electronics,5,8521,10,42605,9172.44,2025-05-15
ORD04571,CUST0693,Vihaan Reddy,Mumbai,Maharashtra,Keyboard,Accessories,3,36616,20,109848,22565.79,2025-05-28
ORD04572,CUST0794,Ananya Reddy,Chennai,Tamil Nadu,Monitor,Electronics,2,41856,15,83712,20590.68,2025-04-30
ORD04573,CUST0051,Aditya Gupta,Kolkata,West Bengal,Tablet,Electronics,1,27985,15,27985,3915.11,2025-09-07
ORD04574,CUST0686,Priya Kumar,Bangalore,Karnataka,Mouse,Accessories,1,26518,15,26518,6735.21,2025-03-24
ORD04575,CUST0975,Sai Reddy,Kolkata,West Bengal,Keyboard,Accessories,4,3090,15,12360,2731.41,2025-06-17
ORD04576,CUST0900,Vivaan Jogi,Delhi,Delhi,Keyboard,Accessories,3,28188,15,84564,16502.86,2025-03-05
ORD04577,CUST0426,Aarav Reddy,Hyderabad,Telangana,Keyboard,Accessories,2,35484,20,70968,16172.37,2025-12-25
ORD04578,CUST0050,Rahul Patel,Pune,Maharashtra,Webcam,Accessories,2,16448,5,32896,7745.53,2025-09-22
ORD04579,CUST0629,Aarav Jogi,Mumbai,Maharashtra,Speaker,Electronics,2,11929,10,23858,2808.01,2025-03-07
ORD04580,CUST0582,Arjun Jogi,Kolkata,West Bengal,USB Cable,Accessories,4,46977,10,187908,49522.99,2025-04-03
ORD04581,CUST0489,Arjun Gupta,Mumbai,Maharashtra,Webcam,Accessories,2,44900,5,89800,21172.48,2025-04-30
ORD04582,CUST0380,Arjun Reddy,Kolkata,West Bengal,Printer,Office,3,15207,0,45621,5149.12,2025-01-31
ORD04583,CUST0345,Priya Jogi,Pune,Maharashtra,Keyboard,Accessories,5,32309,5,161545,39938.33,2025-08-20
ORD04584,CUST0184,Priya Sharma,Mumbai,Maharashtra,Printer,Office,4,7040,15,28160,6148.87,2025-02-21
ORD04585,CUST0084,Kiran Naidu,Bangalore,Karnataka,Speaker,Electronics,3,30952,0,92856,21693.36,2025-03-03
ORD04586,CUST0941,Shivani Verma,Bangalore,Karnataka,Speaker,Electronics,3,4629,5,13887,3021.25,2025-03-23
ORD04587,CUST0921,Rahul Kumar,Chennai,Tamil Nadu,Webcam,Accessories,1,15131,0,15131,3501.61,2025-02-28
ORD04588,CUST0657,Vivaan Patel,Mumbai,Maharashtra,Headphones,Accessories,3,44933,5,134799,11452.49,2025-06-10
ORD04589,CUST0474,Aarav Singh,Pune,Maharashtra,Laptop,Electronics,1,24122,0,24122,2534.94,2025-05-21
ORD04590,CUST0591,Priya Naidu,Pune,Maharashtra,Mouse,Accessories,1,22670,20,22670,4164.86,2025-03-18
ORD04591,CUST0942,Diya Gupta,Chennai,Tamil Nadu,Mouse,Accessories,1,35826,20,35826,9365.05,2025-12-31
ORD04592,CUST0172,Aditya Reddy,Bangalore,Karnataka,Monitor,Electronics,5,36471,10,182355,39936.49,2025-02-10
ORD04593,CUST0812,Aditya Sharma,Hyderabad,Telangana,Laptop,Electronics,3,43637,0,130911,16645.44,2025-10-10
ORD04594,CUST0203,Vihaan Patel,Kolkata,West Bengal,Mouse,Accessories,2,49428,0,98856,17074.57,2025-07-29
ORD04595,CUST0335,Rahul Jogi,Ahmedabad,Gujarat,Speaker,Electronics,4,14506,10,58024,13056.61,2025-04-06
ORD04596,CUST0366,Meera Jogi,Mumbai,Maharashtra,Mouse,Accessories,4,48199,0,192796,38432.45,2025-02-06
ORD04597,CUST0595,Sai Naidu,Chennai,Tamil Nadu,Webcam,Accessories,1,23372,15,23372,6132.7,2025-03-07
ORD04598,CUST0041,Ananya Reddy,Kolkata,West Bengal,USB Cable,Accessories,5,29380,20,146900,37452.54,2025-05-05
ORD04599,CUST0596,Diya Jogi,Pune,Maharashtra,Speaker,Electronics,4,37298,0,149192,12211.19,2025-04-19
ORD04600,CUST0870,Aarav Patel,Chennai,Tamil Nadu,Headphones,Accessories,2,2499,15,4998,732.94,2025-05-06
ORD04601,CUST0451,Aditya Reddy,Bangalore,Karnataka,Webcam,Accessories,4,38738,10,154952,39007.9,2025-11-14
ORD04602,CUST0569,Ananya Sharma,Hyderabad,Telangana,Webcam,Accessories,1,11222,15,11222,1442.65,2025-06-15
ORD04603,CUST0411,Aditya Singh,Ahmedabad,Gujarat,Mouse,Accessories,3,21286,5,63858,8524.23,2025-11-26
ORD04604,CUST0769,Priya Reddy,Kolkata,West Bengal,Keyboard,Accessories,5,18513,0,92565,24969.3,2025-06-24
ORD04605,CUST0968,Rohan Jogi,Ahmedabad,Gujarat,Speaker,Electronics,3,4297,10,12891,2977.07,2025-06-07
ORD04606,CUST0091,Rohan Kumar,Pune,Maharashtra,Keyboard,Accessories,2,44134,20,88268,12763.24,2025-08-23
ORD04607,CUST0684,Ananya Kumar,Ahmedabad,Gujarat,USB Cable,Accessories,5,18692,20,93460,16406.98,2025-03-09
ORD04608,CUST0259,Aditya Yadav,Hyderabad,Telangana,Headphones,Accessories,2,31686,15,63372,18902.52,2025-10-27
ORD04609,CUST0139,Vihaan Naidu,Delhi,Delhi,Printer,Office,3,2824,20,8472,748.19,2025-12-13
ORD04610,CUST0709,Ananya Yadav,Chennai,Tamil Nadu,Headphones,Accessories,2,42093,15,84186,16863.35,2025-10-23
ORD04611,CUST0265,Priya Naidu,Chennai,Tamil Nadu,Tablet,Electronics,5,12544,15,62720,5195.53,2025-06-28
ORD04612,CUST0157,Vivaan Sharma,Delhi,Delhi,Webcam,Accessories,4,45506,0,182024,33137.78,2025-08-04
ORD04613,CUST0466,Meera Sharma,Delhi,Delhi,Laptop,Electronics,5,13498,15,67490,17782.19,2025-01-18
ORD04614,CUST0192,Shivani Yadav,Chennai,Tamil Nadu,Monitor,Electronics,3,35152,10,105456,18365.75,2025-06-26
ORD04615,CUST0409,Priya Naidu,Mumbai,Maharashtra,Webcam,Accessories,5,9188,15,45940,8898.54,2025-08-04
ORD04616,CUST0134,Rahul Yadav,Bangalore,Karnataka,Keyboard,Accessories,1,4215,10,4215,374.78,2025-11-04
ORD04617,CUST0087,Diya Patel,Chennai,Tamil Nadu,Monitor,Electronics,3,7420,0,22260,4351.55,2025-06-07
ORD04618,CUST0344,Sneha Reddy,Ahmedabad,Gujarat,Headphones,Accessories,1,26883,15,26883,3791.6,2025-09-16
ORD04619,CUST0973,Diya Kumar,Chennai,Tamil Nadu,Mouse,Accessories,5,5966,20,29830,5255.35,2025-11-10
ORD04620,CUST0924,Aditya Naidu,Chennai,Tamil Nadu,Headphones,Accessories,3,37864,5,113592,28802.91,2025-09-16
ORD04621,CUST0598,Rahul Patel,Kolkata,West Bengal,Printer,Office,2,5821,0,11642,1858.67,2025-01-13
ORD04622,CUST0547,Aarav Singh,Hyderabad,Telangana,Monitor,Electronics,4,14767,20,59068,8176.87,2025-04-30
ORD04623,CUST0758,Sneha Kumar,Delhi,Delhi,Monitor,Electronics,4,3973,0,15892,4388.45,2025-06-02
ORD04624,CUST0805,Ananya Gupta,Chennai,Tamil Nadu,Speaker,Electronics,3,22798,0,68394,9705.26,2025-11-22
ORD04625,CUST0881,Sneha Naidu,Hyderabad,Telangana,Monitor,Electronics,1,1909,0,1909,534.98,2025-07-07
ORD04626,CUST0005,Rohan Patel,Mumbai,Maharashtra,Monitor,Electronics,4,32105,0,128420,14407.67,2025-09-29
ORD04627,CUST0396,Rohan Gupta,Hyderabad,Telangana,Headphones,Accessories,3,43425,20,130275,37924.16,2025-06-23
ORD04628,CUST0916,Diya Yadav,Mumbai,Maharashtra,Keyboard,Accessories,2,6969,5,13938,3479.59,2025-02-01
ORD04629,CUST0921,Rahul Kumar,Chennai,Tamil Nadu,Tablet,Electronics,3,40125,0,120375,19288.98,2025-10-26
ORD04630,CUST0724,Meera Patel,Kolkata,West Bengal,Laptop,Electronics,3,41803,5,125409,23158.6,2025-05-23
ORD04631,CUST0910,Rahul Yadav,Ahmedabad,Gujarat,Printer,Office,5,18018,20,90090,8153.41,2025-08-16
ORD04632,CUST0841,Aditya Patel,Bangalore,Karnataka,Mouse,Accessories,5,18739,15,93695,21284.84,2025-08-06
ORD04633,CUST0120,Meera Jogi,Mumbai,Maharashtra,Webcam,Accessories,3,4099,20,12297,2943.51,2025-07-16
ORD04634,CUST0240,Rahul Patel,Pune,Maharashtra,USB Cable,Accessories,3,19966,15,59898,8517.36,2025-05-01
ORD04635,CUST0126,Vivaan Jogi,Delhi,Delhi,Mouse,Accessories,3,9405,15,28215,4423.68,2025-06-07
ORD04636,CUST0404,Diya Reddy,Delhi,Delhi,Printer,Office,5,1733,15,8665,836.2,2025-05-05
ORD04637,CUST0715,Sneha Sharma,Kolkata,West Bengal,Mouse,Accessories,3,49931,0,149793,12512.72,2025-01-03
ORD04638,CUST0898,Diya Naidu,Pune,Maharashtra,USB Cable,Accessories,2,7193,20,14386,2779.11,2025-06-18
ORD04639,CUST0272,Arjun Gupta,Pune,Maharashtra,Headphones,Accessories,5,30127,20,150635,12513.96,2025-10-03
ORD04640,CUST0438,Meera Jogi,Chennai,Tamil Nadu,Mouse,Accessories,5,39138,15,195690,26475.71,2025-10-21
ORD04641,CUST0511,Sai Naidu,Pune,Maharashtra,Mouse,Accessories,5,13106,10,65530,10537.69,2025-11-16
ORD04642,CUST0935,Vivaan Sharma,Ahmedabad,Gujarat,USB Cable,Accessories,2,20008,20,40016,5767.82,2025-07-20
ORD04643,CUST0869,Arjun Verma,Kolkata,West Bengal,Printer,Office,2,33950,0,67900,14529.52,2025-09-12
ORD04644,CUST0761,Ananya Patel,Chennai,Tamil Nadu,Laptop,Electronics,2,25540,20,51080,11247.65,2025-03-16
ORD04645,CUST0974,Sneha Patel,Ahmedabad,Gujarat,Printer,Office,5,5746,20,28730,7789.08,2025-08-13
ORD04646,CUST0980,Rahul Kumar,Bangalore,Karnataka,Headphones,Accessories,5,37822,0,189110,53304.32,2025-04-22
ORD04647,CUST0084,Kiran Naidu,Bangalore,Karnataka,USB Cable,Accessories,5,25727,5,128635,25581.11,2025-08-28
ORD04648,CUST0763,Vihaan Patel,Delhi,Delhi,Printer,Office,1,42977,5,42977,7964.05,2025-06-10
ORD04649,CUST0842,Shivani Jogi,Mumbai,Maharashtra,Printer,Office,3,39973,15,119919,27568.3,2025-01-13
ORD04650,CUST0457,Sai Patel,Delhi,Delhi,Headphones,Accessories,5,2258,5,11290,1530.36,2025-11-24
ORD04651,CUST0042,Shivani Sharma,Bangalore,Karnataka,Keyboard,Accessories,1,13932,15,13932,1582.98,2025-09-08
ORD04652,CUST0270,Priya Gupta,Chennai,Tamil Nadu,Keyboard,Accessories,2,4492,20,8984,2295.16,2025-03-23
ORD04653,CUST0236,Aarav Kumar,Chennai,Tamil Nadu,Monitor,Electronics,2,39666,10,79332,14420.45,2025-07-17
ORD04654,CUST0288,Ananya Verma,Delhi,Delhi,Laptop,Electronics,5,32994,15,164970,34349.27,2025-05-03
ORD04655,CUST0001,Vihaan Patel,Ahmedabad,Gujarat,Webcam,Accessories,2,18350,0,36700,3985.61,2025-10-15
ORD04656,CUST0046,Rohan Verma,Chennai,Tamil Nadu,Printer,Office,1,21940,5,21940,4373.67,2025-08-02
ORD04657,CUST0513,Priya Reddy,Pune,Maharashtra,Laptop,Electronics,3,12949,0,38847,3604.75,2025-12-19
ORD04658,CUST0983,Rahul Reddy,Pune,Maharashtra,Speaker,Electronics,5,11499,5,57495,9443.92,2025-11-26
ORD04659,CUST0990,Diya Jogi,Delhi,Delhi,Webcam,Accessories,2,29856,10,59712,13468.93,2025-09-05
ORD04660,CUST0655,Shivani Singh,Pune,Maharashtra,USB Cable,Accessories,1,6570,15,6570,694.08,2025-08-09
ORD04661,CUST0237,Sai Sharma,Chennai,Tamil Nadu,Mouse,Accessories,4,35401,20,141604,37602.47,2025-09-09
ORD04662,CUST0214,Vivaan Singh,Bangalore,Karnataka,Printer,Office,4,26713,20,106852,19028.89,2025-04-23
ORD04663,CUST0976,Diya Sharma,Pune,Maharashtra,Tablet,Electronics,3,43529,0,130587,12539.32,2025-08-03
ORD04664,CUST0685,Priya Reddy,Mumbai,Maharashtra,USB Cable,Accessories,1,29704,20,29704,2442.13,2025-04-17
ORD04665,CUST0363,Priya Reddy,Ahmedabad,Gujarat,USB Cable,Accessories,5,47852,15,239260,21059.51,2025-08-27
ORD04666,CUST0331,Sai Patel,Mumbai,Maharashtra,Headphones,Accessories,4,14662,20,58648,15885.54,2025-03-13
ORD04667,CUST0861,Arjun Kumar,Chennai,Tamil Nadu,Printer,Office,4,42957,5,171828,31544.98,2025-07-27
ORD04668,CUST0722,Kiran Gupta,Ahmedabad,Gujarat,Tablet,Electronics,3,20645,5,61935,16768.77,2025-05-07
ORD04669,CUST0523,Priya Jogi,Mumbai,Maharashtra,Tablet,Electronics,5,49600,0,248000,29654.93,2025-09-14
ORD04670,CUST0903,Kiran Gupta,Chennai,Tamil Nadu,Headphones,Accessories,1,32670,0,32670,3609.21,2025-09-25
ORD04671,CUST0616,Ananya Reddy,Delhi,Delhi,Monitor,Electronics,1,19308,5,19308,2418.19,2025-10-31
ORD04672,CUST0286,Sneha Reddy,Delhi,Delhi,Printer,Office,5,3932,5,19660,4036.66,2025-11-09
ORD04673,CUST0360,Aditya Sharma,Chennai,Tamil Nadu,Mouse,Accessories,4,16558,0,66232,18759.19,2025-03-14
ORD04674,CUST0059,Vihaan Yadav,Chennai,Tamil Nadu,Speaker,Electronics,5,41942,0,209710,40667.04,2025-08-15
ORD04675,CUST0906,Rohan Patel,Ahmedabad,Gujarat,Webcam,Accessories,2,23516,20,47032,12315.02,2025-12-26
ORD04676,CUST0347,Meera Gupta,Chennai,Tamil Nadu,Keyboard,Accessories,1,13396,15,13396,1156.08,2025-03-10
ORD04677,CUST0932,Kiran Verma,Pune,Maharashtra,Headphones,Accessories,5,39564,0,197820,32471.3,2025-06-08
ORD04678,CUST0356,Shivani Yadav,Delhi,Delhi,Tablet,Electronics,1,13360,5,13360,1688.56,2025-10-05
ORD04679,CUST0515,Vihaan Gupta,Ahmedabad,Gujarat,Speaker,Electronics,2,5935,10,11870,955.23,2025-01-22
ORD04680,CUST0750,Meera Sharma,Mumbai,Maharashtra,USB Cable,Accessories,3,11708,0,35124,5082.95,2025-09-25
ORD04681,CUST0950,Vihaan Kumar,Delhi,Delhi,Printer,Office,4,47548,5,190192,54977.72,2025-03-26
ORD04682,CUST0600,Ananya Gupta,Ahmedabad,Gujarat,Headphones,Accessories,1,24920,5,24920,2130.86,2025-12-15
ORD04683,CUST0681,Priya Singh,Delhi,Delhi,Tablet,Electronics,3,28846,0,86538,15465.47,2025-12-15
ORD04684,CUST0099,Meera Sharma,Hyderabad,Telangana,USB Cable,Accessories,1,11956,0,11956,1496.75,2025-03-28
ORD04685,CUST0410,Aditya Sharma,Hyderabad,Telangana,Headphones,Accessories,1,14108,20,14108,3002.41,2025-11-25
ORD04686,CUST0860,Shivani Verma,Hyderabad,Telangana,USB Cable,Accessories,5,9984,5,49920,7044.57,2025-03-02
ORD04687,CUST0967,Aditya Gupta,Kolkata,West Bengal,Printer,Office,2,14132,0,28264,5736.65,2025-02-22
ORD04688,CUST0917,Rahul Naidu,Delhi,Delhi,Monitor,Electronics,2,33953,0,67906,10546.31,2025-01-31
ORD04689,CUST0792,Aarav Naidu,Ahmedabad,Gujarat,USB Cable,Accessories,4,5155,0,20620,2183.72,2025-01-13
ORD04690,CUST0187,Sneha Naidu,Kolkata,West Bengal,Speaker,Electronics,1,16596,5,16596,2451.95,2025-05-25
ORD04691,CUST0046,Rohan Verma,Chennai,Tamil Nadu,Laptop,Electronics,1,29498,10,29498,4583.98,2025-08-26
ORD04692,CUST0382,Ananya Patel,Pune,Maharashtra,Webcam,Accessories,1,41363,0,41363,7222.83,2025-09-23
ORD04693,CUST0109,Meera Reddy,Hyderabad,Telangana,Webcam,Accessories,3,4471,20,13413,2931.93,2025-01-04
ORD04694,CUST0728,Aditya Yadav,Chennai,Tamil Nadu,Mouse,Accessories,3,46361,10,139083,33271.02,2025-09-14
ORD04695,CUST0343,Diya Singh,Hyderabad,Telangana,Tablet,Electronics,1,9790,0,9790,1410.14,2025-04-29
ORD04696,CUST0163,Rohan Patel,Bangalore,Karnataka,Tablet,Electronics,5,16574,15,82870,7554.13,2025-08-20
ORD04697,CUST0775,Vivaan Singh,Bangalore,Karnataka,Speaker,Electronics,3,49790,20,149370,19367.26,2025-03-18
ORD04698,CUST0443,Sai Gupta,Bangalore,Karnataka,Printer,Office,3,12728,0,38184,6141.81,2025-11-07
ORD04699,CUST0265,Priya Naidu,Chennai,Tamil Nadu,Tablet,Electronics,2,42490,10,84980,12553.46,2025-01-06
ORD04700,CUST0200,Shivani Naidu,Mumbai,Maharashtra,Headphones,Accessories,3,35245,0,105735,19232.34,2025-10-16
ORD04701,CUST0748,Kiran Yadav,Kolkata,West Bengal,USB Cable,Accessories,4,4950,10,19800,4611.94,2025-06-07
ORD04702,CUST0611,Vihaan Reddy,Hyderabad,Telangana,Laptop,Electronics,1,11893,5,11893,2309.96,2025-06-09
ORD04703,CUST0171,Rahul Naidu,Hyderabad,Telangana,Webcam,Accessories,5,41632,20,208160,37860.0,2025-01-15
ORD04704,CUST0616,Ananya Reddy,Delhi,Delhi,USB Cable,Accessories,3,46211,10,138633,28595.38,2025-04-10
ORD04705,CUST0846,Priya Verma,Hyderabad,Telangana,Speaker,Electronics,1,10367,15,10367,1813.62,2025-02-21
ORD04706,CUST0025,Shivani Verma,Chennai,Tamil Nadu,Printer,Office,5,41118,10,205590,32356.86,2025-08-11
ORD04707,CUST0118,Kiran Kumar,Pune,Maharashtra,Laptop,Electronics,4,8592,10,34368,9605.07,2025-09-28
ORD04708,CUST0456,Rohan Reddy,Delhi,Delhi,Laptop,Electronics,5,45541,20,227705,51000.45,2025-03-30
ORD04709,CUST0606,Meera Gupta,Chennai,Tamil Nadu,Printer,Office,4,1594,20,6376,1554.86,2025-09-12
ORD04710,CUST0943,Ananya Gupta,Kolkata,West Bengal,Printer,Office,3,34358,20,103074,15742.18,2025-04-04
ORD04711,CUST0257,Arjun Sharma,Mumbai,Maharashtra,Keyboard,Accessories,1,1812,10,1812,213.05,2025-10-09
ORD04712,CUST0497,Vihaan Gupta,Mumbai,Maharashtra,Headphones,Accessories,3,29574,15,88722,17426.42,2025-02-18
ORD04713,CUST0408,Arjun Singh,Chennai,Tamil Nadu,Headphones,Accessories,4,5432,0,21728,2168.14,2025-10-17
ORD04714,CUST0931,Meera Verma,Chennai,Tamil Nadu,Headphones,Accessories,3,28464,10,85392,8415.7,2025-08-01
ORD04715,CUST0562,Arjun Reddy,Mumbai,Maharashtra,Laptop,Electronics,2,11452,15,22904,4802.25,2025-04-29
ORD04716,CUST0947,Sai Reddy,Ahmedabad,Gujarat,Webcam,Accessories,1,21769,0,21769,5556.04,2025-02-14
ORD04717,CUST0945,Kiran Yadav,Delhi,Delhi,Tablet,Electronics,1,26021,20,26021,7737.76,2025-08-12
ORD04718,CUST0225,Vihaan Gupta,Mumbai,Maharashtra,Monitor,Electronics,4,19825,10,79300,17314.73,2025-05-25
ORD04719,CUST0126,Vivaan Jogi,Delhi,Delhi,Mouse,Accessories,5,29014,20,145070,21665.2,2025-03-01
ORD04720,CUST0915,Meera Sharma,Mumbai,Maharashtra,Printer,Office,5,41857,5,209285,56743.25,2025-06-11
ORD04721,CUST0390,Arjun Kumar,Pune,Maharashtra,Headphones,Accessories,2,38710,20,77420,18421.67,2025-06-18
ORD04722,CUST0329,Ananya Yadav,Chennai,Tamil Nadu,Tablet,Electronics,2,25923,10,51846,15355.24,2025-02-25
ORD04723,CUST0048,Sneha Sharma,Bangalore,Karnataka,Monitor,Electronics,2,40588,0,81176,15238.23,2025-08-17
ORD04724,CUST0251,Rohan Gupta,Delhi,Delhi,Webcam,Accessories,4,32389,0,129556,21145.95,2025-01-09
ORD04725,CUST0680,Rohan Verma,Hyderabad,Telangana,Keyboard,Accessories,5,7758,15,38790,9665.89,2025-03-15
ORD04726,CUST0097,Priya Sharma,Chennai,Tamil Nadu,Printer,Office,2,19193,0,38386,4758.04,2025-05-05
ORD04727,CUST0361,Arjun Kumar,Hyderabad,Telangana,USB Cable,Accessories,5,17128,0,85640,16169.26,2025-08-19
ORD04728,CUST0350,Rahul Reddy,Hyderabad,Telangana,Mouse,Accessories,3,46860,10,140580,17522.42,2025-12-12
ORD04729,CUST0335,Rahul Jogi,Ahmedabad,Gujarat,Tablet,Electronics,2,9893,10,19786,2403.55,2025-02-27
ORD04730,CUST0944,Arjun Naidu,Kolkata,West Bengal,Monitor,Electronics,4,16093,20,64372,14201.8,2025-06-06
ORD04731,CUST0823,Meera Kumar,Chennai,Tamil Nadu,USB Cable,Accessories,5,33297,5,166485,30431.35,2025-11-06
ORD04732,CUST0365,Sneha Reddy,Delhi,Delhi,Keyboard,Accessories,3,35048,5,105144,25082.61,2025-02-18
ORD04733,CUST0219,Meera Singh,Mumbai,Maharashtra,Monitor,Electronics,5,24910,10,124550,21910.55,2025-11-12
ORD04734,CUST0061,Sai Gupta,Delhi,Delhi,Monitor,Electronics,1,18547,20,18547,4878.56,2025-09-24
ORD04735,CUST0519,Sneha Jogi,Kolkata,West Bengal,Webcam,Accessories,1,27419,15,27419,2531.17,2025-04-09
ORD04736,CUST0057,Arjun Patel,Delhi,Delhi,Keyboard,Accessories,1,12018,0,12018,3490.49,2025-12-28
ORD04737,CUST0865,Meera Singh,Pune,Maharashtra,Printer,Office,4,10561,20,42244,10662.43,2025-07-08
ORD04738,CUST0876,Meera Sharma,Ahmedabad,Gujarat,Speaker,Electronics,1,26329,10,26329,5667.89,2025-03-31
ORD04739,CUST0044,Vivaan Jogi,Kolkata,West Bengal,Speaker,Electronics,4,26838,15,107352,16342.1,2025-11-15
ORD04740,CUST0357,Arjun Verma,Bangalore,Karnataka,Keyboard,Accessories,5,28997,20,144985,36476.66,2025-05-25
ORD04741,CUST0677,Ananya Singh,Chennai,Tamil Nadu,Mouse,Accessories,4,41052,15,164208,35922.15,2025-12-27
ORD04742,CUST0705,Aarav Singh,Bangalore,Karnataka,Keyboard,Accessories,1,45821,0,45821,10296.1,2025-12-17
ORD04743,CUST0938,Priya Patel,Chennai,Tamil Nadu,Laptop,Electronics,5,4565,5,22825,6016.02,2025-10-13
ORD04744,CUST0731,Ananya Patel,Ahmedabad,Gujarat,Tablet,Electronics,5,25882,20,129410,12292.48,2025-06-15
ORD04745,CUST0566,Priya Yadav,Ahmedabad,Gujarat,Laptop,Electronics,3,41245,10,123735,33456.71,2025-05-14
ORD04746,CUST0127,Aarav Sharma,Ahmedabad,Gujarat,Tablet,Electronics,5,13034,10,65170,12869.63,2025-10-01
ORD04747,CUST0699,Aarav Yadav,Ahmedabad,Gujarat,Webcam,Accessories,4,7722,15,30888,6763.39,2025-11-19
ORD04748,CUST0713,Rahul Reddy,Ahmedabad,Gujarat,Printer,Office,2,3628,5,7256,1279.73,2025-02-12
ORD04749,CUST0781,Kiran Singh,Chennai,Tamil Nadu,Webcam,Accessories,1,17058,5,17058,4743.23,2025-12-06
ORD04750,CUST0157,Vivaan Sharma,Delhi,Delhi,Monitor,Electronics,2,41694,20,83388,12203.24,2025-04-18
ORD04751,CUST0390,Arjun Kumar,Pune,Maharashtra,Monitor,Electronics,3,28223,15,84669,23991.53,2025-08-18
ORD04752,CUST0240,Rahul Patel,Pune,Maharashtra,Mouse,Accessories,5,34303,5,171515,51279.74,2025-03-13
ORD04753,CUST0998,Rohan Reddy,Pune,Maharashtra,Speaker,Electronics,4,24569,10,98276,21931.2,2025-07-15
ORD04754,CUST0595,Sai Naidu,Chennai,Tamil Nadu,Monitor,Electronics,1,621,10,621,83.23,2025-06-19
ORD04755,CUST0281,Aarav Naidu,Kolkata,West Bengal,Headphones,Accessories,1,21142,0,21142,5843.15,2025-08-06
ORD04756,CUST0379,Vihaan Patel,Delhi,Delhi,Laptop,Electronics,3,2606,10,7818,1713.26,2025-10-05
ORD04757,CUST0619,Arjun Gupta,Hyderabad,Telangana,Printer,Office,2,36828,0,73656,15347.35,2025-05-08
ORD04758,CUST0354,Vihaan Yadav,Pune,Maharashtra,USB Cable,Accessories,1,49097,5,49097,9014.0,2025-01-11
ORD04759,CUST0488,Aarav Jogi,Ahmedabad,Gujarat,Speaker,Electronics,4,38368,15,153472,26190.43,2025-04-27
ORD04760,CUST0022,Ananya Jogi,Delhi,Delhi,Webcam,Accessories,1,37006,5,37006,7621.29,2025-02-23
ORD04761,CUST0668,Kiran Sharma,Hyderabad,Telangana,Printer,Office,3,49729,0,149187,39121.61,2025-10-15
ORD04762,CUST0424,Vivaan Jogi,Delhi,Delhi,Mouse,Accessories,5,3264,20,16320,3611.09,2025-12-09
ORD04763,CUST0457,Sai Patel,Delhi,Delhi,Keyboard,Accessories,3,34512,10,103536,18182.99,2025-09-06
ORD04764,CUST0293,Sneha Yadav,Ahmedabad,Gujarat,Mouse,Accessories,2,48111,20,96222,15691.2,2025-01-13
ORD04765,CUST0052,Vihaan Jogi,Mumbai,Maharashtra,Speaker,Electronics,4,47838,15,191352,25425.31,2025-01-09
ORD04766,CUST0996,Arjun Verma,Chennai,Tamil Nadu,Tablet,Electronics,1,32881,20,32881,4567.41,2025-04-28
ORD04767,CUST0664,Arjun Naidu,Pune,Maharashtra,Printer,Office,3,1358,5,4074,1064.91,2025-08-11
ORD04768,CUST0365,Sneha Reddy,Delhi,Delhi,Laptop,Electronics,2,32555,10,65110,10409.6,2025-11-06
ORD04769,CUST0317,Diya Patel,Bangalore,Karnataka,Tablet,Electronics,5,14811,15,74055,11799.37,2025-06-04
ORD04770,CUST0468,Vivaan Singh,Delhi,Delhi,Keyboard,Accessories,3,24564,5,73692,17977.34,2025-06-11
ORD04771,CUST0999,Aarav Patel,Chennai,Tamil Nadu,Mouse,Accessories,5,4737,0,23685,2630.13,2025-11-25
ORD04772,CUST0959,Rohan Jogi,Delhi,Delhi,Headphones,Accessories,5,22883,15,114415,14547.67,2025-03-30
ORD04773,CUST0931,Meera Verma,Chennai,Tamil Nadu,Keyboard,Accessories,1,46788,10,46788,8477.15,2025-11-12
ORD04774,CUST0494,Meera Gupta,Mumbai,Maharashtra,Laptop,Electronics,1,19663,5,19663,5193.58,2025-06-26
ORD04775,CUST0158,Aarav Jogi,Pune,Maharashtra,Tablet,Electronics,4,19503,20,78012,19996.24,2025-01-29
ORD04776,CUST0335,Rahul Jogi,Ahmedabad,Gujarat,Monitor,Electronics,1,35559,20,35559,10509.6,2025-03-21
ORD04777,CUST0143,Arjun Sharma,Delhi,Delhi,Mouse,Accessories,5,17101,10,85505,16006.18,2025-02-02
ORD04778,CUST0574,Priya Gupta,Hyderabad,Telangana,Headphones,Accessories,4,19323,10,77292,14153.92,2025-06-25
ORD04779,CUST0481,Aarav Kumar,Bangalore,Karnataka,Mouse,Accessories,4,11855,5,47420,6749.39,2025-09-24
ORD04780,CUST0429,Aditya Naidu,Chennai,Tamil Nadu,Webcam,Accessories,1,23024,5,23024,3733.99,2025-01-25
ORD04781,CUST0247,Priya Singh,Bangalore,Karnataka,Speaker,Electronics,1,36375,20,36375,3441.49,2025-04-05
ORD04782,CUST0492,Rohan Patel,Mumbai,Maharashtra,Webcam,Accessories,3,36507,20,109521,27926.66,2025-06-19
ORD04783,CUST0305,Diya Reddy,Bangalore,Karnataka,Headphones,Accessories,1,29393,15,29393,3981.31,2025-08-11
ORD04784,CUST0561,Aditya Naidu,Bangalore,Karnataka,Keyboard,Accessories,4,21749,0,86996,10582.16,2025-01-25
ORD04785,CUST0606,Meera Gupta,Chennai,Tamil Nadu,Headphones,Accessories,2,9957,0,19914,5227.14,2025-05-27
ORD04786,CUST0092,Aarav Reddy,Ahmedabad,Gujarat,Headphones,Accessories,2,10486,5,20972,2712.78,2025-11-26
ORD04787,CUST0593,Diya Gupta,Hyderabad,Telangana,Tablet,Electronics,4,31885,10,127540,24237.53,2025-12-01
ORD04788,CUST0121,Rahul Kumar,Delhi,Delhi,Webcam,Accessories,3,18066,10,54198,10029.1,2025-05-31
ORD04789,CUST0944,Arjun Naidu,Kolkata,West Bengal,Monitor,Electronics,3,23784,15,71352,16095.03,2025-07-13
ORD04790,CUST0800,Aarav Reddy,Bangalore,Karnataka,Headphones,Accessories,4,8463,20,33852,4331.82,2025-11-14
ORD04791,CUST0989,Aarav Jogi,Hyderabad,Telangana,Webcam,Accessories,3,21897,5,65691,7082.98,2025-02-18
ORD04792,CUST0295,Aditya Yadav,Delhi,Delhi,Speaker,Electronics,2,5119,5,10238,1501.45,2025-04-13
ORD04793,CUST0795,Rahul Yadav,Chennai,Tamil Nadu,Speaker,Electronics,3,29067,10,87201,20464.09,2025-09-03
ORD04794,CUST0219,Meera Singh,Mumbai,Maharashtra,Webcam,Accessories,4,16766,15,67064,7215.01,2025-11-13
ORD04795,CUST0159,Shivani Yadav,Mumbai,Maharashtra,Keyboard,Accessories,5,1047,0,5235,843.32,2025-09-18
ORD04796,CUST0814,Rohan Gupta,Kolkata,West Bengal,Speaker,Electronics,1,16984,20,16984,2466.4,2025-12-13
ORD04797,CUST0481,Aarav Kumar,Bangalore,Karnataka,Monitor,Electronics,2,18081,5,36162,7771.69,2025-04-05
ORD04798,CUST0461,Vihaan Kumar,Delhi,Delhi,Monitor,Electronics,4,11168,10,44672,7739.75,2025-06-18
ORD04799,CUST0228,Vivaan Kumar,Kolkata,West Bengal,Laptop,Electronics,1,3366,5,3366,633.02,2025-09-11
ORD04800,CUST0946,Shivani Sharma,Hyderabad,Telangana,Printer,Office,3,16330,20,48990,7525.02,2025-03-29
ORD04801,CUST0534,Sai Reddy,Pune,Maharashtra,Speaker,Electronics,3,16098,5,48294,7786.95,2025-12-26
ORD04802,CUST0430,Kiran Patel,Bangalore,Karnataka,Mouse,Accessories,5,47331,20,236655,65820.2,2025-03-07
ORD04803,CUST0670,Arjun Gupta,Mumbai,Maharashtra,Headphones,Accessories,3,1978,15,5934,1453.92,2025-08-25
ORD04804,CUST0286,Sneha Reddy,Delhi,Delhi,Monitor,Electronics,5,30950,10,154750,22290.81,2025-10-08
ORD04805,CUST0773,Diya Reddy,Bangalore,Karnataka,Keyboard,Accessories,4,36058,15,144232,25401.18,2025-04-28
ORD04806,CUST0691,Vihaan Yadav,Chennai,Tamil Nadu,Tablet,Electronics,5,36498,10,182490,26592.92,2025-12-09
ORD04807,CUST0979,Kiran Singh,Ahmedabad,Gujarat,Webcam,Accessories,3,36328,0,108984,27461.33,2025-09-30
ORD04808,CUST0867,Arjun Gupta,Pune,Maharashtra,Tablet,Electronics,3,31377,0,94131,10385.55,2025-11-23
ORD04809,CUST0722,Kiran Gupta,Ahmedabad,Gujarat,Printer,Office,2,40480,15,80960,19901.49,2025-09-23
ORD04810,CUST0357,Arjun Verma,Bangalore,Karnataka,Printer,Office,3,14947,5,44841,6321.7,2025-12-15
ORD04811,CUST0679,Sai Singh,Mumbai,Maharashtra,Printer,Office,2,36341,20,72682,6514.13,2025-08-12
ORD04812,CUST0199,Sai Yadav,Kolkata,West Bengal,Mouse,Accessories,5,4804,5,24020,4514.99,2025-06-28
ORD04813,CUST0245,Sneha Reddy,Bangalore,Karnataka,Mouse,Accessories,4,11644,5,46576,9859.16,2025-11-20
ORD04814,CUST0717,Rahul Singh,Ahmedabad,Gujarat,Headphones,Accessories,3,21372,20,64116,18762.56,2025-04-17
ORD04815,CUST0936,Meera Singh,Pune,Maharashtra,Tablet,Electronics,4,44431,5,177724,52361.8,2025-03-17
ORD04816,CUST0896,Arjun Jogi,Kolkata,West Bengal,Mouse,Accessories,2,10083,10,20166,4060.08,2025-03-01
ORD04817,CUST0460,Rahul Gupta,Hyderabad,Telangana,USB Cable,Accessories,4,682,20,2728,460.69,2025-12-16
ORD04818,CUST0684,Ananya Kumar,Ahmedabad,Gujarat,Keyboard,Accessories,5,9833,5,49165,14078.48,2025-09-14
ORD04819,CUST0819,Meera Singh,Pune,Maharashtra,USB Cable,Accessories,5,40372,5,201860,34166.33,2025-04-19
ORD04820,CUST0249,Meera Yadav,Pune,Maharashtra,USB Cable,Accessories,2,23260,0,46520,11822.83,2025-06-13
ORD04821,CUST0328,Rohan Jogi,Delhi,Delhi,USB Cable,Accessories,1,36574,20,36574,4264.23,2025-08-14
ORD04822,CUST0603,Vivaan Gupta,Chennai,Tamil Nadu,Tablet,Electronics,1,8830,15,8830,2163.38,2025-07-20
ORD04823,CUST0127,Aarav Sharma,Ahmedabad,Gujarat,Headphones,Accessories,2,6258,15,12516,1509.72,2025-05-22
ORD04824,CUST0711,Sai Singh,Delhi,Delhi,USB Cable,Accessories,3,33001,0,99003,29510.31,2025-05-10
ORD04825,CUST0868,Rohan Singh,Hyderabad,Telangana,Monitor,Electronics,4,18568,20,74272,21527.25,2025-12-14
ORD04826,CUST0152,Sneha Verma,Kolkata,West Bengal,Webcam,Accessories,5,39042,15,195210,47612.81,2025-11-20
ORD04827,CUST0098,Aditya Jogi,Kolkata,West Bengal,Headphones,Accessories,2,15935,0,31870,7620.23,2025-02-12
ORD04828,CUST0841,Aditya Patel,Bangalore,Karnataka,Keyboard,Accessories,2,35489,10,70978,19553.27,2025-09-16
ORD04829,CUST0088,Arjun Jogi,Kolkata,West Bengal,Printer,Office,5,20289,15,101445,22398.73,2025-01-14
ORD04830,CUST0894,Meera Singh,Bangalore,Karnataka,Webcam,Accessories,3,21463,20,64389,15995.68,2025-07-13
ORD04831,CUST0031,Shivani Reddy,Delhi,Delhi,Headphones,Accessories,3,21388,20,64164,18236.26,2025-08-16
ORD04832,CUST0849,Sneha Yadav,Bangalore,Karnataka,Webcam,Accessories,4,10552,15,42208,7192.44,2025-06-28
ORD04833,CUST0725,Arjun Singh,Mumbai,Maharashtra,Laptop,Electronics,5,13804,5,69020,15884.25,2025-08-03
ORD04834,CUST0599,Vivaan Singh,Pune,Maharashtra,Webcam,Accessories,4,36506,0,146024,19143.01,2025-06-18
ORD04835,CUST0678,Sai Singh,Bangalore,Karnataka,Webcam,Accessories,3,23793,20,71379,20391.48,2025-04-05
ORD04836,CUST0036,Arjun Gupta,Mumbai,Maharashtra,USB Cable,Accessories,5,13461,5,67305,13417.75,2025-05-30
ORD04837,CUST0800,Aarav Reddy,Bangalore,Karnataka,Keyboard,Accessories,1,23635,15,23635,4423.23,2025-03-02
ORD04838,CUST0094,Vivaan Yadav,Mumbai,Maharashtra,Laptop,Electronics,3,26412,20,79236,9267.16,2025-09-25
ORD04839,CUST0554,Diya Naidu,Mumbai,Maharashtra,Laptop,Electronics,1,3559,0,3559,308.36,2025-06-23
ORD04840,CUST0263,Vihaan Kumar,Hyderabad,Telangana,Mouse,Accessories,4,27997,10,111988,33139.28,2025-06-04
ORD04841,CUST0474,Aarav Singh,Pune,Maharashtra,Laptop,Electronics,5,34655,15,173275,34311.26,2025-05-05
ORD04842,CUST0568,Rohan Yadav,Hyderabad,Telangana,Speaker,Electronics,1,14512,20,14512,3813.13,2025-03-20
ORD04843,CUST0117,Sai Naidu,Hyderabad,Telangana,USB Cable,Accessories,4,48268,15,193072,20323.27,2025-09-05
ORD04844,CUST0166,Diya Gupta,Bangalore,Karnataka,Mouse,Accessories,2,33494,20,66988,5408.99,2025-11-07
ORD04845,CUST0055,Meera Reddy,Hyderabad,Telangana,Printer,Office,3,20295,10,60885,11745.56,2025-07-25
ORD04846,CUST0367,Shivani Gupta,Chennai,Tamil Nadu,Tablet,Electronics,3,47914,10,143742,32501.17,2025-03-24
ORD04847,CUST0616,Ananya Reddy,Delhi,Delhi,Tablet,Electronics,3,27834,0,83502,11422.22,2025-12-19
ORD04848,CUST0178,Meera Singh,Mumbai,Maharashtra,Tablet,Electronics,4,24148,0,96592,16385.76,2025-01-30
ORD04849,CUST0610,Aditya Yadav,Bangalore,Karnataka,Speaker,Electronics,4,12526,10,50104,8184.15,2025-07-25
ORD04850,CUST0961,Meera Sharma,Ahmedabad,Gujarat,Tablet,Electronics,5,26297,20,131485,19911.02,2025-11-15
ORD04851,CUST0468,Vivaan Singh,Delhi,Delhi,Printer,Office,2,7576,0,15152,2733.2,2025-05-27
ORD04852,CUST0438,Meera Jogi,Chennai,Tamil Nadu,Headphones,Accessories,1,6587,20,6587,1813.07,2025-04-03
ORD04853,CUST0164,Ananya Kumar,Hyderabad,Telangana,Headphones,Accessories,2,40459,10,80918,12739.73,2025-04-21
ORD04854,CUST0956,Priya Singh,Delhi,Delhi,USB Cable,Accessories,4,37574,10,150296,33936.18,2025-04-29
ORD04855,CUST0751,Sai Naidu,Kolkata,West Bengal,Laptop,Electronics,3,19605,10,58815,11794.14,2025-09-24
ORD04856,CUST0118,Kiran Kumar,Pune,Maharashtra,Tablet,Electronics,5,37360,20,186800,17252.65,2025-02-22
ORD04857,CUST0660,Kiran Naidu,Bangalore,Karnataka,Printer,Office,5,9314,20,46570,6725.66,2025-06-26
ORD04858,CUST0970,Arjun Verma,Kolkata,West Bengal,Laptop,Electronics,5,44332,20,221660,58399.1,2025-06-08
ORD04859,CUST0755,Arjun Sharma,Pune,Maharashtra,Printer,Office,1,25770,10,25770,4856.67,2025-09-23
ORD04860,CUST0716,Aditya Singh,Kolkata,West Bengal,Laptop,Electronics,5,15758,5,78790,23104.9,2025-01-19
ORD04861,CUST0234,Aditya Gupta,Pune,Maharashtra,Tablet,Electronics,5,44331,0,221655,28584.48,2025-12-23
ORD04862,CUST0929,Sai Patel,Pune,Maharashtra,Keyboard,Accessories,5,30576,20,152880,32038.98,2025-01-22
ORD04863,CUST0896,Arjun Jogi,Kolkata,West Bengal,Webcam,Accessories,4,30069,20,120276,18671.08,2025-04-25
ORD04864,CUST0779,Ananya Kumar,Delhi,Delhi,Keyboard,Accessories,3,22044,10,66132,16232.04,2025-05-25
ORD04865,CUST0523,Priya Jogi,Mumbai,Maharashtra,USB Cable,Accessories,1,37675,20,37675,9762.98,2025-04-09
ORD04866,CUST0565,Shivani Naidu,Hyderabad,Telangana,Tablet,Electronics,3,7484,10,22452,6264.34,2025-08-04
ORD04867,CUST0246,Sai Jogi,Delhi,Delhi,Monitor,Electronics,2,32387,5,64774,10757.37,2025-10-14
ORD04868,CUST0259,Aditya Yadav,Hyderabad,Telangana,Headphones,Accessories,5,39334,20,196670,39488.5,2025-07-29
ORD04869,CUST0641,Ananya Yadav,Hyderabad,Telangana,Speaker,Electronics,4,24847,0,99388,22821.96,2025-02-12
ORD04870,CUST0567,Rohan Kumar,Kolkata,West Bengal,Tablet,Electronics,3,12470,15,37410,4617.97,2025-11-20
ORD04871,CUST0694,Aditya Jogi,Ahmedabad,Gujarat,Laptop,Electronics,2,14913,20,29826,6567.93,2025-06-25
ORD04872,CUST0272,Arjun Gupta,Pune,Maharashtra,Tablet,Electronics,4,48519,5,194076,53323.4,2025-03-20
ORD04873,CUST0285,Priya Reddy,Chennai,Tamil Nadu,USB Cable,Accessories,5,33500,20,167500,39127.33,2025-07-02
ORD04874,CUST0604,Vihaan Patel,Chennai,Tamil Nadu,Webcam,Accessories,1,39178,20,39178,4197.47,2025-09-21
ORD04875,CUST0313,Rohan Patel,Pune,Maharashtra,Monitor,Electronics,5,23195,15,115975,18206.03,2025-03-25
ORD04876,CUST0023,Ananya Verma,Kolkata,West Bengal,Laptop,Electronics,5,17377,20,86885,13999.98,2025-11-04
ORD04877,CUST0166,Diya Gupta,Bangalore,Karnataka,USB Cable,Accessories,3,12620,0,37860,9507.73,2025-11-09
ORD04878,CUST0985,Aarav Sharma,Hyderabad,Telangana,Keyboard,Accessories,2,27633,10,55266,5019.62,2025-09-16
ORD04879,CUST0685,Priya Reddy,Mumbai,Maharashtra,USB Cable,Accessories,3,37450,0,112350,29332.28,2025-09-07
ORD04880,CUST0457,Sai Patel,Delhi,Delhi,Webcam,Accessories,3,25225,15,75675,15216.0,2025-05-22
ORD04881,CUST0126,Vivaan Jogi,Delhi,Delhi,USB Cable,Accessories,1,38341,10,38341,8606.08,2025-01-20
ORD04882,CUST0044,Vivaan Jogi,Kolkata,West Bengal,Keyboard,Accessories,3,10445,10,31335,2779.29,2025-06-05
ORD04883,CUST0826,Vivaan Singh,Ahmedabad,Gujarat,Headphones,Accessories,2,19301,20,38602,7696.11,2025-09-20
ORD04884,CUST0808,Rohan Yadav,Kolkata,West Bengal,Speaker,Electronics,3,30096,15,90288,24122.54,2025-12-21
ORD04885,CUST0163,Rohan Patel,Bangalore,Karnataka,Monitor,Electronics,5,35848,5,179240,26680.89,2025-10-13
ORD04886,CUST0156,Kiran Reddy,Bangalore,Karnataka,Webcam,Accessories,3,29175,0,87525,16618.17,2025-11-17
ORD04887,CUST0211,Ananya Verma,Delhi,Delhi,Laptop,Electronics,4,33180,0,132720,34705.15,2025-02-28
ORD04888,CUST0660,Kiran Naidu,Bangalore,Karnataka,Monitor,Electronics,2,49801,10,99602,11248.71,2025-03-12
ORD04889,CUST0202,Priya Singh,Pune,Maharashtra,Headphones,Accessories,4,28223,5,112892,32679.21,2025-04-19
ORD04890,CUST0981,Vivaan Verma,Chennai,Tamil Nadu,Laptop,Electronics,5,19320,10,96600,13346.84,2025-12-30
ORD04891,CUST0810,Ananya Yadav,Delhi,Delhi,Printer,Office,1,31360,0,31360,8845.98,2025-06-24
ORD04892,CUST0540,Priya Verma,Bangalore,Karnataka,Printer,Office,1,16110,5,16110,4488.86,2025-11-13
ORD04893,CUST0437,Meera Gupta,Delhi,Delhi,Mouse,Accessories,4,29218,5,116872,30724.08,2025-10-29
ORD04894,CUST0453,Ananya Gupta,Kolkata,West Bengal,Monitor,Electronics,4,5980,0,23920,4889.03,2025-04-03
ORD04895,CUST0950,Vihaan Kumar,Delhi,Delhi,Keyboard,Accessories,1,27693,10,27693,2560.7,2025-03-18
ORD04896,CUST0997,Rohan Reddy,Delhi,Delhi,USB Cable,Accessories,3,16688,20,50064,10288.42,2025-10-27
ORD04897,CUST0676,Rahul Reddy,Chennai,Tamil Nadu,Printer,Office,3,40240,0,120720,12084.52,2025-05-16
ORD04898,CUST0711,Sai Singh,Delhi,Delhi,Webcam,Accessories,2,30889,0,61778,12519.22,2025-08-29
ORD04899,CUST0264,Vivaan Gupta,Kolkata,West Bengal,Monitor,Electronics,5,18716,15,93580,9353.16,2025-12-15
ORD04900,CUST0638,Arjun Yadav,Chennai,Tamil Nadu,Laptop,Electronics,4,8455,5,33820,8157.79,2025-04-30
ORD04901,CUST0509,Vivaan Naidu,Chennai,Tamil Nadu,Mouse,Accessories,5,47987,10,239935,19691.37,2025-11-08
ORD04902,CUST0985,Aarav Sharma,Hyderabad,Telangana,USB Cable,Accessories,1,48917,20,48917,6770.24,2025-04-12
ORD04903,CUST0829,Shivani Patel,Chennai,Tamil Nadu,Monitor,Electronics,5,33755,15,168775,45270.76,2025-03-13
ORD04904,CUST0910,Rahul Yadav,Ahmedabad,Gujarat,Keyboard,Accessories,1,21309,5,21309,5747.58,2025-11-17
ORD04905,CUST0533,Rahul Naidu,Chennai,Tamil Nadu,Laptop,Electronics,4,21551,5,86204,23694.04,2025-07-25
ORD04906,CUST0935,Vivaan Sharma,Ahmedabad,Gujarat,Keyboard,Accessories,3,18754,0,56262,4945.41,2025-01-09
ORD04907,CUST0834,Vivaan Singh,Hyderabad,Telangana,Keyboard,Accessories,1,34851,5,34851,3311.54,2025-07-21
ORD04908,CUST0630,Vihaan Verma,Chennai,Tamil Nadu,Monitor,Electronics,2,4025,10,8050,1828.4,2025-12-26
ORD04909,CUST0038,Meera Jogi,Bangalore,Karnataka,Keyboard,Accessories,4,38963,5,155852,34437.04,2025-07-24
ORD04910,CUST0614,Vihaan Gupta,Hyderabad,Telangana,Monitor,Electronics,4,25964,0,103856,24475.1,2025-07-11
ORD04911,CUST0792,Aarav Naidu,Ahmedabad,Gujarat,Printer,Office,2,5047,10,10094,2885.36,2025-09-18
ORD04912,CUST0706,Meera Yadav,Mumbai,Maharashtra,Keyboard,Accessories,4,40304,15,161216,43980.24,2025-12-03
ORD04913,CUST0963,Aarav Naidu,Hyderabad,Telangana,Tablet,Electronics,3,38065,0,114195,23114.15,2025-03-18
ORD04914,CUST0171,Rahul Naidu,Hyderabad,Telangana,Speaker,Electronics,3,46794,5,140382,28983.41,2025-09-16
ORD04915,CUST0369,Aditya Gupta,Bangalore,Karnataka,Printer,Office,2,23524,5,47048,9096.39,2025-03-15
ORD04916,CUST0655,Shivani Singh,Pune,Maharashtra,Tablet,Electronics,4,4432,15,17728,2951.71,2025-11-26
ORD04917,CUST1000,Kiran Kumar,Hyderabad,Telangana,Laptop,Electronics,3,8492,15,25476,7324.14,2025-03-31
ORD04918,CUST0233,Priya Naidu,Ahmedabad,Gujarat,USB Cable,Accessories,5,47361,15,236805,69660.72,2025-03-18
ORD04919,CUST0194,Priya Verma,Mumbai,Maharashtra,Printer,Office,5,7770,15,38850,10180.81,2025-11-18
ORD04920,CUST0287,Shivani Reddy,Bangalore,Karnataka,USB Cable,Accessories,4,27309,0,109236,20571.72,2025-03-24
ORD04921,CUST0141,Aditya Patel,Pune,Maharashtra,Mouse,Accessories,1,8169,15,8169,1131.85,2025-01-27
ORD04922,CUST0912,Vihaan Patel,Kolkata,West Bengal,Speaker,Electronics,1,37169,20,37169,3190.76,2025-06-20
ORD04923,CUST0547,Aarav Singh,Hyderabad,Telangana,Mouse,Accessories,2,9503,20,19006,5113.74,2025-10-22
ORD04924,CUST0852,Rahul Singh,Hyderabad,Telangana,Printer,Office,2,16745,5,33490,6181.31,2025-02-18
ORD04925,CUST0536,Shivani Sharma,Delhi,Delhi,Headphones,Accessories,2,12327,20,24654,2269.91,2025-09-14
ORD04926,CUST0117,Sai Naidu,Hyderabad,Telangana,Speaker,Electronics,2,10797,15,21594,4905.83,2025-03-05
ORD04927,CUST0843,Rahul Verma,Bangalore,Karnataka,Mouse,Accessories,1,43838,10,43838,8688.4,2025-02-05
ORD04928,CUST0471,Sneha Kumar,Hyderabad,Telangana,Mouse,Accessories,4,12070,5,48280,4363.16,2025-02-03
ORD04929,CUST0038,Meera Jogi,Bangalore,Karnataka,Tablet,Electronics,2,6233,5,12466,1928.65,2025-09-05
ORD04930,CUST0291,Aditya Jogi,Chennai,Tamil Nadu,Printer,Office,3,31322,10,93966,19827.51,2025-02-15
ORD04931,CUST0397,Aditya Verma,Kolkata,West Bengal,Mouse,Accessories,2,2856,15,5712,1693.79,2025-06-02
ORD04932,CUST0188,Diya Singh,Delhi,Delhi,USB Cable,Accessories,5,23365,20,116825,30023.2,2025-07-17
ORD04933,CUST0079,Sneha Yadav,Mumbai,Maharashtra,USB Cable,Accessories,5,28976,5,144880,39961.01,2025-11-09
ORD04934,CUST0128,Shivani Patel,Kolkata,West Bengal,Webcam,Accessories,2,11857,10,23714,6059.23,2025-09-10
ORD04935,CUST0113,Meera Kumar,Chennai,Tamil Nadu,Headphones,Accessories,4,11485,5,45940,8411.18,2025-05-31
ORD04936,CUST0971,Shivani Reddy,Ahmedabad,Gujarat,Monitor,Electronics,5,11956,10,59780,7634.78,2025-07-21
ORD04937,CUST0262,Arjun Sharma,Hyderabad,Telangana,Mouse,Accessories,3,1991,20,5973,1532.98,2025-07-29
ORD04938,CUST0317,Diya Patel,Bangalore,Karnataka,Laptop,Electronics,5,29601,10,148005,12906.61,2025-01-18
ORD04939,CUST0883,Priya Gupta,Kolkata,West Bengal,Mouse,Accessories,3,15355,20,46065,4164.7,2025-12-17
ORD04940,CUST0206,Diya Patel,Kolkata,West Bengal,Speaker,Electronics,3,48163,15,144489,42653.74,2025-10-03
ORD04941,CUST0820,Rahul Sharma,Mumbai,Maharashtra,Keyboard,Accessories,3,30232,5,90696,19458.27,2025-05-29
ORD04942,CUST0906,Rohan Patel,Ahmedabad,Gujarat,Headphones,Accessories,1,38459,0,38459,6331.47,2025-11-12
ORD04943,CUST0820,Rahul Sharma,Mumbai,Maharashtra,Keyboard,Accessories,5,43823,15,219115,44375.8,2025-10-30
ORD04944,CUST0212,Vivaan Jogi,Bangalore,Karnataka,Printer,Office,4,5028,15,20112,2069.42,2025-03-01
ORD04945,CUST0301,Shivani Kumar,Bangalore,Karnataka,Webcam,Accessories,2,14149,0,28298,7348.17,2025-12-05
ORD04946,CUST0669,Arjun Naidu,Chennai,Tamil Nadu,Laptop,Electronics,4,2031,10,8124,1700.6,2025-05-13
ORD04947,CUST0591,Priya Naidu,Pune,Maharashtra,Webcam,Accessories,3,4544,5,13632,1617.53,2025-07-10
ORD04948,CUST0727,Aarav Patel,Hyderabad,Telangana,Monitor,Electronics,5,2960,5,14800,3036.03,2025-01-30
ORD04949,CUST0064,Rahul Sharma,Bangalore,Karnataka,Tablet,Electronics,1,26929,10,26929,4653.52,2025-01-24
ORD04950,CUST0856,Kiran Kumar,Ahmedabad,Gujarat,Laptop,Electronics,5,6733,15,33665,8473.88,2025-01-31
ORD04951,CUST0028,Ananya Sharma,Ahmedabad,Gujarat,Headphones,Accessories,2,25018,15,50036,6529.19,2025-10-12
ORD04952,CUST0871,Rahul Sharma,Bangalore,Karnataka,Webcam,Accessories,4,16876,15,67504,8575.41,2025-01-22
ORD04953,CUST0654,Aditya Jogi,Pune,Maharashtra,Printer,Office,5,34837,15,174185,48467.39,2025-04-21
ORD04954,CUST0113,Meera Kumar,Chennai,Tamil Nadu,Speaker,Electronics,3,7646,0,22938,5214.02,2025-01-06
ORD04955,CUST0053,Sai Verma,Pune,Maharashtra,USB Cable,Accessories,3,24226,5,72678,15313.07,2025-05-23
ORD04956,CUST0887,Meera Jogi,Mumbai,Maharashtra,Speaker,Electronics,4,26891,5,107564,22242.65,2025-10-16
ORD04957,CUST0605,Priya Gupta,Chennai,Tamil Nadu,Monitor,Electronics,4,36294,0,145176,23513.31,2025-01-27
ORD04958,CUST0617,Sneha Singh,Bangalore,Karnataka,Monitor,Electronics,3,29445,5,88335,23150.13,2025-10-23
ORD04959,CUST0401,Priya Yadav,Chennai,Tamil Nadu,Printer,Office,5,12019,15,60095,6413.3,2025-12-12
ORD04960,CUST0029,Shivani Yadav,Chennai,Tamil Nadu,Speaker,Electronics,4,39584,5,158336,26528.72,2025-11-25
ORD04961,CUST0812,Aditya Sharma,Hyderabad,Telangana,Printer,Office,4,46004,0,184016,34938.7,2025-05-08
ORD04962,CUST0314,Meera Kumar,Chennai,Tamil Nadu,Monitor,Electronics,1,9440,5,9440,1540.55,2025-06-21
ORD04963,CUST0091,Rohan Kumar,Pune,Maharashtra,Printer,Office,2,12914,15,25828,6018.66,2025-12-08
ORD04964,CUST0029,Shivani Yadav,Chennai,Tamil Nadu,Laptop,Electronics,4,28059,5,112236,30259.28,2025-01-23
ORD04965,CUST0095,Priya Kumar,Hyderabad,Telangana,Tablet,Electronics,5,38647,5,193235,51297.66,2025-06-13
ORD04966,CUST0798,Vihaan Patel,Chennai,Tamil Nadu,Tablet,Electronics,2,29180,15,58360,13205.12,2025-03-19
ORD04967,CUST0401,Priya Yadav,Chennai,Tamil Nadu,Keyboard,Accessories,3,25461,20,76383,20081.36,2025-06-09
ORD04968,CUST0205,Rahul Gupta,Bangalore,Karnataka,Printer,Office,3,8072,20,24216,6767.19,2025-01-06
ORD04969,CUST0592,Kiran Yadav,Chennai,Tamil Nadu,Headphones,Accessories,4,14993,20,59972,6263.92,2025-10-27
ORD04970,CUST0153,Aarav Verma,Pune,Maharashtra,Mouse,Accessories,5,31095,15,155475,20674.57,2025-04-13
ORD04971,CUST0575,Rahul Patel,Bangalore,Karnataka,Speaker,Electronics,4,29581,0,118324,33647.93,2025-08-23
ORD04972,CUST0587,Vivaan Yadav,Mumbai,Maharashtra,Monitor,Electronics,4,17487,15,69948,18128.44,2025-08-22
ORD04973,CUST0063,Vivaan Gupta,Delhi,Delhi,Speaker,Electronics,2,3176,5,6352,1829.33,2025-11-14
ORD04974,CUST0931,Meera Verma,Chennai,Tamil Nadu,Keyboard,Accessories,1,27576,20,27576,7416.78,2025-08-04
ORD04975,CUST0470,Rahul Gupta,Ahmedabad,Gujarat,Laptop,Electronics,3,18651,10,55953,10484.11,2025-12-29
ORD04976,CUST0001,Vihaan Patel,Ahmedabad,Gujarat,Keyboard,Accessories,1,8877,10,8877,2555.97,2025-10-12
ORD04977,CUST0162,Ananya Reddy,Hyderabad,Telangana,Printer,Office,3,9085,20,27255,4777.86,2025-03-05
ORD04978,CUST0016,Arjun Yadav,Ahmedabad,Gujarat,Speaker,Electronics,3,49010,5,147030,13778.79,2025-11-10
ORD04979,CUST0845,Sai Naidu,Chennai,Tamil Nadu,Tablet,Electronics,5,12420,20,62100,7083.44,2025-01-10
ORD04980,CUST0741,Vihaan Sharma,Kolkata,West Bengal,Webcam,Accessories,4,42778,0,171112,34817.93,2025-02-09
ORD04981,CUST0815,Priya Gupta,Hyderabad,Telangana,Laptop,Electronics,5,7709,0,38545,6773.31,2025-02-05
ORD04982,CUST0994,Kiran Yadav,Bangalore,Karnataka,Speaker,Electronics,3,6811,0,20433,3829.64,2025-04-03
ORD04983,CUST0990,Diya Jogi,Delhi,Delhi,Mouse,Accessories,3,47428,20,142284,39384.22,2025-10-28
ORD04984,CUST0347,Meera Gupta,Chennai,Tamil Nadu,Headphones,Accessories,2,17485,0,34970,9151.49,2025-01-12
ORD04985,CUST0006,Rahul Jogi,Delhi,Delhi,Monitor,Electronics,1,22837,10,22837,3806.77,2025-09-02
ORD04986,CUST0135,Aditya Gupta,Pune,Maharashtra,Tablet,Electronics,4,38748,15,154992,36507.6,2025-09-26
ORD04987,CUST0378,Diya Jogi,Bangalore,Karnataka,Mouse,Accessories,2,42088,20,84176,19819.39,2025-04-18
ORD04988,CUST0091,Rohan Kumar,Pune,Maharashtra,Printer,Office,4,27541,20,110164,17831.86,2025-12-22
ORD04989,CUST0667,Diya Yadav,Delhi,Delhi,Headphones,Accessories,3,4008,0,12024,3601.97,2025-04-27
ORD04990,CUST0613,Shivani Gupta,Chennai,Tamil Nadu,Printer,Office,2,44049,20,88098,25627.42,2025-12-04
ORD04991,CUST0144,Vihaan Jogi,Chennai,Tamil Nadu,USB Cable,Accessories,3,10837,0,32511,7015.15,2025-12-02
ORD04992,CUST0195,Priya Jogi,Bangalore,Karnataka,Keyboard,Accessories,4,6970,5,27880,3679.44,2025-09-01
ORD04993,CUST0815,Priya Gupta,Hyderabad,Telangana,Tablet,Electronics,1,39764,10,39764,4495.56,2025-11-10
ORD04994,CUST0829,Shivani Patel,Chennai,Tamil Nadu,Keyboard,Accessories,4,26680,15,106720,22514.95,2025-02-25
ORD04995,CUST0403,Priya Verma,Chennai,Tamil Nadu,Speaker,Electronics,1,39285,5,39285,3510.87,2025-05-03
ORD04996,CUST0153,Aarav Verma,Pune,Maharashtra,Keyboard,Accessories,2,41955,10,83910,22605.27,2025-06-22
ORD04997,CUST0881,Sneha Naidu,Hyderabad,Telangana,Webcam,Accessories,5,14680,0,73400,10597.48,2025-01-10
ORD04998,CUST0950,Vihaan Kumar,Delhi,Delhi,Mouse,Accessories,3,14378,15,43134,7493.97,2025-02-23
ORD04999,CUST0631,Diya Sharma,Chennai,Tamil Nadu,Keyboard,Accessories,1,28189,20,28189,7843.44,2025-06-25
ORD05000,CUST0800,Aarav Reddy,Bangalore,Karnataka,Keyboard,Accessories,2,25059,10,50118,9849.86,2025-04-06
